"date_utc","date_time_utc","PLENTY_price"
2021-06-03,"2021-06-03 00:00:05",2.55077716843195
2021-06-03,"2021-06-03 00:10:04",2.57356964801435
2021-06-03,"2021-06-03 00:20:04",2.57146866561014
2021-06-03,"2021-06-03 00:30:03",2.56249699742896
2021-06-03,"2021-06-03 00:40:04",2.56438152717705
2021-06-03,"2021-06-03 00:50:04",2.56750494352933
2021-06-03,"2021-06-03 01:00:04",2.56687165958423
2021-06-03,"2021-06-03 01:10:04",2.56504922115141
2021-06-03,"2021-06-03 01:20:04",2.56622878969685
2021-06-03,"2021-06-03 01:30:04",2.5570186141732
2021-06-03,"2021-06-03 01:40:04",2.55757070265524
2021-06-03,"2021-06-03 01:50:04",2.55333077230275
2021-06-03,"2021-06-03 02:00:04",2.55153109441226
2021-06-03,"2021-06-03 02:10:04",2.54929264755745
2021-06-03,"2021-06-03 02:20:04",2.54425991237773
2021-06-03,"2021-06-03 02:30:04",2.54910412032308
2021-06-03,"2021-06-03 02:40:04",2.5373006790354
2021-06-03,"2021-06-03 02:50:04",2.5343044185781
2021-06-03,"2021-06-03 03:00:04",2.54329237567041
2021-06-03,"2021-06-03 03:10:03",2.54144348808644
2021-06-03,"2021-06-03 03:20:04",2.53356481020687
2021-06-03,"2021-06-03 03:30:04",2.54050724436338
2021-06-03,"2021-06-03 03:40:04",2.53644530992264
2021-06-03,"2021-06-03 03:50:04",2.5083291684516
2021-06-03,"2021-06-03 04:00:05",2.49120675052573
2021-06-03,"2021-06-03 04:10:04",2.48296601808441
2021-06-03,"2021-06-03 04:20:04",2.47741245412932
2021-06-03,"2021-06-03 04:30:03",2.47408743105523
2021-06-03,"2021-06-03 04:40:03",2.475664249073
2021-06-03,"2021-06-03 04:50:04",2.45907086595692
2021-06-03,"2021-06-03 05:00:04",2.45218010750275
2021-06-03,"2021-06-03 05:10:04",2.45014783295104
2021-06-03,"2021-06-03 05:20:04",2.44249756164593
2021-06-03,"2021-06-03 05:30:03",2.44180067189878
2021-06-03,"2021-06-03 05:40:03",2.43736633662199
2021-06-03,"2021-06-03 05:50:04",2.42794554455546
2021-06-03,"2021-06-03 06:00:04",2.50563301322891
2021-06-03,"2021-06-03 06:10:04",2.50188558036856
2021-06-03,"2021-06-03 06:20:04",2.50191698058866
2021-06-03,"2021-06-03 06:30:04",2.49183548484176
2021-06-03,"2021-06-03 06:40:04",2.49127388498948
2021-06-03,"2021-06-03 06:50:04",2.46915757786255
2021-06-03,"2021-06-03 07:00:05",2.40992118329032
2021-06-03,"2021-06-03 07:10:04",2.40331796843722
2021-06-03,"2021-06-03 07:20:04",2.40079283312841
2021-06-03,"2021-06-03 07:30:04",2.38542293120909
2021-06-03,"2021-06-03 07:40:04",2.40226674525154
2021-06-03,"2021-06-03 07:50:03",2.35945299918155
2021-06-03,"2021-06-03 08:00:04",2.36906588608063
2021-06-03,"2021-06-03 08:10:04",2.28563362668346
2021-06-03,"2021-06-03 08:20:04",2.24998771606555
2021-06-03,"2021-06-03 08:30:04",2.24418494207762
2021-06-03,"2021-06-03 08:40:04",2.24182830643929
2021-06-03,"2021-06-03 08:50:04",2.24428327525081
2021-06-03,"2021-06-03 09:00:04",2.23681251684919
2021-06-03,"2021-06-03 09:10:03",2.23563672641672
2021-06-03,"2021-06-03 09:20:04",2.22101884057029
2021-06-03,"2021-06-03 09:30:03",2.21202412828626
2021-06-03,"2021-06-03 09:40:04",2.21167759071405
2021-06-03,"2021-06-03 09:50:04",2.21090643393676
2021-06-03,"2021-06-03 10:00:05",2.20559776894997
2021-06-03,"2021-06-03 10:10:03",2.18791121549079
2021-06-03,"2021-06-03 10:20:04",2.18744727739696
2021-06-03,"2021-06-03 10:30:04",2.18487500380254
2021-06-03,"2021-06-03 10:40:04",2.17070949517525
2021-06-03,"2021-06-03 10:50:04",2.16941258820959
2021-06-03,"2021-06-03 11:00:04",2.1689856041769
2021-06-03,"2021-06-03 11:10:04",2.16841073963962
2021-06-03,"2021-06-03 11:20:03",2.12689325215723
2021-06-03,"2021-06-03 11:30:04",2.1197682859626
2021-06-03,"2021-06-03 11:40:04",2.1183823060671
2021-06-03,"2021-06-03 11:50:04",2.14265528513162
2021-06-03,"2021-06-03 12:00:05",2.10568590901743
2021-06-03,"2021-06-03 12:10:04",2.10557046319669
2021-06-03,"2021-06-03 12:20:03",2.09938842029616
2021-06-03,"2021-06-03 12:30:04",2.0898735637434
2021-06-03,"2021-06-03 12:40:03",2.09067171965027
2021-06-03,"2021-06-03 12:50:04",2.08600227007505
2021-06-03,"2021-06-03 13:00:04",2.08268179778388
2021-06-03,"2021-06-03 13:10:03",2.07973566881133
2021-06-03,"2021-06-03 13:20:04",2.08131199707664
2021-06-03,"2021-06-03 13:30:04",2.07742876735413
2021-06-03,"2021-06-03 13:40:04",2.03866215520572
2021-06-03,"2021-06-03 13:50:04",2.00895007479856
2021-06-03,"2021-06-03 14:00:05",1.99814309580328
2021-06-03,"2021-06-03 14:10:04",1.99407596818101
2021-06-03,"2021-06-03 14:20:04",1.97467180960541
2021-06-03,"2021-06-03 14:30:04",1.91096141085613
2021-06-03,"2021-06-03 14:40:03",1.90578125074544
2021-06-03,"2021-06-03 14:50:04",1.63765521914548
2021-06-03,"2021-06-03 15:00:05",1.63531954498146
2021-06-03,"2021-06-03 15:10:04",1.63246309054123
2021-06-03,"2021-06-03 15:20:04",1.62921402113451
2021-06-03,"2021-06-03 15:30:04",1.62248466348305
2021-06-03,"2021-06-03 15:40:04",1.6211762615496
2021-06-03,"2021-06-03 15:50:04",1.61282992102427
2021-06-03,"2021-06-03 16:00:05",1.60170596022986
2021-06-03,"2021-06-03 16:10:04",1.5882891085414
2021-06-03,"2021-06-03 16:20:04",1.62194835768316
2021-06-03,"2021-06-03 16:30:04",1.65008326574325
2021-06-03,"2021-06-03 16:40:04",1.64726806302315
2021-06-03,"2021-06-03 16:50:03",1.64461441929933
2021-06-03,"2021-06-03 17:00:05",1.63601545618799
2021-06-03,"2021-06-03 17:10:03",1.63584950032856
2021-06-03,"2021-06-03 17:20:03",1.63355797190222
2021-06-03,"2021-06-03 17:30:04",1.63454335592376
2021-06-03,"2021-06-03 17:40:04",1.60588282474332
2021-06-03,"2021-06-03 17:50:03",1.60515022356037
2021-06-03,"2021-06-03 18:00:04",1.60264888243937
2021-06-03,"2021-06-03 18:10:04",1.60102818326611
2021-06-03,"2021-06-03 18:20:04",1.58801135291779
2021-06-03,"2021-06-03 18:30:04",1.57929186167415
2021-06-03,"2021-06-03 18:40:03",1.58380690036164
2021-06-03,"2021-06-03 18:50:03",1.58141864544524
2021-06-03,"2021-06-03 19:00:04",1.58376600903195
2021-06-03,"2021-06-03 19:10:03",1.58548863331689
2021-06-03,"2021-06-03 19:20:04",1.58430888210382
2021-06-03,"2021-06-03 19:30:04",1.59917373414152
2021-06-03,"2021-06-03 19:40:03",1.59913217317258
2021-06-03,"2021-06-03 19:50:03",1.60226949357216
2021-06-03,"2021-06-03 20:00:04",1.61094741823639
2021-06-03,"2021-06-03 20:10:03",1.6087820518663
2021-06-03,"2021-06-03 20:20:04",1.60778580096524
2021-06-03,"2021-06-03 20:30:04",1.60772376132982
2021-06-03,"2021-06-03 20:40:04",1.68359508499372
2021-06-03,"2021-06-03 20:50:03",1.68685214027573
2021-06-03,"2021-06-03 21:00:05",1.68538936464954
2021-06-03,"2021-06-03 21:10:04",1.6794872782268
2021-06-03,"2021-06-03 21:20:04",1.67918732341053
2021-06-03,"2021-06-03 21:30:04",1.68272215414874
2021-06-03,"2021-06-03 21:40:03",1.68519379894297
2021-06-03,"2021-06-03 21:50:04",1.68356122971622
2021-06-03,"2021-06-03 22:00:04",1.67125409813671
2021-06-03,"2021-06-03 22:10:03",1.6711528016033
2021-06-03,"2021-06-03 22:20:03",1.67188334250386
2021-06-03,"2021-06-03 22:30:04",1.67351516575249
2021-06-03,"2021-06-03 22:40:03",1.67232513243757
2021-06-03,"2021-06-03 22:50:04",1.67153140008248
2021-06-03,"2021-06-03 23:00:05",1.67439323848767
2021-06-03,"2021-06-03 23:10:04",1.67393556678431
2021-06-03,"2021-06-03 23:20:03",1.67423412416251
2021-06-03,"2021-06-03 23:30:04",1.66748663203063
2021-06-03,"2021-06-03 23:40:04",1.67049831440185
2021-06-03,"2021-06-03 23:50:04",1.8590220910634
2021-06-04,"2021-06-04 00:00:04",1.85471538571987
2021-06-04,"2021-06-04 00:10:03",1.85417257541041
2021-06-04,"2021-06-04 00:20:03",1.85394340111189
2021-06-04,"2021-06-04 00:30:03",1.85229342713867
2021-06-04,"2021-06-04 00:40:04",1.84996934216009
2021-06-04,"2021-06-04 00:50:04",1.83819432685477
2021-06-04,"2021-06-04 01:00:04",1.83972318950459
2021-06-04,"2021-06-04 01:10:03",1.83841307080529
2021-06-04,"2021-06-04 01:20:03",1.83405073144375
2021-06-04,"2021-06-04 01:30:03",1.83259701013974
2021-06-04,"2021-06-04 01:40:03",1.83030735258193
2021-06-04,"2021-06-04 01:50:04",1.83017031018526
2021-06-04,"2021-06-04 02:00:05",1.86600321085717
2021-06-04,"2021-06-04 02:10:04",1.86566132550777
2021-06-04,"2021-06-04 02:20:03",1.86550875510158
2021-06-04,"2021-06-04 02:30:04",1.86569386550769
2021-06-04,"2021-06-04 02:40:04",1.86216694877266
2021-06-04,"2021-06-04 02:50:04",1.82467791356025
2021-06-04,"2021-06-04 03:00:04",1.82237330655674
2021-06-04,"2021-06-04 03:10:03",1.80982116785353
2021-06-04,"2021-06-04 03:20:04",1.81176045569785
2021-06-04,"2021-06-04 03:30:04",1.81402781288144
2021-06-04,"2021-06-04 03:40:04",1.81294270685495
2021-06-04,"2021-06-04 03:50:04",1.80891905686081
2021-06-04,"2021-06-04 04:00:04",1.80847824509099
2021-06-04,"2021-06-04 04:10:03",1.80388706329604
2021-06-04,"2021-06-04 04:20:03",1.80201333146341
2021-06-04,"2021-06-04 04:30:04",1.78428156416776
2021-06-04,"2021-06-04 04:40:04",1.7832996255665
2021-06-04,"2021-06-04 04:50:04",1.78233676974642
2021-06-04,"2021-06-04 05:00:05",1.78222976617238
2021-06-04,"2021-06-04 05:10:04",1.7895595868083
2021-06-04,"2021-06-04 05:20:04",1.78545868709566
2021-06-04,"2021-06-04 05:30:04",1.78729199199279
2021-06-04,"2021-06-04 05:40:03",1.78725628777188
2021-06-04,"2021-06-04 05:50:04",1.78869118210594
2021-06-04,"2021-06-04 06:00:04",1.78528588351679
2021-06-04,"2021-06-04 06:10:04",1.78417359089322
2021-06-04,"2021-06-04 06:20:04",1.76149222254371
2021-06-04,"2021-06-04 06:30:04",1.74832006646543
2021-06-04,"2021-06-04 06:40:04",1.74647700090343
2021-06-04,"2021-06-04 06:50:04",1.74226063077586
2021-06-04,"2021-06-04 07:00:05",1.739536967282
2021-06-04,"2021-06-04 07:10:04",1.73547103444168
2021-06-04,"2021-06-04 07:20:04",1.73046109764859
2021-06-04,"2021-06-04 07:30:04",1.72652135555431
2021-06-04,"2021-06-04 07:40:04",1.72434044129421
2021-06-04,"2021-06-04 07:50:04",1.71974713482788
2021-06-04,"2021-06-04 08:00:04",1.71440009119567
2021-06-04,"2021-06-04 08:10:04",1.71420096655314
2021-06-04,"2021-06-04 08:20:04",1.7081995027401
2021-06-04,"2021-06-04 08:30:04",1.70795377138068
2021-06-04,"2021-06-04 08:40:03",1.70753208942014
2021-06-04,"2021-06-04 08:50:04",1.70642216787707
2021-06-04,"2021-06-04 09:00:05",1.70653874826396
2021-06-04,"2021-06-04 09:10:04",1.70498021041026
2021-06-04,"2021-06-04 09:20:03",1.70421795829574
2021-06-04,"2021-06-04 09:30:04",1.67477234879197
2021-06-04,"2021-06-04 09:40:04",1.67258154289713
2021-06-04,"2021-06-04 09:50:04",1.67198151499063
2021-06-04,"2021-06-04 10:00:04",1.67170214382987
2021-06-04,"2021-06-04 10:10:04",1.66494719576317
2021-06-04,"2021-06-04 10:20:04",1.66492136960158
2021-06-04,"2021-06-04 10:30:04",1.65844339098058
2021-06-04,"2021-06-04 10:40:04",1.65786421705511
2021-06-04,"2021-06-04 10:50:04",1.65614119766448
2021-06-04,"2021-06-04 11:00:04",1.65777867095524
2021-06-04,"2021-06-04 11:10:03",1.66626535879742
2021-06-04,"2021-06-04 11:20:04",1.66624138795238
2021-06-04,"2021-06-04 11:30:04",1.66407973207649
2021-06-04,"2021-06-04 11:40:03",1.67316903143986
2021-06-04,"2021-06-04 11:50:03",1.67208381543214
2021-06-04,"2021-06-04 12:00:04",1.67063206207817
2021-06-04,"2021-06-04 12:10:03",1.66900156257413
2021-06-04,"2021-06-04 12:20:04",1.67440502533423
2021-06-04,"2021-06-04 12:30:03",1.67431109456635
2021-06-04,"2021-06-04 12:40:04",1.6637066503065
2021-06-04,"2021-06-04 12:50:03",1.65105764267836
2021-06-04,"2021-06-04 13:00:05",1.65103931145781
2021-06-04,"2021-06-04 13:10:03",1.64646765120504
2021-06-04,"2021-06-04 13:20:04",1.64217644785654
2021-06-04,"2021-06-04 13:30:04",1.63979700344176
2021-06-04,"2021-06-04 13:40:03",1.63978017501174
2021-06-04,"2021-06-04 13:50:03",1.62624853449513
2021-06-04,"2021-06-04 14:00:04",1.61656761729008
2021-06-04,"2021-06-04 14:10:04",1.61252040112018
2021-06-04,"2021-06-04 14:20:04",1.60549474796055
2021-06-04,"2021-06-04 14:30:04",1.60511550635902
2021-06-04,"2021-06-04 14:40:03",1.60268907486897
2021-06-04,"2021-06-04 14:50:04",1.59994474903558
2021-06-04,"2021-06-04 15:00:05",1.60784844801785
2021-06-04,"2021-06-04 15:10:04",1.62357822062895
2021-06-04,"2021-06-04 15:20:04",1.62075192591311
2021-06-04,"2021-06-04 15:30:04",1.61673233140517
2021-06-04,"2021-06-04 15:40:04",1.61519307974802
2021-06-04,"2021-06-04 15:50:04",1.61373001603291
2021-06-04,"2021-06-04 16:00:05",1.61332746806118
2021-06-04,"2021-06-04 16:10:03",1.61670482858711
2021-06-04,"2021-06-04 16:20:04",1.61613736461806
2021-06-04,"2021-06-04 16:30:04",1.60880688847888
2021-06-04,"2021-06-04 16:40:03",1.60030547217391
2021-06-04,"2021-06-04 16:50:04",1.60194967286032
2021-06-04,"2021-06-04 17:00:04",1.59938207080576
2021-06-04,"2021-06-04 17:10:04",1.59269983523484
2021-06-04,"2021-06-04 17:20:03",1.59260142962915
2021-06-04,"2021-06-04 17:30:04",1.58819908844365
2021-06-04,"2021-06-04 17:40:03",1.58221279254743
2021-06-04,"2021-06-04 17:50:04",1.57387099174998
2021-06-04,"2021-06-04 18:00:04",1.57352133637712
2021-06-04,"2021-06-04 18:10:03",1.57292111679543
2021-06-04,"2021-06-04 18:20:04",1.57120075378037
2021-06-04,"2021-06-04 18:30:04",1.57071794923254
2021-06-04,"2021-06-04 18:40:03",1.56918320546642
2021-06-04,"2021-06-04 18:50:04",1.57967838654642
2021-06-04,"2021-06-04 19:00:04",1.57751582463095
2021-06-04,"2021-06-04 19:10:03",1.57587970183869
2021-06-04,"2021-06-04 19:20:04",1.57072529380104
2021-06-04,"2021-06-04 19:30:04",1.57032029510299
2021-06-04,"2021-06-04 19:40:04",1.56739127476996
2021-06-04,"2021-06-04 19:50:03",1.56189227209492
2021-06-04,"2021-06-04 20:00:04",1.55171181903272
2021-06-04,"2021-06-04 20:10:04",1.54886338274484
2021-06-04,"2021-06-04 20:20:04",1.54414222644785
2021-06-04,"2021-06-04 20:30:04",1.54320349350625
2021-06-04,"2021-06-04 20:40:04",1.54268947130338
2021-06-04,"2021-06-04 20:50:03",1.54153255604856
2021-06-04,"2021-06-04 21:00:05",1.5416046789572
2021-06-04,"2021-06-04 21:10:04",1.5432023050796
2021-06-04,"2021-06-04 21:20:04",1.54553737624931
2021-06-04,"2021-06-04 21:30:04",1.54314925601612
2021-06-04,"2021-06-04 21:40:03",1.53716834305306
2021-06-04,"2021-06-04 21:50:04",1.53701972371008
2021-06-04,"2021-06-04 22:00:04",1.53677326289985
2021-06-04,"2021-06-04 22:10:03",1.53131346344808
2021-06-04,"2021-06-04 22:20:04",1.52841926350482
2021-06-04,"2021-06-04 22:30:04",1.52198815523488
2021-06-04,"2021-06-04 22:40:03",1.49939108430346
2021-06-04,"2021-06-04 22:50:03",1.49755170967185
2021-06-04,"2021-06-04 23:00:04",1.50066409184365
2021-06-04,"2021-06-04 23:10:03",1.49981682148624
2021-06-04,"2021-06-04 23:20:03",1.4934043277441
2021-06-04,"2021-06-04 23:30:04",1.49262293130212
2021-06-04,"2021-06-04 23:40:04",1.48919859930297
2021-06-04,"2021-06-04 23:50:03",1.48891027000281
2021-06-05,"2021-06-05 00:00:05",1.48931118764978
2021-06-05,"2021-06-05 00:10:03",1.48694104677492
2021-06-05,"2021-06-05 00:20:03",1.48603018773056
2021-06-05,"2021-06-05 00:30:04",1.49541919599726
2021-06-05,"2021-06-05 00:40:03",1.49473365356046
2021-06-05,"2021-06-05 00:50:04",1.49178206084555
2021-06-05,"2021-06-05 01:00:05",1.48862817256016
2021-06-05,"2021-06-05 01:10:03",1.48697697619538
2021-06-05,"2021-06-05 01:20:04",1.48690178004422
2021-06-05,"2021-06-05 01:30:03",1.48598157407001
2021-06-05,"2021-06-05 01:40:04",1.47803202424005
2021-06-05,"2021-06-05 01:50:04",1.48904931181361
2021-06-05,"2021-06-05 02:00:04",1.48668183887381
2021-06-05,"2021-06-05 02:10:04",1.48602012362221
2021-06-05,"2021-06-05 02:20:03",1.48629723317337
2021-06-05,"2021-06-05 02:30:04",1.48440023599496
2021-06-05,"2021-06-05 02:40:03",1.48985235482408
2021-06-05,"2021-06-05 02:50:03",1.48989318913472
2021-06-05,"2021-06-05 03:00:05",1.48966817288063
2021-06-05,"2021-06-05 03:10:03",1.4876291976804
2021-06-05,"2021-06-05 03:20:03",1.4856222447625
2021-06-05,"2021-06-05 03:30:04",1.48465656192175
2021-06-05,"2021-06-05 03:40:04",1.47505439702883
2021-06-05,"2021-06-05 03:50:03",1.47457670482743
2021-06-05,"2021-06-05 04:00:04",1.47128805771158
2021-06-05,"2021-06-05 04:10:03",1.46827542027817
2021-06-05,"2021-06-05 04:20:03",1.55422523676875
2021-06-05,"2021-06-05 04:30:04",1.54609519576481
2021-06-05,"2021-06-05 04:40:04",1.54241124929139
2021-06-05,"2021-06-05 04:50:03",1.52660983479088
2021-06-05,"2021-06-05 05:00:04",1.52603085578964
2021-06-05,"2021-06-05 05:10:04",1.52397890126608
2021-06-05,"2021-06-05 05:20:03",1.52250343708013
2021-06-05,"2021-06-05 05:30:04",1.51648665299367
2021-06-05,"2021-06-05 05:40:03",1.51216966716775
2021-06-05,"2021-06-05 05:50:04",1.50456527263098
2021-06-05,"2021-06-05 06:00:04",1.50358288589041
2021-06-05,"2021-06-05 06:10:04",1.49982165841896
2021-06-05,"2021-06-05 06:20:04",1.49527008206418
2021-06-05,"2021-06-05 06:30:04",1.4910107910221
2021-06-05,"2021-06-05 06:40:03",1.48781720583092
2021-06-05,"2021-06-05 06:50:04",1.48242864646267
2021-06-05,"2021-06-05 07:00:04",1.48205804952351
2021-06-05,"2021-06-05 07:10:04",1.48065558763109
2021-06-05,"2021-06-05 07:20:03",1.47778814937552
2021-06-05,"2021-06-05 07:30:04",1.47664575469505
2021-06-05,"2021-06-05 07:40:03",1.47378949628688
2021-06-05,"2021-06-05 07:50:03",1.47358794935474
2021-06-05,"2021-06-05 08:00:05",1.47150219424546
2021-06-05,"2021-06-05 08:10:04",1.47017077444682
2021-06-05,"2021-06-05 08:20:03",1.46696549776266
2021-06-05,"2021-06-05 08:30:04",1.46542019328589
2021-06-05,"2021-06-05 08:40:04",1.47707332683549
2021-06-05,"2021-06-05 08:50:04",1.47331672544274
2021-06-05,"2021-06-05 09:00:04",1.45835634074051
2021-06-05,"2021-06-05 09:10:04",1.4579719161044
2021-06-05,"2021-06-05 09:20:04",1.45735900602348
2021-06-05,"2021-06-05 09:30:04",1.45735900604856
2021-06-05,"2021-06-05 09:40:03",1.4561347298532
2021-06-05,"2021-06-05 09:50:03",1.45278646996352
2021-06-05,"2021-06-05 10:00:04",1.45220201368738
2021-06-05,"2021-06-05 10:10:04",1.45159962616912
2021-06-05,"2021-06-05 10:20:04",1.44832710689845
2021-06-05,"2021-06-05 10:30:04",1.44720584699001
2021-06-05,"2021-06-05 10:40:04",1.44618623382964
2021-06-05,"2021-06-05 10:50:03",1.44291639515709
2021-06-05,"2021-06-05 11:00:05",1.4403773153077
2021-06-05,"2021-06-05 11:10:03",1.43827617211136
2021-06-05,"2021-06-05 11:20:04",1.43694765125614
2021-06-05,"2021-06-05 11:30:04",1.4368932281685
2021-06-05,"2021-06-05 11:40:04",1.43730692469912
2021-06-05,"2021-06-05 11:50:04",1.43709033512816
2021-06-05,"2021-06-05 12:00:05",1.43469835777998
2021-06-05,"2021-06-05 12:10:04",1.43418769253484
2021-06-05,"2021-06-05 12:20:03",1.43275299479497
2021-06-05,"2021-06-05 12:30:04",1.43192347701626
2021-06-05,"2021-06-05 12:40:03",1.42070432619103
2021-06-05,"2021-06-05 12:50:04",1.40790620109781
2021-06-05,"2021-06-05 13:00:05",1.40536359849766
2021-06-05,"2021-06-05 13:10:04",1.40220718528951
2021-06-05,"2021-06-05 13:20:04",1.39128842096579
2021-06-05,"2021-06-05 13:30:04",1.39087628296083
2021-06-05,"2021-06-05 13:40:04",1.38179677085493
2021-06-05,"2021-06-05 13:50:03",1.37390441224861
2021-06-05,"2021-06-05 14:00:04",1.37226660459291
2021-06-05,"2021-06-05 14:10:04",1.38053732531079
2021-06-05,"2021-06-05 14:20:04",1.44964467221423
2021-06-05,"2021-06-05 14:30:04",1.44767712961746
2021-06-05,"2021-06-05 14:40:04",1.44546373238823
2021-06-05,"2021-06-05 14:50:04",1.44024413140797
2021-06-05,"2021-06-05 15:00:05",1.43486802386746
2021-06-05,"2021-06-05 15:10:04",1.43375701155702
2021-06-05,"2021-06-05 15:20:04",1.43694595862447
2021-06-05,"2021-06-05 15:30:04",1.43360679103505
2021-06-05,"2021-06-05 15:40:04",1.43131527364416
2021-06-05,"2021-06-05 15:50:04",1.42755666060585
2021-06-05,"2021-06-05 16:00:04",1.42140859867604
2021-06-05,"2021-06-05 16:10:04",1.419739300691
2021-06-05,"2021-06-05 16:20:04",1.41838284299268
2021-06-05,"2021-06-05 16:30:04",1.41734860571005
2021-06-05,"2021-06-05 16:40:03",1.41755458441485
2021-06-05,"2021-06-05 16:50:04",1.41643380281363
2021-06-05,"2021-06-05 17:00:04",1.41570885312988
2021-06-05,"2021-06-05 17:10:03",1.4152658737663
2021-06-05,"2021-06-05 17:20:04",1.39833337281574
2021-06-05,"2021-06-05 17:30:04",1.39512204385641
2021-06-05,"2021-06-05 17:40:03",1.37376457927843
2021-06-05,"2021-06-05 17:50:04",1.36622442214726
2021-06-05,"2021-06-05 18:00:05",1.36649322108743
2021-06-05,"2021-06-05 18:10:04",1.37148393803507
2021-06-05,"2021-06-05 18:20:03",1.37117208653713
2021-06-05,"2021-06-05 18:30:04",1.37002231211892
2021-06-05,"2021-06-05 18:40:03",1.36947667079464
2021-06-05,"2021-06-05 18:50:04",1.3647355015777
2021-06-05,"2021-06-05 19:00:04",1.35284269373626
2021-06-05,"2021-06-05 19:10:03",1.3529290772043
2021-06-05,"2021-06-05 19:20:04",1.3378585160571
2021-06-05,"2021-06-05 19:30:04",1.33341444957804
2021-06-05,"2021-06-05 19:40:03",1.31966051757009
2021-06-05,"2021-06-05 19:50:04",1.31586331685861
2021-06-05,"2021-06-05 20:00:04",1.31580741225191
2021-06-05,"2021-06-05 20:10:03",1.31117353706043
2021-06-05,"2021-06-05 20:20:04",1.31609400614468
2021-06-05,"2021-06-05 20:30:04",1.31533285052897
2021-06-05,"2021-06-05 20:40:03",1.32020063381943
2021-06-05,"2021-06-05 20:50:03",1.31987959394288
2021-06-05,"2021-06-05 21:00:05",1.31590980809172
2021-06-05,"2021-06-05 21:10:03",1.31585162725208
2021-06-05,"2021-06-05 21:20:03",1.24644409598009
2021-06-05,"2021-06-05 21:30:04",1.24478604868716
2021-06-05,"2021-06-05 21:40:04",1.24434000902102
2021-06-05,"2021-06-05 21:50:04",1.24216861498696
2021-06-05,"2021-06-05 22:00:04",1.21852713733331
2021-06-05,"2021-06-05 22:10:03",1.2115915236406
2021-06-05,"2021-06-05 22:20:03",1.21046155119167
2021-06-05,"2021-06-05 22:30:03",1.2084917372277
2021-06-05,"2021-06-05 22:40:03",1.20652594889738
2021-06-05,"2021-06-05 22:50:03",1.20608851377877
2021-06-05,"2021-06-05 23:00:04",1.20371472493499
2021-06-05,"2021-06-05 23:10:04",1.20334446798088
2021-06-05,"2021-06-05 23:20:03",1.20200342527084
2021-06-05,"2021-06-05 23:30:04",1.20168131057648
2021-06-05,"2021-06-05 23:40:04",1.19946706001229
2021-06-05,"2021-06-05 23:50:03",1.19658785521526
2021-06-06,"2021-06-06 00:00:04",1.19555844971071
2021-06-06,"2021-06-06 00:10:03",1.19410836739477
2021-06-06,"2021-06-06 00:20:04",1.19310967604681
2021-06-06,"2021-06-06 00:30:04",1.19144581139574
2021-06-06,"2021-06-06 00:40:03",1.18961172929843
2021-06-06,"2021-06-06 00:50:04",1.18856129887637
2021-06-06,"2021-06-06 01:00:04",1.1848623671425
2021-06-06,"2021-06-06 01:10:04",1.18098250072457
2021-06-06,"2021-06-06 01:20:04",1.17672032936243
2021-06-06,"2021-06-06 01:30:04",1.1756815835346
2021-06-06,"2021-06-06 01:40:04",1.17399662107617
2021-06-06,"2021-06-06 01:50:04",1.17306831847679
2021-06-06,"2021-06-06 02:00:04",1.17323791249187
2021-06-06,"2021-06-06 02:10:04",1.17268000565759
2021-06-06,"2021-06-06 02:20:04",1.17131460707747
2021-06-06,"2021-06-06 02:30:04",1.16633467871214
2021-06-06,"2021-06-06 02:40:04",1.15620217311661
2021-06-06,"2021-06-06 02:50:03",1.15711050112739
2021-06-06,"2021-06-06 03:00:04",1.1478739446683
2021-06-06,"2021-06-06 03:10:04",1.14050761466699
2021-06-06,"2021-06-06 03:20:04",1.13706508167523
2021-06-06,"2021-06-06 03:30:04",1.13599506819437
2021-06-06,"2021-06-06 03:40:04",1.13506889353761
2021-06-06,"2021-06-06 03:50:03",1.12692657974283
2021-06-06,"2021-06-06 04:00:05",1.12653028387836
2021-06-06,"2021-06-06 04:10:04",1.12685980588976
2021-06-06,"2021-06-06 04:20:03",1.12325465680147
2021-06-06,"2021-06-06 04:30:03",1.12120815721737
2021-06-06,"2021-06-06 04:40:04",1.11245055914613
2021-06-06,"2021-06-06 04:50:03",1.09333160505523
2021-06-06,"2021-06-06 05:00:04",1.08896359064252
2021-06-06,"2021-06-06 05:10:04",1.08887329093057
2021-06-06,"2021-06-06 05:20:04",1.08866587903402
2021-06-06,"2021-06-06 05:30:04",1.08856082932466
2021-06-06,"2021-06-06 05:40:04",1.08721086583469
2021-06-06,"2021-06-06 05:50:03",1.08574261142014
2021-06-06,"2021-06-06 06:00:04",1.08556377421187
2021-06-06,"2021-06-06 06:10:03",1.08542993318823
2021-06-06,"2021-06-06 06:20:03",1.06876948429772
2021-06-06,"2021-06-06 06:30:04",1.06744588520949
2021-06-06,"2021-06-06 06:40:04",1.06291575149142
2021-06-06,"2021-06-06 06:50:03",1.04726634357734
2021-06-06,"2021-06-06 07:00:04",1.04504515786269
2021-06-06,"2021-06-06 07:10:03",1.04446192763666
2021-06-06,"2021-06-06 07:20:03",1.04423640981364
2021-06-06,"2021-06-06 07:30:04",1.04204857282092
2021-06-06,"2021-06-06 07:40:03",1.04175651112657
2021-06-06,"2021-06-06 07:50:03",1.03855100021229
2021-06-06,"2021-06-06 08:00:05",1.03549016329401
2021-06-06,"2021-06-06 08:10:04",1.03549016334327
2021-06-06,"2021-06-06 08:20:03",1.03475130752254
2021-06-06,"2021-06-06 08:30:04",1.03141021983151
2021-06-06,"2021-06-06 08:40:04",1.03255062622324
2021-06-06,"2021-06-06 08:50:03",1.02984157653859
2021-06-06,"2021-06-06 09:00:04",1.02919728928059
2021-06-06,"2021-06-06 09:10:03",1.01677860242643
2021-06-06,"2021-06-06 09:20:04",1.01368341965346
2021-06-06,"2021-06-06 09:30:03",1.02767583932192
2021-06-06,"2021-06-06 09:40:04",1.02597830324328
2021-06-06,"2021-06-06 09:50:04",1.02008163208299
2021-06-06,"2021-06-06 10:00:04",1.01683934564973
2021-06-06,"2021-06-06 10:10:04",1.01588635403291
2021-06-06,"2021-06-06 10:20:04",1.01525060357879
2021-06-06,"2021-06-06 10:30:03",1.01511331765959
2021-06-06,"2021-06-06 10:40:04",1.0148904289394
2021-06-06,"2021-06-06 10:50:03",1.00996428026698
2021-06-06,"2021-06-06 11:00:05",1.00974364118408
2021-06-06,"2021-06-06 11:10:03",1.00940801322911
2021-06-06,"2021-06-06 11:20:04",1.00916333166305
2021-06-06,"2021-06-06 11:30:03",1.0079990464498
2021-06-06,"2021-06-06 11:40:04",0.999367658608774
2021-06-06,"2021-06-06 11:50:04",0.999313852606545
2021-06-06,"2021-06-06 12:00:05",0.998953455196467
2021-06-06,"2021-06-06 12:10:04",0.997202931400628
2021-06-06,"2021-06-06 12:20:03",0.994481565789432
2021-06-06,"2021-06-06 12:30:04",0.993567079352075
2021-06-06,"2021-06-06 12:40:04",0.99278260465271
2021-06-06,"2021-06-06 12:50:04",0.994139782591033
2021-06-06,"2021-06-06 13:00:05",0.992693947999273
2021-06-06,"2021-06-06 13:10:03",0.994791048180904
2021-06-06,"2021-06-06 13:20:04",0.994389851817922
2021-06-06,"2021-06-06 13:30:03",0.993686636072129
2021-06-06,"2021-06-06 13:40:04",0.992163815013304
2021-06-06,"2021-06-06 13:50:04",0.987363151799365
2021-06-06,"2021-06-06 14:00:05",0.988237790354505
2021-06-06,"2021-06-06 14:10:04",0.978018862514732
2021-06-06,"2021-06-06 14:20:04",0.976638644081441
2021-06-06,"2021-06-06 14:30:04",0.978712420987989
2021-06-06,"2021-06-06 14:40:03",0.978261772190738
2021-06-06,"2021-06-06 14:50:04",0.978091783973356
2021-06-06,"2021-06-06 15:00:04",0.977490212086277
2021-06-06,"2021-06-06 15:10:04",0.977292090095594
2021-06-06,"2021-06-06 15:20:04",0.97651253900291
2021-06-06,"2021-06-06 15:30:03",0.977849164172758
2021-06-06,"2021-06-06 15:40:04",0.977734292820331
2021-06-06,"2021-06-06 15:50:04",0.977019840665697
2021-06-06,"2021-06-06 16:00:04",0.97652438306941
2021-06-06,"2021-06-06 16:10:04",0.976430758552487
2021-06-06,"2021-06-06 16:20:03",0.969056971436368
2021-06-06,"2021-06-06 16:30:04",0.968498061865146
2021-06-06,"2021-06-06 16:40:04",0.95961165491771
2021-06-06,"2021-06-06 16:50:04",0.958583419359176
2021-06-06,"2021-06-06 17:00:04",0.95687806750145
2021-06-06,"2021-06-06 17:10:04",0.956144861896154
2021-06-06,"2021-06-06 17:20:04",0.955758059562957
2021-06-06,"2021-06-06 17:30:03",0.955588390106202
2021-06-06,"2021-06-06 17:40:04",0.955291677309927
2021-06-06,"2021-06-06 17:50:03",0.952402126232364
2021-06-06,"2021-06-06 18:00:04",0.950928135440471
2021-06-06,"2021-06-06 18:10:04",0.950824717384236
2021-06-06,"2021-06-06 18:20:03",0.948609459423353
2021-06-06,"2021-06-06 18:30:04",0.954807816934389
2021-06-06,"2021-06-06 18:40:04",0.948140122712977
2021-06-06,"2021-06-06 18:50:04",0.946263675741367
2021-06-06,"2021-06-06 19:00:04",0.942162985796044
2021-06-06,"2021-06-06 19:10:04",0.937538537898956
2021-06-06,"2021-06-06 19:20:04",0.934269134870752
2021-06-06,"2021-06-06 19:30:04",0.92612305326095
2021-06-06,"2021-06-06 19:40:04",0.922902204458652
2021-06-06,"2021-06-06 19:50:04",0.920886593085229
2021-06-06,"2021-06-06 20:00:05",0.917536846115269
2021-06-06,"2021-06-06 20:10:03",0.915122019037776
2021-06-06,"2021-06-06 20:20:03",0.914468165366205
2021-06-06,"2021-06-06 20:30:04",0.914444332406717
2021-06-06,"2021-06-06 20:40:04",0.91340530122586
2021-06-06,"2021-06-06 20:50:03",0.91159127967317
2021-06-06,"2021-06-06 21:00:05",0.912207007160602
2021-06-06,"2021-06-06 21:10:04",0.907498904940489
2021-06-06,"2021-06-06 21:20:04",0.906855284594748
2021-06-06,"2021-06-06 21:30:03",0.905127185857799
2021-06-06,"2021-06-06 21:40:04",0.904277932839635
2021-06-06,"2021-06-06 21:50:04",0.904277932867924
2021-06-06,"2021-06-06 22:00:05",0.903067189298841
2021-06-06,"2021-06-06 22:10:04",0.90284972308535
2021-06-06,"2021-06-06 22:20:04",0.902161955492604
2021-06-06,"2021-06-06 22:30:04",0.90275772570337
2021-06-06,"2021-06-06 22:40:04",0.901417989370462
2021-06-06,"2021-06-06 22:50:04",0.900851677627429
2021-06-06,"2021-06-06 23:00:05",0.89656476698391
2021-06-06,"2021-06-06 23:10:04",0.892932133249021
2021-06-06,"2021-06-06 23:20:04",0.89271065360559
2021-06-06,"2021-06-06 23:30:04",0.89257115459963
2021-06-06,"2021-06-06 23:40:04",0.891853607962886
2021-06-06,"2021-06-06 23:50:04",0.89162438019131
2021-06-07,"2021-06-07 00:00:05",0.891109914636669
2021-06-07,"2021-06-07 00:10:04",0.890557931113349
2021-06-07,"2021-06-07 00:20:04",0.89044951624163
2021-06-07,"2021-06-07 00:30:04",0.89044951624163
2021-06-07,"2021-06-07 00:40:04",0.887645317270353
2021-06-07,"2021-06-07 00:50:04",0.887465371863889
2021-06-07,"2021-06-07 01:00:05",0.881532287049428
2021-06-07,"2021-06-07 01:10:03",0.880627958302044
2021-06-07,"2021-06-07 01:20:04",0.878621524123999
2021-06-07,"2021-06-07 01:30:04",0.877725673329674
2021-06-07,"2021-06-07 01:40:03",0.867259612133606
2021-06-07,"2021-06-07 01:50:03",0.865401981604116
2021-06-07,"2021-06-07 02:00:05",0.864393791662258
2021-06-07,"2021-06-07 02:10:04",0.863465810683591
2021-06-07,"2021-06-07 02:20:04",0.863524379434996
2021-06-07,"2021-06-07 02:30:04",0.862495049909348
2021-06-07,"2021-06-07 02:40:03",0.863545448201064
2021-06-07,"2021-06-07 02:50:04",0.85936565820804
2021-06-07,"2021-06-07 03:00:04",0.858299496280895
2021-06-07,"2021-06-07 03:10:04",0.857546184356684
2021-06-07,"2021-06-07 03:20:04",0.857135712989833
2021-06-07,"2021-06-07 03:30:04",0.855612766664999
2021-06-07,"2021-06-07 03:40:04",0.855253709343986
2021-06-07,"2021-06-07 03:50:03",0.854443418892501
2021-06-07,"2021-06-07 04:00:04",0.854414927331885
2021-06-07,"2021-06-07 04:10:04",0.852069810846099
2021-06-07,"2021-06-07 04:20:04",0.851589316753264
2021-06-07,"2021-06-07 04:30:03",0.850110641581658
2021-06-07,"2021-06-07 04:40:04",0.844756954971811
2021-06-07,"2021-06-07 04:50:04",0.839126214294655
2021-06-07,"2021-06-07 05:00:05",0.838524670497919
2021-06-07,"2021-06-07 05:10:04",0.835981594817741
2021-06-07,"2021-06-07 05:20:04",0.835144265672985
2021-06-07,"2021-06-07 05:30:04",0.847986322342935
2021-06-07,"2021-06-07 05:40:03",0.850067553013453
2021-06-07,"2021-06-07 05:50:04",0.852078288009582
2021-06-07,"2021-06-07 06:00:04",0.85139950777301
2021-06-07,"2021-06-07 06:10:04",0.851340511058448
2021-06-07,"2021-06-07 06:20:03",0.850279111145557
2021-06-07,"2021-06-07 06:30:04",0.850857320344107
2021-06-07,"2021-06-07 06:40:04",0.85005188466744
2021-06-07,"2021-06-07 06:50:04",0.848449444296577
2021-06-07,"2021-06-07 07:00:04",0.848297574160808
2021-06-07,"2021-06-07 07:10:03",0.845460978755594
2021-06-07,"2021-06-07 07:20:04",0.845232462745769
2021-06-07,"2021-06-07 07:30:04",0.844122059235439
2021-06-07,"2021-06-07 07:40:04",0.838336771384553
2021-06-07,"2021-06-07 07:50:03",0.837021863976075
2021-06-07,"2021-06-07 08:00:05",0.835154449324235
2021-06-07,"2021-06-07 08:10:04",0.8349918702789
2021-06-07,"2021-06-07 08:20:04",0.834525994162179
2021-06-07,"2021-06-07 08:30:04",0.834188078638443
2021-06-07,"2021-06-07 08:40:04",0.833241998933357
2021-06-07,"2021-06-07 08:50:04",0.832497337535377
2021-06-07,"2021-06-07 09:00:05",0.831902889646148
2021-06-07,"2021-06-07 09:10:03",0.831675006904556
2021-06-07,"2021-06-07 09:20:04",0.831541320087776
2021-06-07,"2021-06-07 09:30:04",0.845345954357079
2021-06-07,"2021-06-07 09:40:04",0.845112591475515
2021-06-07,"2021-06-07 09:50:04",0.844411992151511
2021-06-07,"2021-06-07 10:00:05",0.840886757986615
2021-06-07,"2021-06-07 10:10:04",0.837717995965199
2021-06-07,"2021-06-07 10:20:04",0.837219295946133
2021-06-07,"2021-06-07 10:30:03",0.835171205696254
2021-06-07,"2021-06-07 10:40:03",0.834408580702103
2021-06-07,"2021-06-07 10:50:03",0.834393578406679
2021-06-07,"2021-06-07 11:00:04",0.8342156781842
2021-06-07,"2021-06-07 11:10:03",0.833626977042773
2021-06-07,"2021-06-07 11:20:03",0.831188969045882
2021-06-07,"2021-06-07 11:30:04",0.830463364307019
2021-06-07,"2021-06-07 11:40:03",0.830266880402078
2021-06-07,"2021-06-07 11:50:04",0.829881896267871
2021-06-07,"2021-06-07 12:00:04",0.823819438756763
2021-06-07,"2021-06-07 12:10:03",0.821736976010784
2021-06-07,"2021-06-07 12:20:04",0.820771176784583
2021-06-07,"2021-06-07 12:30:04",0.820043928662116
2021-06-07,"2021-06-07 12:40:03",0.819273135010496
2021-06-07,"2021-06-07 12:50:04",0.816087903735983
2021-06-07,"2021-06-07 13:00:05",0.824342169818032
2021-06-07,"2021-06-07 13:10:04",0.822851429015234
2021-06-07,"2021-06-07 13:20:03",0.822353450160068
2021-06-07,"2021-06-07 13:30:04",0.822054441088024
2021-06-07,"2021-06-07 13:40:04",0.822610174110108
2021-06-07,"2021-06-07 13:50:04",0.822365241736191
2021-06-07,"2021-06-07 14:00:05",0.822185185959
2021-06-07,"2021-06-07 14:10:04",0.820104958963284
2021-06-07,"2021-06-07 14:20:03",0.819541078838901
2021-06-07,"2021-06-07 14:30:04",0.811974843286627
2021-06-07,"2021-06-07 14:40:03",0.81103419146545
2021-06-07,"2021-06-07 14:50:04",0.809754414360709
2021-06-07,"2021-06-07 15:00:04",0.807199110550166
2021-06-07,"2021-06-07 15:10:04",0.80774503311655
2021-06-07,"2021-06-07 15:20:04",0.80759403775525
2021-06-07,"2021-06-07 15:30:04",0.803859916575325
2021-06-07,"2021-06-07 15:40:04",0.803517989848499
2021-06-07,"2021-06-07 15:50:04",0.796221421868893
2021-06-07,"2021-06-07 16:00:05",0.786177213962702
2021-06-07,"2021-06-07 16:10:04",0.781897828416781
2021-06-07,"2021-06-07 16:20:03",0.782376079794031
2021-06-07,"2021-06-07 16:30:04",0.740641203363279
2021-06-07,"2021-06-07 16:40:04",0.737278733804192
2021-06-07,"2021-06-07 16:50:04",0.737099214070719
2021-06-07,"2021-06-07 17:00:04",0.737072165767053
2021-06-07,"2021-06-07 17:10:04",0.728489985815245
2021-06-07,"2021-06-07 17:20:04",0.729099286041674
2021-06-07,"2021-06-07 17:30:03",0.727447490114138
2021-06-07,"2021-06-07 17:40:04",0.726586176192873
2021-06-07,"2021-06-07 17:50:04",0.726344370318376
2021-06-07,"2021-06-07 18:00:05",0.723746620687412
2021-06-07,"2021-06-07 18:10:03",0.723918070112849
2021-06-07,"2021-06-07 18:20:04",0.723867009694799
2021-06-07,"2021-06-07 18:30:03",0.720777479694908
2021-06-07,"2021-06-07 18:40:04",0.720419495111564
2021-06-07,"2021-06-07 18:50:03",0.718737349528153
2021-06-07,"2021-06-07 19:00:05",0.716715670917834
2021-06-07,"2021-06-07 19:10:04",0.711311160561476
2021-06-07,"2021-06-07 19:20:04",0.710808822421793
2021-06-07,"2021-06-07 19:30:04",0.708042413336598
2021-06-07,"2021-06-07 19:40:04",0.707687199007567
2021-06-07,"2021-06-07 19:50:05",0.707507407703543
2021-06-07,"2021-06-07 20:00:04",0.707433775907716
2021-06-07,"2021-06-07 20:10:04",0.708442569232673
2021-06-07,"2021-06-07 20:20:04",0.710744370369982
2021-06-07,"2021-06-07 20:30:04",0.709232485320795
2021-06-07,"2021-06-07 20:40:04",0.708990339878865
2021-06-07,"2021-06-07 20:50:04",0.707620992894887
2021-06-07,"2021-06-07 21:00:04",0.70711519616552
2021-06-07,"2021-06-07 21:10:03",0.706568969211101
2021-06-07,"2021-06-07 21:20:04",0.705839148875467
2021-06-07,"2021-06-07 21:30:04",0.707570813935564
2021-06-07,"2021-06-07 21:40:04",0.706760472495606
2021-06-07,"2021-06-07 21:50:04",0.706717255468378
2021-06-07,"2021-06-07 22:00:04",0.707714509861653
2021-06-07,"2021-06-07 22:10:04",0.707518211748313
2021-06-07,"2021-06-07 22:20:04",0.70610820113141
2021-06-07,"2021-06-07 22:30:04",0.705952984785894
2021-06-07,"2021-06-07 22:40:04",0.702587782552575
2021-06-07,"2021-06-07 22:50:04",0.702573041612173
2021-06-07,"2021-06-07 23:00:05",0.701451176313989
2021-06-07,"2021-06-07 23:10:04",0.701407466236107
2021-06-07,"2021-06-07 23:20:04",0.70107629168159
2021-06-07,"2021-06-07 23:30:04",0.702280100944115
2021-06-07,"2021-06-07 23:40:04",0.702240346346789
2021-06-07,"2021-06-07 23:50:04",0.701456885223446
2021-06-08,"2021-06-08 00:00:05",0.701285407370088
2021-06-08,"2021-06-08 00:10:04",0.699558418536788
2021-06-08,"2021-06-08 00:20:04",0.699185416588048
2021-06-08,"2021-06-08 00:30:05",0.698985948317042
2021-06-08,"2021-06-08 00:40:04",0.698985948317042
2021-06-08,"2021-06-08 00:50:04",0.698649129898614
2021-06-08,"2021-06-08 01:00:05",0.697904160082417
2021-06-08,"2021-06-08 01:10:04",0.695891638309178
2021-06-08,"2021-06-08 01:20:04",0.695793050744075
2021-06-08,"2021-06-08 01:30:04",0.694968042580954
2021-06-08,"2021-06-08 01:40:03",0.69474147466514
2021-06-08,"2021-06-08 01:50:04",0.694791018816749
2021-06-08,"2021-06-08 02:00:05",0.694465109350915
2021-06-08,"2021-06-08 02:10:04",0.686187812433457
2021-06-08,"2021-06-08 02:20:04",0.686150012121713
2021-06-08,"2021-06-08 02:30:04",0.685760910680729
2021-06-08,"2021-06-08 02:40:04",0.685756384637178
2021-06-08,"2021-06-08 02:50:04",0.685211547723832
2021-06-08,"2021-06-08 03:00:04",0.685204098850002
2021-06-08,"2021-06-08 03:10:04",0.68495058488756
2021-06-08,"2021-06-08 03:20:04",0.684398363984306
2021-06-08,"2021-06-08 03:30:03",0.681899274653577
2021-06-08,"2021-06-08 03:40:04",0.680400519828898
2021-06-08,"2021-06-08 03:50:04",0.678289699032127
2021-06-08,"2021-06-08 04:00:05",0.677405012677651
2021-06-08,"2021-06-08 04:10:04",0.677215012506833
2021-06-08,"2021-06-08 04:20:04",0.674481034579021
2021-06-08,"2021-06-08 04:30:03",0.654184110677784
2021-06-08,"2021-06-08 04:40:04",0.652569650403042
2021-06-08,"2021-06-08 04:50:04",0.651602382980518
2021-06-08,"2021-06-08 05:00:05",0.646106570611089
2021-06-08,"2021-06-08 05:10:04",0.645508723974473
2021-06-08,"2021-06-08 05:20:03",0.645303211194838
2021-06-08,"2021-06-08 05:30:03",0.645034513619451
2021-06-08,"2021-06-08 05:40:03",0.64437322660249
2021-06-08,"2021-06-08 05:50:04",0.645284565892119
2021-06-08,"2021-06-08 06:00:05",0.644661948266132
2021-06-08,"2021-06-08 06:10:04",0.644035473175832
2021-06-08,"2021-06-08 06:20:04",0.643801824525684
2021-06-08,"2021-06-08 06:30:04",0.643605894730673
2021-06-08,"2021-06-08 06:40:03",0.643020805721595
2021-06-08,"2021-06-08 06:50:04",0.639947466292235
2021-06-08,"2021-06-08 07:00:04",0.639745173190266
2021-06-08,"2021-06-08 07:10:04",0.637926455919429
2021-06-08,"2021-06-08 07:20:04",0.617402820584164
2021-06-08,"2021-06-08 07:30:04",0.617051287002176
2021-06-08,"2021-06-08 07:40:04",0.616934818460168
2021-06-08,"2021-06-08 07:50:04",0.616509922717738
2021-06-08,"2021-06-08 08:00:04",0.616259367140308
2021-06-08,"2021-06-08 08:10:04",0.62232563469019
2021-06-08,"2021-06-08 08:20:03",0.622346805598556
2021-06-08,"2021-06-08 08:30:04",0.622046538858839
2021-06-08,"2021-06-08 08:40:04",0.620018557462399
2021-06-08,"2021-06-08 08:50:04",0.620011042561008
2021-06-08,"2021-06-08 09:00:05",0.619773054275296
2021-06-08,"2021-06-08 09:10:04",0.619711518099042
2021-06-08,"2021-06-08 09:20:04",0.619170160947175
2021-06-08,"2021-06-08 09:30:04",0.619102743160875
2021-06-08,"2021-06-08 09:40:03",0.618978938076156
2021-06-08,"2021-06-08 09:50:04",0.61892716886834
2021-06-08,"2021-06-08 10:00:04",0.618208171417173
2021-06-08,"2021-06-08 10:10:04",0.617099886801982
2021-06-08,"2021-06-08 10:20:04",0.617045864139382
2021-06-08,"2021-06-08 10:30:04",0.621120763689475
2021-06-08,"2021-06-08 10:40:04",0.62386666313784
2021-06-08,"2021-06-08 10:50:04",0.625851441797038
2021-06-08,"2021-06-08 11:00:04",0.626008843006267
2021-06-08,"2021-06-08 11:10:04",0.629970580148395
2021-06-08,"2021-06-08 11:20:04",0.634037484281217
2021-06-08,"2021-06-08 11:30:03",0.633959507456011
2021-06-08,"2021-06-08 11:40:04",0.632796786784429
2021-06-08,"2021-06-08 11:50:03",0.631125297882925
2021-06-08,"2021-06-08 12:00:05",0.630787106044304
2021-06-08,"2021-06-08 12:10:04",0.630649828678147
2021-06-08,"2021-06-08 12:20:04",0.63078301341793
2021-06-08,"2021-06-08 12:30:04",0.630275403564166
2021-06-08,"2021-06-08 12:40:03",0.63004531671526
2021-06-08,"2021-06-08 12:50:03",0.628999368748507
2021-06-08,"2021-06-08 13:00:05",0.628680783298094
2021-06-08,"2021-06-08 13:10:04",0.628335471859874
2021-06-08,"2021-06-08 13:20:04",0.628203396047718
2021-06-08,"2021-06-08 13:30:04",0.627345312904984
2021-06-08,"2021-06-08 13:40:04",0.626974099823361
2021-06-08,"2021-06-08 13:50:04",0.626783059090827
2021-06-08,"2021-06-08 14:00:04",0.624699883112184
2021-06-08,"2021-06-08 14:10:04",0.624010057075393
2021-06-08,"2021-06-08 14:20:04",0.62216379985693
2021-06-08,"2021-06-08 14:30:04",0.619412810990047
2021-06-08,"2021-06-08 14:40:03",0.61843088277083
2021-06-08,"2021-06-08 14:50:03",0.616371117005948
2021-06-08,"2021-06-08 15:00:05",0.616327424529694
2021-06-08,"2021-06-08 15:10:03",0.616133320284483
2021-06-08,"2021-06-08 15:20:05",0.61536937619385
2021-06-08,"2021-06-08 15:30:04",0.610960705615233
2021-06-08,"2021-06-08 15:40:03",0.59896392248427
2021-06-08,"2021-06-08 15:50:04",0.594717013412424
2021-06-08,"2021-06-08 16:00:05",0.594724936805632
2021-06-08,"2021-06-08 16:10:04",0.601341967065025
2021-06-08,"2021-06-08 16:20:04",0.600357509364369
2021-06-08,"2021-06-08 16:30:04",0.59932064897556
2021-06-08,"2021-06-08 16:40:04",0.602776013724172
2021-06-08,"2021-06-08 16:50:04",0.601910764875824
2021-06-08,"2021-06-08 17:00:04",0.601612535286583
2021-06-08,"2021-06-08 17:10:05",0.600696460620265
2021-06-08,"2021-06-08 17:20:04",0.600445884487485
2021-06-08,"2021-06-08 17:30:04",0.600849356603076
2021-06-08,"2021-06-08 17:40:04",0.599187000846949
2021-06-08,"2021-06-08 17:50:03",0.59898793722246
2021-06-08,"2021-06-08 18:00:04",0.598655577426624
2021-06-08,"2021-06-08 18:10:03",0.604024496456725
2021-06-08,"2021-06-08 18:20:04",0.610423724089269
2021-06-08,"2021-06-08 18:30:04",0.61062078667162
2021-06-08,"2021-06-08 18:40:04",0.612261583393483
2021-06-08,"2021-06-08 18:50:04",0.61235428332626
2021-06-08,"2021-06-08 19:00:04",0.613533745228222
2021-06-08,"2021-06-08 19:10:04",0.61352132593342
2021-06-08,"2021-06-08 19:20:03",0.611487116651633
2021-06-08,"2021-06-08 19:30:04",0.622094064727472
2021-06-08,"2021-06-08 19:40:04",0.620354719481072
2021-06-08,"2021-06-08 19:50:04",0.623168671140994
2021-06-08,"2021-06-08 20:00:05",0.621779683357456
2021-06-08,"2021-06-08 20:10:04",0.628562280320621
2021-06-08,"2021-06-08 20:20:04",0.628555759525008
2021-06-08,"2021-06-08 20:30:03",0.629510181862339
2021-06-08,"2021-06-08 20:40:03",0.629587879350695
2021-06-08,"2021-06-08 20:50:04",0.62961556440068
2021-06-08,"2021-06-08 21:00:04",0.629038530676155
2021-06-08,"2021-06-08 21:10:04",0.629022354319131
2021-06-08,"2021-06-08 21:20:04",0.629733567014472
2021-06-08,"2021-06-08 21:30:04",0.631357368448541
2021-06-08,"2021-06-08 21:40:04",0.632183509937333
2021-06-08,"2021-06-08 21:50:04",0.634186180797809
2021-06-08,"2021-06-08 22:00:05",0.646260943927665
2021-06-08,"2021-06-08 22:10:04",0.650512906524465
2021-06-08,"2021-06-08 22:20:04",0.656464632472106
2021-06-08,"2021-06-08 22:30:04",0.65672652450677
2021-06-08,"2021-06-08 22:40:03",0.664210430477383
2021-06-08,"2021-06-08 22:50:04",0.668807095779737
2021-06-08,"2021-06-08 23:00:04",0.668579358711409
2021-06-08,"2021-06-08 23:10:03",0.670395221414535
2021-06-08,"2021-06-08 23:20:03",0.669563758749351
2021-06-08,"2021-06-08 23:30:03",0.669211214481952
2021-06-08,"2021-06-08 23:40:04",0.669168735739944
2021-06-08,"2021-06-08 23:50:04",0.669083379801221
2021-06-09,"2021-06-09 00:00:04",0.669050189831455
2021-06-09,"2021-06-09 00:10:04",0.669458444962604
2021-06-09,"2021-06-09 00:20:04",0.668948074943723
2021-06-09,"2021-06-09 00:30:04",0.669782263243785
2021-06-09,"2021-06-09 00:40:04",0.669312440135299
2021-06-09,"2021-06-09 00:50:03",0.670856345454175
2021-06-09,"2021-06-09 01:00:04",0.670248069387942
2021-06-09,"2021-06-09 01:10:03",0.670231367915885
2021-06-09,"2021-06-09 01:20:04",0.669619721730682
2021-06-09,"2021-06-09 01:30:04",0.672242927140837
2021-06-09,"2021-06-09 01:40:04",0.670991907190232
2021-06-09,"2021-06-09 01:50:04",0.667344438555313
2021-06-09,"2021-06-09 02:00:04",0.664889990663001
2021-06-09,"2021-06-09 02:10:04",0.664810340561471
2021-06-09,"2021-06-09 02:20:03",0.664715551525235
2021-06-09,"2021-06-09 02:30:04",0.663528998806622
2021-06-09,"2021-06-09 02:40:04",0.663972843127869
2021-06-09,"2021-06-09 02:50:03",0.663873742315814
2021-06-09,"2021-06-09 03:00:05",0.66634567544188
2021-06-09,"2021-06-09 03:10:04",0.66257438571445
2021-06-09,"2021-06-09 03:20:04",0.661703407825264
2021-06-09,"2021-06-09 03:30:03",0.658517445320856
2021-06-09,"2021-06-09 03:40:04",0.657985856910031
2021-06-09,"2021-06-09 03:50:04",0.658334616153437
2021-06-09,"2021-06-09 04:00:04",0.657596911631949
2021-06-09,"2021-06-09 04:10:03",0.659161294970652
2021-06-09,"2021-06-09 04:20:04",0.658888797653622
2021-06-09,"2021-06-09 04:30:04",0.658023211046475
2021-06-09,"2021-06-09 04:40:04",0.656790000518917
2021-06-09,"2021-06-09 04:50:04",0.65676945412669
2021-06-09,"2021-06-09 05:00:04",0.657845497254286
2021-06-09,"2021-06-09 05:10:04",0.661551280916721
2021-06-09,"2021-06-09 05:20:03",0.660658458139227
2021-06-09,"2021-06-09 05:30:04",0.659889907667713
2021-06-09,"2021-06-09 05:40:04",0.659257622311581
2021-06-09,"2021-06-09 05:50:03",0.658091430175032
2021-06-09,"2021-06-09 06:00:05",0.65763484979029
2021-06-09,"2021-06-09 06:10:04",0.658923233422221
2021-06-09,"2021-06-09 06:20:04",0.657666197111487
2021-06-09,"2021-06-09 06:30:04",0.657048327801637
2021-06-09,"2021-06-09 06:40:04",0.65691798482189
2021-06-09,"2021-06-09 06:50:04",0.656560648881902
2021-06-09,"2021-06-09 07:00:05",0.65615234215938
2021-06-09,"2021-06-09 07:10:03",0.655977691608245
2021-06-09,"2021-06-09 07:20:04",0.656059880662582
2021-06-09,"2021-06-09 07:30:03",0.656401717245946
2021-06-09,"2021-06-09 07:40:04",0.655762253414658
2021-06-09,"2021-06-09 07:50:04",0.654489259742415
2021-06-09,"2021-06-09 08:00:04",0.649144634250821
2021-06-09,"2021-06-09 08:10:04",0.64841520640284
2021-06-09,"2021-06-09 08:20:04",0.651124678638177
2021-06-09,"2021-06-09 08:30:04",0.650997626875074
2021-06-09,"2021-06-09 08:40:04",0.642810030318775
2021-06-09,"2021-06-09 08:50:03",0.642775515386655
2021-06-09,"2021-06-09 09:00:05",0.641971718727476
2021-06-09,"2021-06-09 09:10:05",0.639641145255402
2021-06-09,"2021-06-09 09:20:04",0.63935935686263
2021-06-09,"2021-06-09 09:30:03",0.638198574321924
2021-06-09,"2021-06-09 09:40:03",0.635793865506356
2021-06-09,"2021-06-09 09:50:04",0.635141878084826
2021-06-09,"2021-06-09 10:00:04",0.634033459869398
2021-06-09,"2021-06-09 10:10:04",0.633859334105632
2021-06-09,"2021-06-09 10:20:04",0.634526333611011
2021-06-09,"2021-06-09 10:30:04",0.633793445639777
2021-06-09,"2021-06-09 10:40:04",0.631032540833602
2021-06-09,"2021-06-09 10:50:04",0.63071591273199
2021-06-09,"2021-06-09 11:00:04",0.630277006864437
2021-06-09,"2021-06-09 11:10:04",0.632215774990829
2021-06-09,"2021-06-09 11:20:04",0.6318146483829
2021-06-09,"2021-06-09 11:30:04",0.631748002016478
2021-06-09,"2021-06-09 11:40:03",0.61248031127201
2021-06-09,"2021-06-09 11:50:04",0.613382558225414
2021-06-09,"2021-06-09 12:00:04",0.612161985341234
2021-06-09,"2021-06-09 12:10:04",0.611906008901836
2021-06-09,"2021-06-09 12:20:04",0.611508454295382
2021-06-09,"2021-06-09 12:30:04",0.61249176587717
2021-06-09,"2021-06-09 12:40:04",0.611931237634231
2021-06-09,"2021-06-09 12:50:04",0.611598529557637
2021-06-09,"2021-06-09 13:00:05",0.610784740280551
2021-06-09,"2021-06-09 13:10:04",0.609990368333386
2021-06-09,"2021-06-09 13:20:04",0.608823713292036
2021-06-09,"2021-06-09 13:30:04",0.603178701193407
2021-06-09,"2021-06-09 13:40:03",0.599111546589791
2021-06-09,"2021-06-09 13:50:03",0.597655424416165
2021-06-09,"2021-06-09 14:00:04",0.596697945494358
2021-06-09,"2021-06-09 14:10:03",0.595404558559713
2021-06-09,"2021-06-09 14:20:03",0.593451507697489
2021-06-09,"2021-06-09 14:30:04",0.592434422155454
2021-06-09,"2021-06-09 14:40:04",0.590264689475816
2021-06-09,"2021-06-09 14:50:03",0.589386903533828
2021-06-09,"2021-06-09 15:00:05",0.589802823618619
2021-06-09,"2021-06-09 15:10:03",0.608294894730322
2021-06-09,"2021-06-09 15:20:04",0.606372978885368
2021-06-09,"2021-06-09 15:30:04",0.60439821602637
2021-06-09,"2021-06-09 15:40:03",0.603617703713732
2021-06-09,"2021-06-09 15:50:03",0.601192031330959
2021-06-09,"2021-06-09 16:00:05",0.60067544362276
2021-06-09,"2021-06-09 16:10:04",0.599281659496808
2021-06-09,"2021-06-09 16:20:03",0.603155653405774
2021-06-09,"2021-06-09 16:30:04",0.602835743995131
2021-06-09,"2021-06-09 16:40:03",0.600038195964314
2021-06-09,"2021-06-09 16:50:04",0.598458523638991
2021-06-09,"2021-06-09 17:00:05",0.599599332449362
2021-06-09,"2021-06-09 17:10:04",0.599340062047595
2021-06-09,"2021-06-09 17:20:04",0.598880946864101
2021-06-09,"2021-06-09 17:30:04",0.599808738063127
2021-06-09,"2021-06-09 17:40:04",0.610048251963803
2021-06-09,"2021-06-09 17:50:04",0.610057224736019
2021-06-09,"2021-06-09 18:00:06",0.611068349497709
2021-06-09,"2021-06-09 18:10:04",0.610218007614259
2021-06-09,"2021-06-09 18:20:04",0.609802146419857
2021-06-09,"2021-06-09 18:30:04",0.609337703498678
2021-06-09,"2021-06-09 18:40:04",0.609019053486008
2021-06-09,"2021-06-09 18:50:04",0.609206164031592
2021-06-09,"2021-06-09 19:00:04",0.608079862262907
2021-06-09,"2021-06-09 19:10:04",0.615526132267255
2021-06-09,"2021-06-09 19:20:04",0.614175448210482
2021-06-09,"2021-06-09 19:30:04",0.614545784788323
2021-06-09,"2021-06-09 19:40:04",0.613321121367329
2021-06-09,"2021-06-09 19:50:04",0.613101637064423
2021-06-09,"2021-06-09 20:00:04",0.613030250454912
2021-06-09,"2021-06-09 20:10:04",0.612803785048303
2021-06-09,"2021-06-09 20:20:03",0.623820183440623
2021-06-09,"2021-06-09 20:30:04",0.622830444388075
2021-06-09,"2021-06-09 20:40:03",0.620830999154993
2021-06-09,"2021-06-09 20:50:03",0.625200462224736
2021-06-09,"2021-06-09 21:00:05",0.627041561332871
2021-06-09,"2021-06-09 21:10:04",0.626570376101384
2021-06-09,"2021-06-09 21:20:04",0.626054683498115
2021-06-09,"2021-06-09 21:30:04",0.626223008146235
2021-06-09,"2021-06-09 21:40:04",0.626245933476829
2021-06-09,"2021-06-09 21:50:04",0.627783188962031
2021-06-09,"2021-06-09 22:00:05",0.618917203944681
2021-06-09,"2021-06-09 22:10:04",0.619244914214226
2021-06-09,"2021-06-09 22:20:04",0.619313714733719
2021-06-09,"2021-06-09 22:30:03",0.608544566305329
2021-06-09,"2021-06-09 22:40:04",0.57802480260515
2021-06-09,"2021-06-09 22:50:04",0.577311463540078
2021-06-09,"2021-06-09 23:00:04",0.575815180888564
2021-06-09,"2021-06-09 23:10:04",0.576271209843728
2021-06-09,"2021-06-09 23:20:04",0.573615351838394
2021-06-09,"2021-06-09 23:30:03",0.574105145378709
2021-06-09,"2021-06-09 23:40:03",0.574083615204929
2021-06-09,"2021-06-09 23:50:04",0.574119097705922
2021-06-10,"2021-06-10 00:00:05",0.574189790329989
2021-06-10,"2021-06-10 00:10:03",0.57342514094503
2021-06-10,"2021-06-10 00:20:03",0.582717420901752
2021-06-10,"2021-06-10 00:30:03",0.619073080289941
2021-06-10,"2021-06-10 00:40:03",0.619055425861821
2021-06-10,"2021-06-10 00:50:04",0.624849111686744
2021-06-10,"2021-06-10 01:00:04",0.624089695874722
2021-06-10,"2021-06-10 01:10:04",0.624248530882984
2021-06-10,"2021-06-10 01:20:04",0.622906311609292
2021-06-10,"2021-06-10 01:30:04",0.622576768273575
2021-06-10,"2021-06-10 01:40:04",0.622358453770794
2021-06-10,"2021-06-10 01:50:04",0.621120718857659
2021-06-10,"2021-06-10 02:00:05",0.620751372739045
2021-06-10,"2021-06-10 02:10:04",0.61178928701959
2021-06-10,"2021-06-10 02:20:04",0.611750303350421
2021-06-10,"2021-06-10 02:30:04",0.611560617650214
2021-06-10,"2021-06-10 02:40:04",0.611165881504884
2021-06-10,"2021-06-10 02:50:04",0.610829444745611
2021-06-10,"2021-06-10 03:00:05",0.610805463704578
2021-06-10,"2021-06-10 03:10:03",0.610445156585188
2021-06-10,"2021-06-10 03:20:04",0.609453850158105
2021-06-10,"2021-06-10 03:30:04",0.60859775426399
2021-06-10,"2021-06-10 03:40:03",0.608076227318797
2021-06-10,"2021-06-10 03:50:03",0.608817847533398
2021-06-10,"2021-06-10 04:00:05",0.608775909288931
2021-06-10,"2021-06-10 04:10:04",0.608469965715727
2021-06-10,"2021-06-10 04:20:04",0.608568894664189
2021-06-10,"2021-06-10 04:30:04",0.607320663530048
2021-06-10,"2021-06-10 04:40:03",0.607844237917799
2021-06-10,"2021-06-10 04:50:04",0.606928052060196
2021-06-10,"2021-06-10 05:00:04",0.606241831863274
2021-06-10,"2021-06-10 05:10:04",0.607694227037832
2021-06-10,"2021-06-10 05:20:04",0.607676675192186
2021-06-10,"2021-06-10 05:30:04",0.606808370876242
2021-06-10,"2021-06-10 05:40:04",0.606125177690375
2021-06-10,"2021-06-10 05:50:04",0.605655229668207
2021-06-10,"2021-06-10 06:00:05",0.605613551556815
2021-06-10,"2021-06-10 06:10:04",0.605802289990044
2021-06-10,"2021-06-10 06:20:04",0.604669555733037
2021-06-10,"2021-06-10 06:30:04",0.6039652890788
2021-06-10,"2021-06-10 06:40:04",0.601434377798471
2021-06-10,"2021-06-10 06:50:04",0.600702090821924
2021-06-10,"2021-06-10 07:00:04",0.600925810212189
2021-06-10,"2021-06-10 07:10:04",0.600513315708772
2021-06-10,"2021-06-10 07:20:04",0.600258175612699
2021-06-10,"2021-06-10 07:30:04",0.600169872568831
2021-06-10,"2021-06-10 07:40:04",0.59767397674834
2021-06-10,"2021-06-10 07:50:04",0.597644752919863
2021-06-10,"2021-06-10 08:00:04",0.607893839083142
2021-06-10,"2021-06-10 08:10:04",0.60874696097237
2021-06-10,"2021-06-10 08:20:03",0.608544798548843
2021-06-10,"2021-06-10 08:30:04",0.60806335001299
2021-06-10,"2021-06-10 08:40:03",0.607855711035815
2021-06-10,"2021-06-10 08:50:04",0.607284516104798
2021-06-10,"2021-06-10 09:00:04",0.606994524550211
2021-06-10,"2021-06-10 09:10:04",0.60695431036994
2021-06-10,"2021-06-10 09:20:04",0.606920802225429
2021-06-10,"2021-06-10 09:30:04",0.606295417718397
2021-06-10,"2021-06-10 09:40:04",0.600277781061986
2021-06-10,"2021-06-10 09:50:04",0.60023121803603
2021-06-10,"2021-06-10 10:00:05",0.600270342894221
2021-06-10,"2021-06-10 10:10:04",0.59892069287108
2021-06-10,"2021-06-10 10:20:04",0.598717135978175
2021-06-10,"2021-06-10 10:30:04",0.598432742212157
2021-06-10,"2021-06-10 10:40:04",0.597917782045369
2021-06-10,"2021-06-10 10:50:04",0.59678710952143
2021-06-10,"2021-06-10 11:00:05",0.594458944528587
2021-06-10,"2021-06-10 11:10:04",0.629265467130359
2021-06-10,"2021-06-10 11:20:04",0.629222825748904
2021-06-10,"2021-06-10 11:30:04",0.621571247472986
2021-06-10,"2021-06-10 11:40:04",0.623160630421236
2021-06-10,"2021-06-10 11:50:03",0.622859137497674
2021-06-10,"2021-06-10 12:00:05",0.619093544402228
2021-06-10,"2021-06-10 12:10:04",0.618810296752909
2021-06-10,"2021-06-10 12:20:04",0.618218256261104
2021-06-10,"2021-06-10 12:30:03",0.616913486224527
2021-06-10,"2021-06-10 12:40:04",0.616076655402785
2021-06-10,"2021-06-10 12:50:04",0.616350228117776
2021-06-10,"2021-06-10 13:00:04",0.673973451718689
2021-06-10,"2021-06-10 13:10:03",0.674648042867294
2021-06-10,"2021-06-10 13:20:04",0.674732994334361
2021-06-10,"2021-06-10 13:30:04",0.674127991807491
2021-06-10,"2021-06-10 13:40:04",0.705382356093431
2021-06-10,"2021-06-10 13:50:03",0.705339038170298
2021-06-10,"2021-06-10 14:00:05",0.704856348004916
2021-06-10,"2021-06-10 14:10:04",0.704806334696216
2021-06-10,"2021-06-10 14:20:04",0.704563542792663
2021-06-10,"2021-06-10 14:30:04",0.704525298347019
2021-06-10,"2021-06-10 14:40:04",0.703153765751094
2021-06-10,"2021-06-10 14:50:04",0.702622523694687
2021-06-10,"2021-06-10 15:00:04",0.702380015775977
2021-06-10,"2021-06-10 15:10:04",0.859300788991381
2021-06-10,"2021-06-10 15:20:04",0.85740843238768
2021-06-10,"2021-06-10 15:30:04",0.853276482541412
2021-06-10,"2021-06-10 15:40:04",0.85097781839321
2021-06-10,"2021-06-10 15:50:04",0.854448279109159
2021-06-10,"2021-06-10 16:00:05",0.856955799092485
2021-06-10,"2021-06-10 16:10:03",0.855941091443889
2021-06-10,"2021-06-10 16:20:03",0.855429419841545
2021-06-10,"2021-06-10 16:30:04",0.864398470210909
2021-06-10,"2021-06-10 16:40:04",0.868115804525915
2021-06-10,"2021-06-10 16:50:04",0.867362016349437
2021-06-10,"2021-06-10 17:00:04",1.07969076462671
2021-06-10,"2021-06-10 17:10:04",1.07715668210637
2021-06-10,"2021-06-10 17:20:04",1.06731532662751
2021-06-10,"2021-06-10 17:30:04",1.06505211475155
2021-06-10,"2021-06-10 17:40:03",1.06014166346214
2021-06-10,"2021-06-10 17:50:04",1.05913578614449
2021-06-10,"2021-06-10 18:00:05",1.05039877679172
2021-06-10,"2021-06-10 18:10:04",1.05007423602359
2021-06-10,"2021-06-10 18:20:03",1.03085012849069
2021-06-10,"2021-06-10 18:30:04",1.02911408438808
2021-06-10,"2021-06-10 18:40:04",1.0232619836003
2021-06-10,"2021-06-10 18:50:03",1.00832515642031
2021-06-10,"2021-06-10 19:00:04",1.02000581175838
2021-06-10,"2021-06-10 19:10:04",1.01993132757531
2021-06-10,"2021-06-10 19:20:04",1.00989693656271
2021-06-10,"2021-06-10 19:30:04",1.00825422607435
2021-06-10,"2021-06-10 19:40:04",1.00849091223091
2021-06-10,"2021-06-10 19:50:04",1.0068853695084
2021-06-10,"2021-06-10 20:00:05",1.00579083815219
2021-06-10,"2021-06-10 20:10:04",1.00534186421096
2021-06-10,"2021-06-10 20:20:04",1.00310083180902
2021-06-10,"2021-06-10 20:30:04",1.0022727472299
2021-06-10,"2021-06-10 20:40:04",0.948481022728335
2021-06-10,"2021-06-10 20:50:03",0.949280350823766
2021-06-10,"2021-06-10 21:00:05",0.939876711161457
2021-06-10,"2021-06-10 21:10:04",0.939360339324537
2021-06-10,"2021-06-10 21:20:03",0.937361982929693
2021-06-10,"2021-06-10 21:30:04",0.933954999282782
2021-06-10,"2021-06-10 21:40:03",0.923483730953894
2021-06-10,"2021-06-10 21:50:03",0.922997725085586
2021-06-10,"2021-06-10 22:00:04",0.923576190040451
2021-06-10,"2021-06-10 22:10:04",0.923559096506751
2021-06-10,"2021-06-10 22:20:04",0.921658789328559
2021-06-10,"2021-06-10 22:30:03",0.919834695700946
2021-06-10,"2021-06-10 22:40:04",0.922583755721855
2021-06-10,"2021-06-10 22:50:04",0.927325584008235
2021-06-10,"2021-06-10 23:00:05",0.925767037986488
2021-06-10,"2021-06-10 23:10:04",0.925067739039531
2021-06-10,"2021-06-10 23:20:04",0.924775687583269
2021-06-10,"2021-06-10 23:30:04",0.92407072645223
2021-06-10,"2021-06-10 23:40:04",0.922847622200079
2021-06-10,"2021-06-10 23:50:04",0.922575500902474
2021-06-11,"2021-06-11 00:00:05",0.923478959642974
2021-06-11,"2021-06-11 00:10:04",0.920647298278194
2021-06-11,"2021-06-11 00:20:04",0.920003866789816
2021-06-11,"2021-06-11 00:30:04",0.919975801145599
2021-06-11,"2021-06-11 00:40:04",0.919176189290248
2021-06-11,"2021-06-11 00:50:03",0.918637159472755
2021-06-11,"2021-06-11 01:00:05",0.917968167272331
2021-06-11,"2021-06-11 01:10:03",0.918099117340309
2021-06-11,"2021-06-11 01:20:04",0.919293286027835
2021-06-11,"2021-06-11 01:30:04",0.919136859157922
2021-06-11,"2021-06-11 01:40:03",0.91883967978536
2021-06-11,"2021-06-11 01:50:03",0.918911381017848
2021-06-11,"2021-06-11 02:00:05",0.918804285572999
2021-06-11,"2021-06-11 02:10:04",0.915347669685367
2021-06-11,"2021-06-11 02:20:04",0.917817721616049
2021-06-11,"2021-06-11 02:30:04",0.917091801397498
2021-06-11,"2021-06-11 02:40:04",0.916534086714833
2021-06-11,"2021-06-11 02:50:03",0.910433617153572
2021-06-11,"2021-06-11 03:00:04",0.911775313027337
2021-06-11,"2021-06-11 03:10:04",0.913696527571228
2021-06-11,"2021-06-11 03:20:04",0.911541322703496
2021-06-11,"2021-06-11 03:30:03",0.910805506767241
2021-06-11,"2021-06-11 03:40:04",0.910745277608779
2021-06-11,"2021-06-11 03:50:04",0.909943623898043
2021-06-11,"2021-06-11 04:00:05",0.909276741689334
2021-06-11,"2021-06-11 04:10:04",0.909086456671055
2021-06-11,"2021-06-11 04:20:04",0.908189187131121
2021-06-11,"2021-06-11 04:30:04",0.907384606857642
2021-06-11,"2021-06-11 04:40:04",0.906474142173514
2021-06-11,"2021-06-11 04:50:04",0.895120015112954
2021-06-11,"2021-06-11 05:00:04",0.894104748678804
2021-06-11,"2021-06-11 05:10:04",0.893927020467446
2021-06-11,"2021-06-11 05:20:03",0.893531284462493
2021-06-11,"2021-06-11 05:30:04",0.8959135320027
2021-06-11,"2021-06-11 05:40:04",0.895297070459684
2021-06-11,"2021-06-11 05:50:04",0.895003064203393
2021-06-11,"2021-06-11 06:00:05",0.893683990701562
2021-06-11,"2021-06-11 06:10:03",0.893508803854298
2021-06-11,"2021-06-11 06:20:04",0.896486254133963
2021-06-11,"2021-06-11 06:30:04",0.896287359999636
2021-06-11,"2021-06-11 06:40:04",0.886835629584993
2021-06-11,"2021-06-11 06:50:04",0.88589187968894
2021-06-11,"2021-06-11 07:00:04",0.882834375702863
2021-06-11,"2021-06-11 07:10:04",0.879604236398509
2021-06-11,"2021-06-11 07:20:03",0.879342562698519
2021-06-11,"2021-06-11 07:30:04",0.879236375476809
2021-06-11,"2021-06-11 07:40:04",0.874901595680751
2021-06-11,"2021-06-11 07:50:03",0.873517414985454
2021-06-11,"2021-06-11 08:00:05",0.873486622181023
2021-06-11,"2021-06-11 08:10:04",0.864473649378142
2021-06-11,"2021-06-11 08:20:03",0.864473649389794
2021-06-11,"2021-06-11 08:30:03",0.864211215054604
2021-06-11,"2021-06-11 08:40:03",0.863186107956186
2021-06-11,"2021-06-11 08:50:04",0.862359530420756
2021-06-11,"2021-06-11 09:00:04",0.863743698750281
2021-06-11,"2021-06-11 09:10:04",0.862928789934683
2021-06-11,"2021-06-11 09:20:04",0.862356527191948
2021-06-11,"2021-06-11 09:30:04",0.860603827375345
2021-06-11,"2021-06-11 09:40:04",0.86014142101314
2021-06-11,"2021-06-11 09:50:03",0.861551077122706
2021-06-11,"2021-06-11 10:00:05",0.872845208425832
2021-06-11,"2021-06-11 10:10:04",0.872641693952738
2021-06-11,"2021-06-11 10:20:04",0.872963099542128
2021-06-11,"2021-06-11 10:30:04",0.87530415232494
2021-06-11,"2021-06-11 10:40:04",0.875335032720299
2021-06-11,"2021-06-11 10:50:04",0.875145751076031
2021-06-11,"2021-06-11 11:00:04",0.873962121797292
2021-06-11,"2021-06-11 11:10:04",0.8733471459262
2021-06-11,"2021-06-11 11:20:04",0.873540078031596
2021-06-11,"2021-06-11 11:30:04",0.870287653576577
2021-06-11,"2021-06-11 11:40:03",0.869763917594276
2021-06-11,"2021-06-11 11:50:04",0.868988017824247
2021-06-11,"2021-06-11 12:00:04",0.867940789862809
2021-06-11,"2021-06-11 12:10:04",0.867613328848819
2021-06-11,"2021-06-11 12:20:03",0.866847915262636
2021-06-11,"2021-06-11 12:30:04",0.860630518415044
2021-06-11,"2021-06-11 12:40:03",0.857137338715031
2021-06-11,"2021-06-11 12:50:03",0.856407738502493
2021-06-11,"2021-06-11 13:00:05",0.854684138831647
2021-06-11,"2021-06-11 13:10:03",0.854519593300069
2021-06-11,"2021-06-11 13:20:03",0.851256655680082
2021-06-11,"2021-06-11 13:30:04",0.849912664312182
2021-06-11,"2021-06-11 13:40:03",0.8484460970568
2021-06-11,"2021-06-11 13:50:04",0.847581639813228
2021-06-11,"2021-06-11 14:00:04",0.846383447737846
2021-06-11,"2021-06-11 14:10:04",0.84600709226648
2021-06-11,"2021-06-11 14:20:04",0.845774585450659
2021-06-11,"2021-06-11 14:30:03",0.842287618351306
2021-06-11,"2021-06-11 14:40:04",0.836598363420029
2021-06-11,"2021-06-11 14:50:04",0.836612737375424
2021-06-11,"2021-06-11 15:00:04",0.837624279277149
2021-06-11,"2021-06-11 15:10:04",0.837630180600701
2021-06-11,"2021-06-11 15:20:04",0.838185765812502
2021-06-11,"2021-06-11 15:30:04",0.839152313886921
2021-06-11,"2021-06-11 15:40:04",0.838936517539141
2021-06-11,"2021-06-11 15:50:03",0.839190964260745
2021-06-11,"2021-06-11 16:00:05",0.839517666090909
2021-06-11,"2021-06-11 16:10:04",0.839005644120591
2021-06-11,"2021-06-11 16:20:04",0.833390030588012
2021-06-11,"2021-06-11 16:30:04",0.833791885206159
2021-06-11,"2021-06-11 16:40:04",0.833593403486637
2021-06-11,"2021-06-11 16:50:04",0.833554906446455
2021-06-11,"2021-06-11 17:00:04",0.833181110672019
2021-06-11,"2021-06-11 17:10:03",0.83272288618665
2021-06-11,"2021-06-11 17:20:04",0.832297817957795
2021-06-11,"2021-06-11 17:30:04",0.829363330690745
2021-06-11,"2021-06-11 17:40:04",0.829271293615647
2021-06-11,"2021-06-11 17:50:04",0.829202642109825
2021-06-11,"2021-06-11 18:00:04",0.828633740027377
2021-06-11,"2021-06-11 18:10:04",0.820819697298014
2021-06-11,"2021-06-11 18:20:04",0.820508963541313
2021-06-11,"2021-06-11 18:30:04",0.820309166016626
2021-06-11,"2021-06-11 18:40:03",0.819672831717133
2021-06-11,"2021-06-11 18:50:04",0.819091922339074
2021-06-11,"2021-06-11 19:00:04",0.818475454865348
2021-06-11,"2021-06-11 19:10:03",0.812020405845263
2021-06-11,"2021-06-11 19:20:04",0.80924796350997
2021-06-11,"2021-06-11 19:30:04",0.80325476004111
2021-06-11,"2021-06-11 19:40:04",0.790559488531181
2021-06-11,"2021-06-11 19:50:04",0.790310519413615
2021-06-11,"2021-06-11 20:00:05",0.788780007508008
2021-06-11,"2021-06-11 20:10:03",0.788516336470949
2021-06-11,"2021-06-11 20:20:04",0.787735554408137
2021-06-11,"2021-06-11 20:30:04",0.80909350813667
2021-06-11,"2021-06-11 20:40:04",0.8093200271884
2021-06-11,"2021-06-11 20:50:04",0.809931365620089
2021-06-11,"2021-06-11 21:00:04",0.809931365620089
2021-06-11,"2021-06-11 21:10:04",0.806794977506924
2021-06-11,"2021-06-11 21:20:03",0.804562455560229
2021-06-11,"2021-06-11 21:30:04",0.80416089222962
2021-06-11,"2021-06-11 21:40:03",0.809500534696121
2021-06-11,"2021-06-11 21:50:03",0.808831443408476
2021-06-11,"2021-06-11 22:00:04",0.808810151711313
2021-06-11,"2021-06-11 22:10:03",0.802713995787092
2021-06-11,"2021-06-11 22:20:03",0.804763414397957
2021-06-11,"2021-06-11 22:30:04",0.803404867836587
2021-06-11,"2021-06-11 22:40:04",0.802588578537653
2021-06-11,"2021-06-11 22:50:03",0.801577778052941
2021-06-11,"2021-06-11 23:00:04",0.801823865952398
2021-06-11,"2021-06-11 23:10:03",0.801393529989729
2021-06-11,"2021-06-11 23:20:03",0.801265164414691
2021-06-11,"2021-06-11 23:30:04",0.812218504014738
2021-06-11,"2021-06-11 23:40:04",0.818355642033355
2021-06-11,"2021-06-11 23:50:03",0.817742095906141
2021-06-12,"2021-06-12 00:00:04",0.825077587085838
2021-06-12,"2021-06-12 00:10:04",0.825340789330414
2021-06-12,"2021-06-12 00:20:04",0.822644341007438
2021-06-12,"2021-06-12 00:30:03",0.822615840939258
2021-06-12,"2021-06-12 00:40:04",0.823260672368087
2021-06-12,"2021-06-12 00:50:04",0.822364745135289
2021-06-12,"2021-06-12 01:00:05",0.822203065745116
2021-06-12,"2021-06-12 01:10:04",0.822184272667057
2021-06-12,"2021-06-12 01:20:03",0.822032271109952
2021-06-12,"2021-06-12 01:30:04",0.820755407687496
2021-06-12,"2021-06-12 01:40:03",0.820263355077859
2021-06-12,"2021-06-12 01:50:03",0.816850780770124
2021-06-12,"2021-06-12 02:00:04",0.816839454731223
2021-06-12,"2021-06-12 02:10:04",0.816312617165059
2021-06-12,"2021-06-12 02:20:04",0.813986573270964
2021-06-12,"2021-06-12 02:30:03",0.812853456510846
2021-06-12,"2021-06-12 02:40:04",0.811203743064994
2021-06-12,"2021-06-12 02:50:03",0.810487812746928
2021-06-12,"2021-06-12 03:00:04",0.810646160268186
2021-06-12,"2021-06-12 03:10:04",0.810743440461062
2021-06-12,"2021-06-12 03:20:03",0.810612471258116
2021-06-12,"2021-06-12 03:30:04",0.810950999246763
2021-06-12,"2021-06-12 03:40:03",0.81001051520521
2021-06-12,"2021-06-12 03:50:04",0.80980901967836
2021-06-12,"2021-06-12 04:00:05",0.809054131827562
2021-06-12,"2021-06-12 04:10:04",0.80893997899371
2021-06-12,"2021-06-12 04:20:03",0.80861978337121
2021-06-12,"2021-06-12 04:30:04",0.808731370538622
2021-06-12,"2021-06-12 04:40:03",0.806416458102686
2021-06-12,"2021-06-12 04:50:04",0.806015553660879
2021-06-12,"2021-06-12 05:00:05",0.807302773537009
2021-06-12,"2021-06-12 05:10:04",0.80832358969791
2021-06-12,"2021-06-12 05:20:04",0.80860238082772
2021-06-12,"2021-06-12 05:30:04",0.80639814634486
2021-06-12,"2021-06-12 05:40:04",0.805285289477836
2021-06-12,"2021-06-12 05:50:04",0.803315570069226
2021-06-12,"2021-06-12 06:00:04",0.803293678177604
2021-06-12,"2021-06-12 06:10:04",0.803293678186571
2021-06-12,"2021-06-12 06:20:04",0.80279091307154
2021-06-12,"2021-06-12 06:30:04",0.802522155956872
2021-06-12,"2021-06-12 06:40:04",0.802395031567326
2021-06-12,"2021-06-12 06:50:04",0.802010125003209
2021-06-12,"2021-06-12 07:00:05",0.800808678481251
2021-06-12,"2021-06-12 07:10:03",0.811116694380255
2021-06-12,"2021-06-12 07:20:04",0.810440985864037
2021-06-12,"2021-06-12 07:30:04",0.810548081424406
2021-06-12,"2021-06-12 07:40:04",0.808620211813051
2021-06-12,"2021-06-12 07:50:04",0.808357187730901
2021-06-12,"2021-06-12 08:00:05",0.805337103700966
2021-06-12,"2021-06-12 08:10:04",0.804871810140822
2021-06-12,"2021-06-12 08:20:04",0.802215811668006
2021-06-12,"2021-06-12 08:30:04",0.802746198349185
2021-06-12,"2021-06-12 08:40:03",0.802670356118486
2021-06-12,"2021-06-12 08:50:03",0.802577129910578
2021-06-12,"2021-06-12 09:00:05",0.802439051481897
2021-06-12,"2021-06-12 09:10:04",0.801365757270752
2021-06-12,"2021-06-12 09:20:04",0.801305697010206
2021-06-12,"2021-06-12 09:30:03",0.800951947730421
2021-06-12,"2021-06-12 09:40:04",0.800597902622125
2021-06-12,"2021-06-12 09:50:04",0.800523196830957
2021-06-12,"2021-06-12 10:00:04",0.799375654229121
2021-06-12,"2021-06-12 10:10:04",0.799149179042095
2021-06-12,"2021-06-12 10:20:04",0.796895962814405
2021-06-12,"2021-06-12 10:30:04",0.796881137530254
2021-06-12,"2021-06-12 10:40:04",0.79704628537656
2021-06-12,"2021-06-12 10:50:03",0.796932942238002
2021-06-12,"2021-06-12 11:00:04",0.796666170063483
2021-06-12,"2021-06-12 11:10:04",0.796509389541141
2021-06-12,"2021-06-12 11:20:04",0.795855985617287
2021-06-12,"2021-06-12 11:30:04",0.794348336966461
2021-06-12,"2021-06-12 11:40:03",0.794288509536806
2021-06-12,"2021-06-12 11:50:03",0.791497852570648
2021-06-12,"2021-06-12 12:00:04",0.791351287877789
2021-06-12,"2021-06-12 12:10:04",0.790958472181561
2021-06-12,"2021-06-12 12:20:03",0.788582212836928
2021-06-12,"2021-06-12 12:30:04",0.785971790809915
2021-06-12,"2021-06-12 12:40:03",0.785905479108358
2021-06-12,"2021-06-12 12:50:04",0.785516409038755
2021-06-12,"2021-06-12 13:00:04",0.785049699537981
2021-06-12,"2021-06-12 13:10:03",0.784247818434536
2021-06-12,"2021-06-12 13:20:04",0.783780770780655
2021-06-12,"2021-06-12 13:30:04",0.7866697341585
2021-06-12,"2021-06-12 13:40:04",0.785877731886824
2021-06-12,"2021-06-12 13:50:04",0.79023178648241
2021-06-12,"2021-06-12 14:00:04",0.792902763731888
2021-06-12,"2021-06-12 14:10:03",0.792680199804954
2021-06-12,"2021-06-12 14:20:03",0.792289303269877
2021-06-12,"2021-06-12 14:30:04",0.782886886577706
2021-06-12,"2021-06-12 14:40:04",0.77715909280755
2021-06-12,"2021-06-12 14:50:04",0.776504820681371
2021-06-12,"2021-06-12 15:00:04",0.775297318177068
2021-06-12,"2021-06-12 15:10:03",0.775180025151259
2021-06-12,"2021-06-12 15:20:03",0.771902916129307
2021-06-12,"2021-06-12 15:30:04",0.769520750950104
2021-06-12,"2021-06-12 15:40:04",0.769410341334461
2021-06-12,"2021-06-12 15:50:03",0.76937613825301
2021-06-12,"2021-06-12 16:00:05",0.769614558522869
2021-06-12,"2021-06-12 16:10:04",0.769669254622806
2021-06-12,"2021-06-12 16:20:04",0.768309851104906
2021-06-12,"2021-06-12 16:30:04",0.771519560273958
2021-06-12,"2021-06-12 16:40:04",0.769536753947921
2021-06-12,"2021-06-12 16:50:04",0.73393291373551
2021-06-12,"2021-06-12 17:00:04",0.73374089965042
2021-06-12,"2021-06-12 17:10:04",0.73366386646548
2021-06-12,"2021-06-12 17:20:04",0.733579312526978
2021-06-12,"2021-06-12 17:30:04",0.73266790135817
2021-06-12,"2021-06-12 17:40:04",0.73318427033859
2021-06-12,"2021-06-12 17:50:03",0.732914857129964
2021-06-12,"2021-06-12 18:00:05",0.727178567378894
2021-06-12,"2021-06-12 18:10:03",0.727103255886629
2021-06-12,"2021-06-12 18:20:04",0.726937568601551
2021-06-12,"2021-06-12 18:30:04",0.726275323090692
2021-06-12,"2021-06-12 18:40:04",0.726209832868348
2021-06-12,"2021-06-12 18:50:04",0.72369554916816
2021-06-12,"2021-06-12 19:00:04",0.723133318185015
2021-06-12,"2021-06-12 19:10:04",0.722515428863178
2021-06-12,"2021-06-12 19:20:04",0.720487205748573
2021-06-12,"2021-06-12 19:30:03",0.720330967842932
2021-06-12,"2021-06-12 19:40:04",0.717513776121357
2021-06-12,"2021-06-12 19:50:04",0.716963595834031
2021-06-12,"2021-06-12 20:00:04",0.716748932053381
2021-06-12,"2021-06-12 20:10:03",0.711148851186246
2021-06-12,"2021-06-12 20:20:03",0.710774493086325
2021-06-12,"2021-06-12 20:30:04",0.710768242210216
2021-06-12,"2021-06-12 20:40:04",0.710487098812246
2021-06-12,"2021-06-12 20:50:03",0.710226400701092
2021-06-12,"2021-06-12 21:00:04",0.709551649127254
2021-06-12,"2021-06-12 21:10:04",0.710624410407056
2021-06-12,"2021-06-12 21:20:04",0.713831687629207
2021-06-12,"2021-06-12 21:30:04",0.714896254883943
2021-06-12,"2021-06-12 21:40:04",0.714836362141948
2021-06-12,"2021-06-12 21:50:03",0.715455416966334
2021-06-12,"2021-06-12 22:00:04",0.715764289244597
2021-06-12,"2021-06-12 22:10:04",0.715356961863321
2021-06-12,"2021-06-12 22:20:04",0.717469533355125
2021-06-12,"2021-06-12 22:30:04",0.719302757109844
2021-06-12,"2021-06-12 22:40:04",0.718589198880328
2021-06-12,"2021-06-12 22:50:04",0.71866837074247
2021-06-12,"2021-06-12 23:00:05",0.71952277084765
2021-06-12,"2021-06-12 23:10:04",0.72024649976915
2021-06-12,"2021-06-12 23:20:03",0.720509401037018
2021-06-12,"2021-06-12 23:30:03",0.723201457210924
2021-06-12,"2021-06-12 23:40:03",0.723201457219087
2021-06-12,"2021-06-12 23:50:03",0.722656672983597
2021-06-13,"2021-06-13 00:00:04",0.722018264814929
2021-06-13,"2021-06-13 00:10:04",0.721978482083704
2021-06-13,"2021-06-13 00:20:03",0.71990299378522
2021-06-13,"2021-06-13 00:30:03",0.719353785423638
2021-06-13,"2021-06-13 00:40:03",0.718894280555149
2021-06-13,"2021-06-13 00:50:03",0.718913201370858
2021-06-13,"2021-06-13 01:00:04",0.718873065604643
2021-06-13,"2021-06-13 01:10:03",0.718779372614972
2021-06-13,"2021-06-13 01:20:03",0.718683021401972
2021-06-13,"2021-06-13 01:30:03",0.717086656467143
2021-06-13,"2021-06-13 01:40:04",0.716625322295644
2021-06-13,"2021-06-13 01:50:04",0.715837662623813
2021-06-13,"2021-06-13 02:00:04",0.713469890576766
2021-06-13,"2021-06-13 02:10:03",0.712912460107864
2021-06-13,"2021-06-13 02:20:04",0.712732574050778
2021-06-13,"2021-06-13 02:30:03",0.712680945277266
2021-06-13,"2021-06-13 02:40:04",0.712229753115518
2021-06-13,"2021-06-13 02:50:04",0.709242668465646
2021-06-13,"2021-06-13 03:00:04",0.709089606301437
2021-06-13,"2021-06-13 03:10:03",0.709637292087998
2021-06-13,"2021-06-13 03:20:04",0.709637292095354
2021-06-13,"2021-06-13 03:30:03",0.709100478282126
2021-06-13,"2021-06-13 03:40:04",0.708959878933042
2021-06-13,"2021-06-13 03:50:03",0.708736345584944
2021-06-13,"2021-06-13 04:00:04",0.70828674628605
2021-06-13,"2021-06-13 04:10:03",0.70715855382375
2021-06-13,"2021-06-13 04:20:03",0.706100766437971
2021-06-13,"2021-06-13 04:30:04",0.705276899528716
2021-06-13,"2021-06-13 04:40:04",0.704959780814997
2021-06-13,"2021-06-13 04:50:03",0.704943915661124
2021-06-13,"2021-06-13 05:00:04",0.704954219253719
2021-06-13,"2021-06-13 05:10:04",0.704584749751266
2021-06-13,"2021-06-13 05:20:03",0.704380226847209
2021-06-13,"2021-06-13 05:30:04",0.70359243794625
2021-06-13,"2021-06-13 05:40:04",0.703530863729072
2021-06-13,"2021-06-13 05:50:04",0.701188619856785
2021-06-13,"2021-06-13 06:00:04",0.698993148348865
2021-06-13,"2021-06-13 06:10:03",0.698723240600962
2021-06-13,"2021-06-13 06:20:03",0.698619040892025
2021-06-13,"2021-06-13 06:30:03",0.696580671211358
2021-06-13,"2021-06-13 06:40:04",0.696481761271758
2021-06-13,"2021-06-13 06:50:04",0.696120765020632
2021-06-13,"2021-06-13 07:00:04",0.69582629489807
2021-06-13,"2021-06-13 07:10:03",0.695694770209582
2021-06-13,"2021-06-13 07:20:03",0.694844999273524
2021-06-13,"2021-06-13 07:30:03",0.693128610436877
2021-06-13,"2021-06-13 07:40:04",0.693061741653159
2021-06-13,"2021-06-13 07:50:03",0.692172604545447
2021-06-13,"2021-06-13 08:00:04",0.692136370768478
2021-06-13,"2021-06-13 08:10:03",0.689289286957548
2021-06-13,"2021-06-13 08:20:03",0.688951919988494
