"date_utc","date_time_utc","stats_day_users","stats_day_txs","stats_week_users","stats_week_txs","stats_month_users","stats_month_txs","stats_all_users","stats_all_txs"
2021-03-22,"2021-03-22 00:30:03",33,2942,131,15179,270,36006,270,36006
2021-03-22,"2021-03-22 01:30:03",36,3071,134,15308,273,36135,273,36135
2021-03-22,"2021-03-22 02:30:03",36,3204,134,15441,273,36268,273,36268
2021-03-22,"2021-03-22 03:30:02",36,3308,134,15545,273,36372,273,36372
2021-03-22,"2021-03-22 04:30:03",36,3421,134,15658,273,36485,273,36485
2021-03-22,"2021-03-22 05:30:03",37,3531,135,15768,274,36595,274,36595
2021-03-22,"2021-03-22 06:30:03",37,3610,135,15847,274,36674,274,36674
2021-03-22,"2021-03-22 07:30:02",39,3678,136,15915,275,36742,275,36742
2021-03-22,"2021-03-22 08:30:03",40,3794,137,16031,276,36858,276,36858
2021-03-22,"2021-03-22 09:30:02",42,3937,137,16174,276,37001,276,37001
2021-03-22,"2021-03-22 10:30:02",43,4062,137,16299,276,37126,276,37126
2021-03-22,"2021-03-22 11:30:03",43,4159,137,16396,276,37223,276,37223
2021-03-22,"2021-03-22 12:30:02",43,4274,137,16511,276,37338,276,37338
2021-03-22,"2021-03-22 13:30:03",44,4421,138,16658,277,37485,277,37485
2021-03-22,"2021-03-22 14:30:03",44,4558,138,16795,277,37622,277,37622
2021-03-22,"2021-03-22 15:30:02",45,4735,139,16972,278,37799,278,37799
2021-03-22,"2021-03-22 16:30:03",45,4917,139,17154,278,37981,278,37981
2021-03-22,"2021-03-22 17:30:03",49,5105,143,17342,281,38169,281,38169
2021-03-22,"2021-03-22 18:30:03",49,5283,143,17520,281,38347,281,38347
2021-03-22,"2021-03-22 19:30:03",49,5486,143,17723,281,38550,281,38550
2021-03-22,"2021-03-22 20:30:02",51,5777,144,18014,281,38841,281,38841
2021-03-22,"2021-03-22 21:30:03",51,6028,144,18265,281,39092,281,39092
2021-03-22,"2021-03-22 22:30:03",51,6201,144,18438,281,39265,281,39265
2021-03-22,"2021-03-22 23:30:03",51,6344,144,18581,281,39408,281,39408
2021-03-23,"2021-03-23 00:30:03",29,3661,139,18550,283,39601,283,39601
2021-03-23,"2021-03-23 01:30:03",30,3843,140,18732,283,39783,283,39783
2021-03-23,"2021-03-23 02:30:02",30,3999,140,18888,283,39939,283,39939
2021-03-23,"2021-03-23 03:30:03",32,4117,142,19006,285,40057,285,40057
2021-03-23,"2021-03-23 04:30:02",32,4250,142,19139,285,40190,285,40190
2021-03-23,"2021-03-23 05:30:03",34,4307,143,19196,286,40247,286,40247
2021-03-23,"2021-03-23 06:30:03",34,4355,143,19244,286,40295,286,40295
2021-03-23,"2021-03-23 07:30:02",35,4417,144,19306,287,40357,287,40357
2021-03-23,"2021-03-23 08:30:02",35,4510,144,19399,287,40450,287,40450
2021-03-23,"2021-03-23 09:30:03",35,4619,144,19508,287,40559,287,40559
2021-03-23,"2021-03-23 10:30:03",37,4763,146,19652,289,40703,289,40703
2021-03-23,"2021-03-23 11:30:03",38,4896,147,19785,290,40836,290,40836
2021-03-23,"2021-03-23 12:30:03",38,5048,147,19937,290,40988,290,40988
2021-03-23,"2021-03-23 13:30:03",39,5203,148,20092,291,41143,291,41143
2021-03-23,"2021-03-23 14:30:02",44,5356,153,20245,294,41296,294,41296
2021-03-23,"2021-03-23 15:30:03",45,5545,154,20434,295,41485,295,41485
2021-03-23,"2021-03-23 16:30:03",46,5701,155,20590,296,41641,296,41641
2021-03-23,"2021-03-23 17:30:03",49,5866,157,20755,298,41806,298,41806
2021-03-23,"2021-03-23 18:30:03",53,6007,161,20896,301,41947,301,41947
2021-03-23,"2021-03-23 19:30:03",55,6141,162,21030,302,42081,302,42081
2021-03-23,"2021-03-23 20:30:03",56,6270,162,21159,302,42210,302,42210
2021-03-23,"2021-03-23 21:30:03",57,6399,162,21288,302,42339,302,42339
2021-03-23,"2021-03-23 22:30:03",59,6581,163,21470,303,42521,303,42521
2021-03-23,"2021-03-23 23:30:03",60,6738,164,21627,304,42678,304,42678
2021-03-24,"2021-03-24 00:30:02",37,3308,154,19759,304,42815,304,42815
2021-03-24,"2021-03-24 01:30:03",39,3427,155,19878,305,42934,305,42934
2021-03-24,"2021-03-24 02:30:03",40,3529,155,19980,305,43036,305,43036
2021-03-24,"2021-03-24 03:30:03",40,3669,155,20120,305,43176,305,43176
2021-03-24,"2021-03-24 04:30:03",41,3748,156,20199,306,43255,306,43255
2021-03-24,"2021-03-24 05:30:03",42,3853,157,20304,307,43360,307,43360
2021-03-24,"2021-03-24 06:30:03",44,3905,158,20356,308,43412,308,43412
2021-03-24,"2021-03-24 07:30:02",44,3973,158,20424,308,43480,308,43480
2021-03-24,"2021-03-24 08:30:03",44,4059,158,20510,308,43566,308,43566
2021-03-24,"2021-03-24 09:30:03",46,4138,159,20589,309,43645,309,43645
2021-03-24,"2021-03-24 10:30:03",46,4218,159,20669,309,43725,309,43725
2021-03-24,"2021-03-24 11:30:03",47,4300,160,20751,310,43807,310,43807
2021-03-24,"2021-03-24 12:30:03",48,4366,161,20817,311,43873,311,43873
2021-03-24,"2021-03-24 13:30:03",50,4468,163,20919,312,43975,312,43975
2021-03-24,"2021-03-24 14:30:03",54,4588,166,21039,315,44095,315,44095
2021-03-24,"2021-03-24 15:30:03",55,4716,167,21167,315,44223,315,44223
2021-03-24,"2021-03-24 16:30:03",56,4869,167,21320,315,44376,315,44376
2021-03-24,"2021-03-24 17:30:02",59,5066,169,21517,316,44573,316,44573
2021-03-24,"2021-03-24 18:30:02",62,5235,171,21686,318,44742,318,44742
2021-03-24,"2021-03-24 19:30:03",64,5416,172,21867,319,44923,319,44923
2021-03-24,"2021-03-24 20:30:03",65,5588,173,22039,319,45095,319,45095
2021-03-24,"2021-03-24 21:30:03",67,5755,174,22206,320,45262,320,45262
2021-03-24,"2021-03-24 22:30:03",69,5909,176,22360,322,45416,322,45416
2021-03-24,"2021-03-24 23:30:02",78,6120,184,22571,330,45623,330,45623
2021-03-25,"2021-03-25 00:30:03",55,3027,177,20700,337,45780,337,45780
2021-03-25,"2021-03-25 01:30:03",62,3177,183,20850,343,45930,343,45930
2021-03-25,"2021-03-25 02:30:03",68,3299,189,20972,348,46052,348,46052
2021-03-25,"2021-03-25 03:30:02",74,3415,195,21088,354,46168,354,46168
2021-03-25,"2021-03-25 04:30:03",76,3483,195,21156,354,46236,354,46236
2021-03-25,"2021-03-25 05:30:03",82,3560,199,21233,358,46313,358,46313
2021-03-25,"2021-03-25 06:30:02",85,3634,201,21307,360,46387,360,46387
2021-03-25,"2021-03-25 07:30:03",87,3754,203,21427,362,46507,362,46507
2021-03-25,"2021-03-25 08:30:02",92,3865,207,21538,366,46618,366,46618
2021-03-25,"2021-03-25 09:30:03",94,3987,209,21660,368,46740,368,46740
2021-03-25,"2021-03-25 10:30:02",97,4091,211,21764,370,46844,370,46844
2021-03-25,"2021-03-25 11:30:03",102,4146,214,21819,373,46899,373,46899
2021-03-25,"2021-03-25 12:30:03",106,4242,218,21915,377,46995,377,46995
2021-03-25,"2021-03-25 13:30:03",108,4325,220,21998,379,47078,379,47078
2021-03-25,"2021-03-25 14:30:02",115,4452,227,22125,386,47205,386,47205
2021-03-25,"2021-03-25 15:30:03",125,4653,236,22326,394,47406,394,47406
2021-03-25,"2021-03-25 16:30:03",133,4841,243,22514,401,47594,401,47594
2021-03-25,"2021-03-25 17:30:03",138,5011,248,22684,405,47764,405,47764
2021-03-25,"2021-03-25 18:30:03",142,5206,252,22879,407,47959,407,47959
2021-03-25,"2021-03-25 19:30:03",149,5414,259,23087,413,48167,413,48167
2021-03-25,"2021-03-25 20:30:03",158,5637,268,23310,421,48390,421,48390
2021-03-25,"2021-03-25 21:30:03",164,5882,274,23555,427,48635,427,48635
2021-03-25,"2021-03-25 22:30:02",170,6109,280,23782,433,48862,433,48862
2021-03-25,"2021-03-25 23:30:03",177,6275,287,23948,440,49028,440,49028
2021-03-26,"2021-03-26 00:30:02",146,3502,271,21312,443,49195,443,49195
2021-03-26,"2021-03-26 01:30:03",148,3656,273,21466,444,49349,444,49349
2021-03-26,"2021-03-26 02:30:03",148,3836,273,21646,444,49529,444,49529
2021-03-26,"2021-03-26 03:30:03",148,3988,273,21798,444,49681,444,49681
2021-03-26,"2021-03-26 04:30:03",150,4173,275,21983,446,49866,446,49866
2021-03-26,"2021-03-26 05:30:02",151,4290,276,22100,447,49983,447,49983
2021-03-26,"2021-03-26 06:30:02",153,4375,278,22185,449,50068,449,50068
2021-03-26,"2021-03-26 07:30:03",157,4492,281,22302,451,50185,451,50185
2021-03-26,"2021-03-26 08:30:03",160,4667,284,22477,454,50360,454,50360
2021-03-26,"2021-03-26 09:30:03",163,4790,287,22600,457,50483,457,50483
2021-03-26,"2021-03-26 10:30:03",166,4937,288,22747,458,50630,458,50630
2021-03-26,"2021-03-26 11:30:03",173,5161,295,22971,465,50854,465,50854
2021-03-26,"2021-03-26 12:30:03",174,5448,296,23258,466,51141,466,51141
2021-03-26,"2021-03-26 13:30:03",181,5682,303,23492,469,51375,469,51375
2021-03-26,"2021-03-26 14:30:02",185,5915,306,23725,472,51608,472,51608
2021-03-26,"2021-03-26 15:30:02",187,6319,308,24129,474,52012,474,52012
2021-03-26,"2021-03-26 16:30:02",189,6702,310,24512,476,52395,476,52395
2021-03-26,"2021-03-26 17:30:03",195,7151,316,24961,482,52844,482,52844
2021-03-26,"2021-03-26 18:30:03",197,7751,318,25561,484,53444,484,53444
2021-03-26,"2021-03-26 19:30:03",200,8457,321,26267,487,54150,487,54150
2021-03-26,"2021-03-26 20:30:03",203,9265,324,27075,490,54958,490,54958
2021-03-26,"2021-03-26 21:30:02",208,10136,328,27946,494,55829,494,55829
2021-03-26,"2021-03-26 22:30:03",215,11081,335,28891,501,56774,501,56774
2021-03-26,"2021-03-26 23:30:02",222,11993,342,29803,508,57686,508,57686
2021-03-27,"2021-03-27 00:30:02",99,9274,335,27891,516,58393,516,58393
2021-03-27,"2021-03-27 01:30:02",108,9817,344,28434,522,58936,522,58936
2021-03-27,"2021-03-27 02:30:02",114,10254,350,28871,527,59373,527,59373
2021-03-27,"2021-03-27 03:30:03",114,10571,350,29188,527,59690,527,59690
2021-03-27,"2021-03-27 04:30:02",120,10966,356,29583,533,60085,533,60085
2021-03-27,"2021-03-27 05:30:02",122,11252,357,29869,534,60371,534,60371
2021-03-27,"2021-03-27 06:30:03",122,11520,357,30137,534,60639,534,60639
2021-03-27,"2021-03-27 07:30:03",122,11735,357,30352,534,60854,534,60854
2021-03-27,"2021-03-27 08:30:03",125,11995,360,30612,535,61114,535,61114
2021-03-27,"2021-03-27 09:30:02",127,12308,361,30925,536,61427,536,61427
2021-03-27,"2021-03-27 10:30:03",128,12708,362,31325,537,61827,537,61827
2021-03-27,"2021-03-27 11:30:03",132,13142,366,31759,541,62261,541,62261
2021-03-27,"2021-03-27 12:30:03",136,13578,370,32195,545,62697,545,62697
2021-03-27,"2021-03-27 13:30:03",138,13982,372,32599,547,63101,547,63101
2021-03-27,"2021-03-27 14:30:03",142,14399,375,33016,549,63518,549,63518
2021-03-27,"2021-03-27 15:30:02",147,14805,380,33422,554,63924,554,63924
2021-03-27,"2021-03-27 16:30:03",152,15393,385,34010,559,64512,559,64512
2021-03-27,"2021-03-27 17:30:03",160,16167,392,34784,566,65286,566,65286
2021-03-27,"2021-03-27 18:30:03",162,16852,394,35469,567,65971,567,65971
2021-03-27,"2021-03-27 19:30:03",164,17589,395,36206,567,66708,567,66708
2021-03-27,"2021-03-27 20:30:03",168,18341,399,36958,571,67460,571,67460
2021-03-27,"2021-03-27 21:30:03",178,19184,406,37801,578,68303,578,68303
2021-03-27,"2021-03-27 22:30:03",181,19897,409,38514,581,69016,581,69016
2021-03-27,"2021-03-27 23:30:03",189,20460,416,39077,587,69579,587,69579
2021-03-28,"2021-03-28 00:30:03",117,11971,412,36957,593,70021,593,70021
2021-03-28,"2021-03-28 01:30:03",119,12291,414,37277,595,70341,595,70341
2021-03-28,"2021-03-28 02:30:03",125,12646,419,37632,600,70696,600,70696
2021-03-28,"2021-03-28 03:30:03",129,13045,422,38031,603,71095,603,71095
2021-03-28,"2021-03-28 04:30:03",130,13465,422,38451,603,71515,603,71515
2021-03-28,"2021-03-28 05:30:03",133,13712,424,38698,605,71762,605,71762
2021-03-28,"2021-03-28 06:30:03",135,13849,426,38835,607,71899,607,71899
2021-03-28,"2021-03-28 07:30:03",135,14037,426,39023,607,72087,607,72087
2021-03-28,"2021-03-28 08:30:02",137,14284,428,39270,609,72334,609,72334
2021-03-28,"2021-03-28 09:30:03",138,14539,429,39525,610,72589,610,72589
2021-03-28,"2021-03-28 10:30:03",142,14812,432,39798,612,72862,612,72862
2021-03-28,"2021-03-28 11:30:03",147,15205,435,40191,614,73255,614,73255
2021-03-28,"2021-03-28 12:30:03",153,15699,439,40685,616,73749,616,73749
2021-03-28,"2021-03-28 13:30:03",160,16136,442,41122,619,74186,619,74186
2021-03-28,"2021-03-28 14:30:03",166,16662,445,41648,622,74712,622,74712
2021-03-28,"2021-03-28 15:30:03",173,17335,450,42321,626,75385,626,75385
2021-03-28,"2021-03-28 16:30:03",181,17934,456,42920,632,75984,632,75984
2021-03-28,"2021-03-28 17:30:02",186,18617,460,43603,636,76667,636,76667
2021-03-28,"2021-03-28 18:30:03",192,19573,464,44559,639,77623,639,77623
2021-03-28,"2021-03-28 19:30:02",202,20395,471,45381,644,78445,644,78445
2021-03-28,"2021-03-28 20:30:03",209,21169,478,46155,650,79219,650,79219
2021-03-28,"2021-03-28 21:30:02",215,21924,482,46910,654,79974,654,79974
2021-03-28,"2021-03-28 22:30:03",219,22569,486,47555,658,80619,658,80619
2021-03-28,"2021-03-28 23:30:03",223,23065,490,48051,662,81115,662,81115
2021-03-29,"2021-03-29 00:30:03",130,11856,479,45715,665,81655,665,81655
2021-03-29,"2021-03-29 01:30:03",133,12284,481,46143,667,82083,667,82083
2021-03-29,"2021-03-29 02:30:03",137,12657,483,46516,669,82456,669,82456
2021-03-29,"2021-03-29 03:30:03",139,12911,485,46770,671,82710,671,82710
2021-03-29,"2021-03-29 04:30:03",140,13139,486,46998,672,82938,672,82938
2021-03-29,"2021-03-29 05:30:03",144,13408,488,47267,674,83207,674,83207
2021-03-29,"2021-03-29 06:30:03",144,13784,488,47643,674,83583,674,83583
2021-03-29,"2021-03-29 07:30:03",150,14214,493,48073,678,84013,678,84013
2021-03-29,"2021-03-29 08:30:03",161,14682,500,48541,683,84481,683,84481
2021-03-29,"2021-03-29 09:30:03",166,15011,503,48870,685,84810,685,84810
2021-03-29,"2021-03-29 10:30:03",172,15245,508,49104,690,85044,690,85044
2021-03-29,"2021-03-29 11:30:03",174,15445,510,49304,692,85244,692,85244
2021-03-29,"2021-03-29 12:30:03",178,15713,513,49572,695,85512,695,85512
2021-03-29,"2021-03-29 13:30:03",184,16001,516,49860,697,85800,697,85800
2021-03-29,"2021-03-29 14:30:03",186,16320,518,50179,699,86119,699,86119
2021-03-29,"2021-03-29 15:30:03",193,16661,522,50520,701,86460,701,86460
2021-03-29,"2021-03-29 16:30:03",198,16966,527,50825,705,86765,705,86765
2021-03-29,"2021-03-29 17:30:02",207,17415,534,51274,712,87214,712,87214
2021-03-29,"2021-03-29 18:30:03",210,17933,536,51792,714,87732,714,87732
2021-03-29,"2021-03-29 19:30:03",222,18396,544,52255,722,88195,722,88195
2021-03-29,"2021-03-29 20:30:03",229,18859,550,52718,727,88658,727,88658
2021-03-29,"2021-03-29 21:30:03",241,19225,559,53084,736,89024,736,89024
2021-03-29,"2021-03-29 22:30:03",254,19625,568,53484,745,89424,745,89424
2021-03-29,"2021-03-29 23:30:03",256,19903,569,53762,746,89702,746,89702
2021-03-30,"2021-03-30 00:30:03",159,8530,559,50433,748,89940,748,89940
2021-03-30,"2021-03-30 01:30:03",168,8757,565,50660,754,90167,754,90167
2021-03-30,"2021-03-30 02:30:03",172,8989,568,50892,757,90399,757,90399
2021-03-30,"2021-03-30 03:30:03",176,9272,572,51175,761,90682,761,90682
2021-03-30,"2021-03-30 04:30:03",177,9532,573,51435,762,90942,762,90942
2021-03-30,"2021-03-30 05:30:03",179,9706,575,51609,764,91116,764,91116
2021-03-30,"2021-03-30 06:30:03",181,9865,577,51768,766,91275,766,91275
2021-03-30,"2021-03-30 07:30:02",186,10113,582,52016,770,91523,770,91523
2021-03-30,"2021-03-30 08:30:03",188,10324,583,52227,771,91734,771,91734
2021-03-30,"2021-03-30 09:30:03",192,10505,584,52408,772,91915,772,91915
2021-03-30,"2021-03-30 10:30:03",194,10714,586,52617,774,92124,774,92124
2021-03-30,"2021-03-30 11:30:03",196,10926,587,52829,775,92336,775,92336
2021-03-30,"2021-03-30 12:30:03",200,11194,590,53097,778,92604,778,92604
2021-03-30,"2021-03-30 13:30:03",204,11433,591,53336,779,92843,779,92843
2021-03-30,"2021-03-30 14:30:03",212,11749,596,53652,784,93159,784,93159
2021-03-30,"2021-03-30 15:30:03",218,12084,600,53987,787,93494,787,93494
2021-03-30,"2021-03-30 16:30:03",219,12516,601,54419,788,93926,788,93926
2021-03-30,"2021-03-30 17:30:03",225,12975,605,54878,792,94385,792,94385
2021-03-30,"2021-03-30 18:30:02",229,13387,606,55290,793,94797,793,94797
2021-03-30,"2021-03-30 19:30:03",232,13861,609,55764,795,95271,795,95271
2021-03-30,"2021-03-30 20:30:03",238,14428,613,56331,798,95838,798,95838
2021-03-30,"2021-03-30 21:30:03",242,14959,617,56862,802,96369,802,96369
2021-03-30,"2021-03-30 22:30:03",247,15520,621,57423,806,96930,806,96930
2021-03-30,"2021-03-30 23:30:03",249,15935,622,57838,807,97345,807,97345
2021-03-31,"2021-03-31 00:30:02",137,7849,604,54924,811,97677,811,97677
2021-03-31,"2021-03-31 01:30:03",140,8133,604,55208,811,97961,811,97961
2021-03-31,"2021-03-31 02:30:03",142,8372,605,55447,812,98200,812,98200
2021-03-31,"2021-03-31 03:30:03",150,8657,609,55732,815,98485,815,98485
2021-03-31,"2021-03-31 04:30:03",152,8964,611,56039,817,98792,817,98792
2021-03-31,"2021-03-31 05:30:03",152,9175,611,56250,817,99003,817,99003
2021-03-31,"2021-03-31 06:30:03",154,9429,613,56504,819,99257,819,99257
2021-03-31,"2021-03-31 07:30:03",154,9651,613,56726,819,99479,819,99479
2021-03-31,"2021-03-31 08:30:02",155,9847,614,56922,820,99675,820,99675
2021-03-31,"2021-03-31 09:30:03",156,10044,614,57119,820,99872,820,99872
2021-03-31,"2021-03-31 10:30:03",157,10236,615,57311,820,100064,820,100064
2021-03-31,"2021-03-31 11:30:03",161,10482,618,57557,823,100310,823,100310
2021-03-31,"2021-03-31 12:30:03",163,10791,620,57866,824,100619,824,100619
2021-03-31,"2021-03-31 13:30:03",169,11109,624,58184,828,100937,828,100937
2021-03-31,"2021-03-31 14:30:02",172,11440,627,58515,830,101268,830,101268
2021-03-31,"2021-03-31 15:30:02",179,11771,633,58846,836,101599,836,101599
2021-03-31,"2021-03-31 16:30:03",184,12162,636,59237,838,101990,838,101990
2021-03-31,"2021-03-31 17:30:03",189,12522,638,59597,840,102350,840,102350
2021-03-31,"2021-03-31 18:30:03",193,12912,640,59987,842,102740,842,102740
2021-03-31,"2021-03-31 19:30:03",202,13338,645,60413,846,103166,846,103166
2021-03-31,"2021-03-31 20:30:03",205,13809,647,60884,847,103637,847,103637
2021-03-31,"2021-03-31 21:30:03",210,14214,652,61289,852,104042,852,104042
2021-03-31,"2021-03-31 22:30:03",213,14605,654,61680,854,104433,854,104433
2021-03-31,"2021-03-31 23:30:03",222,14999,663,62074,863,104827,863,104827
2021-04-01,"2021-04-01 00:30:03",118,7729,640,59534,865,105227,865,105227
2021-04-01,"2021-04-01 01:30:03",123,8090,643,59895,868,105588,868,105588
2021-04-01,"2021-04-01 02:30:03",123,8409,643,60214,868,105907,868,105907
2021-04-01,"2021-04-01 03:30:03",123,8620,643,60425,868,106118,868,106118
2021-04-01,"2021-04-01 04:30:03",125,8819,644,60624,868,106317,868,106317
2021-04-01,"2021-04-01 05:30:03",125,9021,644,60826,868,106519,868,106519
2021-04-01,"2021-04-01 06:30:03",125,9260,644,61065,868,106758,868,106758
2021-04-01,"2021-04-01 07:30:02",130,9554,648,61359,869,107052,869,107048
2021-04-01,"2021-04-01 08:30:03",135,9746,652,61551,873,107244,873,107244
2021-04-01,"2021-04-01 09:30:03",139,10007,655,61812,876,107505,876,107505
2021-04-01,"2021-04-01 10:30:03",146,10305,658,62110,878,107803,878,107803
2021-04-01,"2021-04-01 11:30:03",148,10553,660,62358,880,108051,880,108051
2021-04-01,"2021-04-01 12:30:03",151,10812,663,62617,883,108310,883,108310
2021-04-01,"2021-04-01 13:30:03",156,11050,667,62855,886,108548,886,108548
2021-04-01,"2021-04-01 14:30:03",159,11451,669,63256,888,108949,888,108949
2021-04-01,"2021-04-01 15:30:03",162,11782,671,63587,889,109280,889,109280
2021-04-01,"2021-04-01 16:30:03",166,12092,674,63897,890,109590,890,109590
2021-04-01,"2021-04-01 17:30:03",170,12484,676,64289,892,109982,892,109982
2021-04-01,"2021-04-01 18:30:02",178,12925,680,64730,896,110423,896,110423
2021-04-01,"2021-04-01 19:30:03",185,13364,683,65169,898,110862,898,110862
2021-04-01,"2021-04-01 20:30:03",191,13858,688,65663,903,111356,903,111356
2021-04-01,"2021-04-01 21:30:03",195,14347,691,66152,905,111845,905,111845
2021-04-01,"2021-04-01 22:30:02",200,14858,695,66663,908,112356,908,112356
2021-04-01,"2021-04-01 23:30:02",204,15206,698,67011,910,112704,910,112704
2021-04-02,"2021-04-02 00:30:03",119,8072,613,63978,910,112925,910,113097
2021-04-02,"2021-04-02 01:30:03",120,8426,614,64332,911,113279,911,113451
2021-04-02,"2021-04-02 02:30:03",122,8654,615,64560,912,113507,912,113679
2021-04-02,"2021-04-02 03:30:03",122,8797,615,64703,912,113650,912,113822
2021-04-02,"2021-04-02 04:30:03",123,8954,615,64860,912,113807,912,113979
2021-04-02,"2021-04-02 05:30:02",125,9106,617,65012,912,113959,912,114131
2021-04-02,"2021-04-02 06:30:02",127,9247,619,65153,913,114100,913,114272
2021-04-02,"2021-04-02 07:30:03",128,9448,620,65354,913,114301,913,114473
2021-04-02,"2021-04-02 08:30:03",133,9700,623,65606,915,114553,915,114725
2021-04-02,"2021-04-02 09:30:03",136,9927,625,65833,917,114780,917,114952
2021-04-02,"2021-04-02 10:30:02",140,10175,628,66081,919,115028,919,115200
2021-04-02,"2021-04-02 11:30:03",140,10446,628,66352,919,115299,919,115471
2021-04-02,"2021-04-02 12:30:03",143,10648,628,66554,919,115501,919,115673
2021-04-02,"2021-04-02 13:30:03",146,10897,630,66803,921,115750,921,115922
2021-04-02,"2021-04-02 14:30:03",148,11205,631,67111,922,116058,922,116230
2021-04-02,"2021-04-02 15:30:03",152,11515,632,67421,923,116368,923,116540
2021-04-02,"2021-04-02 16:30:03",159,11932,638,67838,929,116785,929,116957
2021-04-02,"2021-04-02 17:30:02",165,12317,641,68223,932,117170,932,117342
2021-04-02,"2021-04-02 18:30:03",173,12660,649,68566,937,117513,937,117685
2021-04-02,"2021-04-02 19:30:03",176,13071,652,68977,939,117924,939,118096
2021-04-02,"2021-04-02 20:30:02",185,13432,657,69338,942,118285,942,118457
2021-04-02,"2021-04-02 21:30:03",195,13852,662,69758,946,118705,946,118877
2021-04-02,"2021-04-02 22:30:03",201,14268,668,70174,952,119121,952,119293
2021-04-02,"2021-04-02 23:30:03",202,14603,668,70509,952,119456,952,119628
2021-04-03,"2021-04-03 00:30:03",107,6967,616,61822,954,119456,954,119872
2021-04-03,"2021-04-03 01:30:03",109,7334,616,62189,954,119823,954,120239
2021-04-03,"2021-04-03 02:30:03",111,7612,617,62467,955,120101,955,120517
2021-04-03,"2021-04-03 03:30:02",115,7822,618,62677,956,120311,956,120727
2021-04-03,"2021-04-03 04:30:03",120,8104,622,62959,959,120593,959,121009
2021-04-03,"2021-04-03 05:30:03",127,8277,626,63132,963,120766,963,121182
2021-04-03,"2021-04-03 06:30:03",127,8406,626,63261,963,120895,963,121311
2021-04-03,"2021-04-03 07:30:03",128,8543,626,63398,963,121032,963,121448
2021-04-03,"2021-04-03 08:30:02",129,8693,627,63548,963,121182,963,121598
2021-04-03,"2021-04-03 09:30:02",133,8911,630,63766,966,121400,966,121816
2021-04-03,"2021-04-03 10:30:03",136,9098,632,63953,967,121587,967,122003
2021-04-03,"2021-04-03 11:30:03",137,9267,632,64122,967,121756,967,122172
2021-04-03,"2021-04-03 12:30:03",141,9504,635,64359,970,121993,970,122409
2021-04-03,"2021-04-03 13:30:02",142,9719,636,64574,971,122208,971,122624
2021-04-03,"2021-04-03 14:30:03",144,10015,638,64870,973,122504,973,122920
2021-04-03,"2021-04-03 15:30:03",148,10297,641,65152,976,122786,976,123202
2021-04-03,"2021-04-03 16:30:04",151,10635,644,65490,979,123124,979,123540
2021-04-03,"2021-04-03 17:30:03",155,11037,645,65889,980,123523,980,123939
2021-04-03,"2021-04-03 18:30:03",158,11443,647,66284,981,123918,981,124334
2021-04-03,"2021-04-03 19:30:03",164,11724,652,66579,985,124213,985,124629
2021-04-03,"2021-04-03 20:30:03",166,12090,653,66945,986,124579,986,124995
2021-04-03,"2021-04-03 21:30:03",175,12533,658,67388,991,125022,991,125438
2021-04-03,"2021-04-03 22:30:03",178,12932,659,67787,991,125421,991,125837
2021-04-03,"2021-04-03 23:30:03",184,13237,663,68092,995,125726,995,126142
2021-04-04,"2021-04-04 00:30:03",111,6682,597,56651,998,125590,999,126450
2021-04-04,"2021-04-04 01:30:02",117,7012,602,56981,1003,125920,1004,126780
2021-04-04,"2021-04-04 02:30:03",121,7303,605,57272,1005,126211,1006,127071
2021-04-04,"2021-04-04 03:30:03",124,7540,605,57509,1005,126448,1006,127308
2021-04-04,"2021-04-04 04:30:02",125,7827,606,57796,1006,126735,1007,127595
2021-04-04,"2021-04-04 05:30:03",128,8037,608,58006,1008,126945,1009,127805
2021-04-04,"2021-04-04 06:30:04",134,8208,613,58177,1013,127116,1014,127976
2021-04-04,"2021-04-04 07:30:03",136,8338,614,58307,1014,127246,1015,128106
2021-04-04,"2021-04-04 08:30:02",142,8565,618,58534,1016,127473,1017,128333
2021-04-04,"2021-04-04 09:30:03",145,8817,620,58786,1017,127725,1018,128585
2021-04-04,"2021-04-04 10:30:03",148,9105,621,59074,1017,128013,1018,128873
2021-04-04,"2021-04-04 11:30:03",151,9404,623,59373,1018,128312,1019,129172
2021-04-04,"2021-04-04 12:30:03",155,9715,627,59684,1022,128623,1023,129483
2021-04-04,"2021-04-04 13:30:03",157,10013,629,59982,1023,128921,1024,129781
2021-04-04,"2021-04-04 14:30:02",161,10359,632,60328,1026,129267,1027,130127
2021-04-04,"2021-04-04 15:30:02",163,10598,633,60567,1026,129506,1027,130366
2021-04-04,"2021-04-04 16:30:03",171,10919,639,60888,1032,129827,1033,130687
2021-04-04,"2021-04-04 17:30:02",174,11312,642,61281,1035,130220,1036,131080
2021-04-04,"2021-04-04 18:30:03",179,11704,645,61673,1037,130612,1038,131472
2021-04-04,"2021-04-04 19:30:03",183,12088,649,62057,1041,130996,1042,131856
2021-04-04,"2021-04-04 20:30:03",193,12488,654,62457,1046,131396,1047,132256
2021-04-04,"2021-04-04 21:30:03",196,12845,655,62814,1047,131753,1048,132613
2021-04-04,"2021-04-04 22:30:03",199,13220,657,63189,1048,132128,1049,132988
2021-04-04,"2021-04-04 23:30:03",202,13569,659,63538,1049,132477,1050,133337
2021-04-05,"2021-04-05 00:30:03",123,7309,589,52209,1046,131890,1050,133619
2021-04-05,"2021-04-05 01:30:03",128,7584,592,52484,1048,132165,1052,133894
2021-04-05,"2021-04-05 02:30:03",131,7809,595,52709,1050,132390,1054,134119
2021-04-05,"2021-04-05 03:30:03",135,8014,598,52914,1052,132595,1056,134320
2021-04-05,"2021-04-05 04:30:03",137,8206,598,53106,1052,132787,1056,134516
2021-04-05,"2021-04-05 05:30:03",140,8352,600,53252,1054,132933,1058,134662
2021-04-05,"2021-04-05 06:30:03",142,8547,602,53447,1055,133128,1059,134857
2021-04-05,"2021-04-05 07:30:03",144,8704,604,53604,1057,133285,1061,135014
2021-04-05,"2021-04-05 08:30:03",144,8885,604,53785,1057,133466,1061,135195
2021-04-05,"2021-04-05 09:30:03",147,9034,605,53934,1058,133615,1062,135344
2021-04-05,"2021-04-05 10:30:02",151,9250,606,54150,1059,133831,1063,135560
2021-04-05,"2021-04-05 11:30:03",155,9480,609,54380,1061,134061,1065,135790
2021-04-05,"2021-04-05 12:30:02",158,9687,610,54587,1062,134268,1066,135997
2021-04-05,"2021-04-05 13:30:03",161,9925,612,54825,1064,134506,1068,136235
2021-04-05,"2021-04-05 14:30:03",165,10212,616,55112,1068,134793,1072,136522
2021-04-05,"2021-04-05 15:30:03",170,10556,618,55456,1069,135137,1073,136866
2021-04-05,"2021-04-05 16:30:03",182,10963,626,55863,1076,135544,1080,137273
2021-04-05,"2021-04-05 17:30:03",186,11326,630,56226,1080,135907,1084,137636
2021-04-05,"2021-04-05 18:30:02",194,11747,635,56647,1083,136328,1087,138057
2021-04-05,"2021-04-05 19:30:03",200,12157,639,57057,1085,136738,1089,138467
2021-04-05,"2021-04-05 20:30:03",205,12619,643,57519,1087,137200,1091,138929
2021-04-05,"2021-04-05 21:30:03",209,12918,646,57818,1089,137499,1093,139228
2021-04-05,"2021-04-05 22:30:03",212,13245,649,58145,1092,137826,1096,139555
2021-04-05,"2021-04-05 23:30:03",214,13654,650,58554,1093,138235,1097,139964
2021-04-06,"2021-04-06 00:30:02",134,6909,578,50570,1093,137588,1102,140398
2021-04-06,"2021-04-06 01:30:03",137,7207,581,50868,1095,137886,1104,140696
2021-04-06,"2021-04-06 02:30:03",144,7523,586,51184,1098,138202,1107,141012
2021-04-06,"2021-04-06 03:30:02",147,7808,587,51469,1099,138487,1108,141297
2021-04-06,"2021-04-06 04:30:02",151,7978,591,51639,1100,138657,1109,141467
2021-04-06,"2021-04-06 05:30:03",151,8108,591,51769,1100,138787,1109,141597
2021-04-06,"2021-04-06 06:30:02",152,8248,592,51909,1101,138927,1110,141737
2021-04-06,"2021-04-06 07:30:03",160,8476,598,52137,1105,139155,1114,141965
2021-04-06,"2021-04-06 08:30:03",167,8710,601,52371,1107,139389,1116,142199
2021-04-06,"2021-04-06 09:30:03",172,8902,604,52563,1108,139581,1117,142391
2021-04-06,"2021-04-06 10:30:03",178,9093,610,52754,1111,139772,1120,142582
2021-04-06,"2021-04-06 11:30:03",184,9312,614,52973,1114,139991,1123,142801
2021-04-06,"2021-04-06 12:30:03",193,9612,620,53273,1120,140291,1129,143101
2021-04-06,"2021-04-06 13:30:03",201,9939,627,53600,1125,140618,1134,143428
2021-04-06,"2021-04-06 14:30:03",208,10200,631,53861,1127,140879,1136,143689
2021-04-06,"2021-04-06 15:30:03",214,10532,635,54193,1129,141211,1138,144021
2021-04-06,"2021-04-06 16:30:03",218,10914,638,54575,1130,141593,1139,144403
2021-04-06,"2021-04-06 17:30:02",220,11198,640,54859,1132,141877,1141,144687
2021-04-06,"2021-04-06 18:30:03",230,11616,647,55277,1139,142295,1148,145105
2021-04-06,"2021-04-06 19:30:02",231,11847,648,55508,1140,142526,1149,145336
2021-04-06,"2021-04-06 20:30:03",238,12094,653,55755,1144,142772,1153,145582
2021-04-06,"2021-04-06 21:30:03",251,12447,662,56108,1151,143126,1160,145936
2021-04-06,"2021-04-06 22:30:03",257,12878,666,56539,1155,143557,1164,146367
2021-04-06,"2021-04-06 23:30:03",271,13290,676,56951,1163,143969,1172,146779
2021-04-07,"2021-04-07 00:30:03",178,6825,606,49567,1161,142822,1176,147065
2021-04-07,"2021-04-07 01:30:03",181,7004,609,49746,1163,143001,1178,147244
2021-04-07,"2021-04-07 02:30:03",191,7224,617,49966,1171,143221,1186,147464
2021-04-07,"2021-04-07 03:30:03",193,7472,619,50214,1173,143469,1188,147712
2021-04-07,"2021-04-07 04:30:03",198,7663,621,50405,1175,143660,1190,147903
2021-04-07,"2021-04-07 05:30:03",201,7766,623,50508,1177,143763,1192,148006
2021-04-07,"2021-04-07 06:30:03",204,7928,626,50670,1180,143925,1195,148168
2021-04-07,"2021-04-07 07:30:03",205,8155,627,50897,1180,144152,1195,148395
2021-04-07,"2021-04-07 08:30:02",208,8390,629,51132,1182,144387,1197,148630
2021-04-07,"2021-04-07 09:30:03",211,8601,632,51343,1184,144598,1199,148841
2021-04-07,"2021-04-07 10:30:03",217,8854,635,51596,1186,144851,1201,149094
2021-04-07,"2021-04-07 11:30:03",220,9076,637,51818,1187,145071,1202,149314
2021-04-07,"2021-04-07 12:30:03",222,9336,637,52072,1187,145327,1202,149570
2021-04-07,"2021-04-07 13:30:02",230,9525,643,52267,1193,145522,1208,149765
2021-04-07,"2021-04-07 14:30:03",233,9808,646,52550,1195,145805,1210,150048
2021-04-07,"2021-04-07 15:30:03",238,10181,647,52923,1196,146178,1211,150421
2021-04-07,"2021-04-07 16:30:03",249,10514,655,53256,1202,146511,1217,150754
2021-04-07,"2021-04-07 17:30:02",256,10850,658,53592,1203,146847,1218,151090
2021-04-07,"2021-04-07 18:30:03",263,11212,663,53954,1206,147209,1221,151452
2021-04-07,"2021-04-07 19:30:03",263,11627,663,54369,1206,147624,1221,151867
2021-04-07,"2021-04-07 20:30:03",266,11988,666,54730,1208,147985,1223,152228
2021-04-07,"2021-04-07 21:30:02",272,12320,668,55062,1210,148317,1225,152560
2021-04-07,"2021-04-07 22:30:03",281,12726,676,55468,1215,148723,1229,152959
2021-04-07,"2021-04-07 23:30:03",288,13022,681,55764,1218,149019,1233,153262
2021-04-08,"2021-04-08 00:30:03",162,6665,624,48541,1212,147756,1235,153566
2021-04-08,"2021-04-08 01:30:03",165,6884,626,48760,1214,147975,1237,153785
2021-04-08,"2021-04-08 02:30:03",166,7064,626,48940,1214,148155,1237,153965
2021-04-08,"2021-04-08 03:30:02",169,7354,627,49230,1214,148445,1237,154255
2021-04-08,"2021-04-08 04:30:03",173,7641,630,49517,1217,148732,1240,154542
2021-04-08,"2021-04-08 05:30:03",175,7879,631,49755,1218,148970,1241,154780
2021-04-08,"2021-04-08 06:30:02",177,8097,631,49973,1218,149188,1241,154998
2021-04-08,"2021-04-08 07:30:03",181,8366,634,50242,1219,149457,1242,155267
2021-04-08,"2021-04-08 08:30:02",184,8557,636,50433,1219,149648,1242,155458
2021-04-08,"2021-04-08 09:30:03",187,8761,637,50637,1220,149852,1243,155659
2021-04-08,"2021-04-08 10:30:03",190,8985,638,50861,1220,150076,1243,155886
2021-04-08,"2021-04-08 11:30:03",194,9209,640,51085,1221,150300,1244,156110
2021-04-08,"2021-04-08 12:30:03",204,9404,646,51280,1226,150495,1249,156305
2021-04-08,"2021-04-08 13:30:03",208,9625,650,51501,1230,150716,1253,156526
2021-04-08,"2021-04-08 14:30:03",210,9983,652,51859,1232,151074,1255,156884
2021-04-08,"2021-04-08 15:30:03",218,10354,657,52230,1235,151445,1258,157255
2021-04-08,"2021-04-08 16:30:04",225,10748,661,52624,1237,151839,1260,157649
2021-04-08,"2021-04-08 17:30:03",227,11242,662,53118,1238,152333,1261,158143
2021-04-08,"2021-04-08 18:30:04",233,11697,667,53573,1242,152788,1265,158598
2021-04-08,"2021-04-08 19:30:03",241,12243,671,54119,1245,153334,1268,159144
2021-04-08,"2021-04-08 20:30:03",244,12712,673,54588,1247,153803,1270,159613
2021-04-08,"2021-04-08 21:30:03",248,13181,676,55057,1248,154272,1271,160082
2021-04-08,"2021-04-08 22:30:02",252,13565,679,55441,1251,154656,1274,160466
2021-04-08,"2021-04-08 23:30:03",255,14028,680,55904,1252,155119,1275,160929
2021-04-09,"2021-04-09 00:30:03",136,7890,628,48405,1244,153040,1275,161310
2021-04-09,"2021-04-09 01:30:03",142,8196,631,48711,1247,153346,1278,161616
2021-04-09,"2021-04-09 02:30:03",147,8490,636,49005,1251,153640,1282,161910
2021-04-09,"2021-04-09 03:30:03",150,8762,638,49277,1253,153912,1284,162182
2021-04-09,"2021-04-09 04:30:03",158,8961,641,49476,1255,154111,1286,162381
2021-04-09,"2021-04-09 05:30:02",159,9165,642,49680,1256,154315,1287,162585
2021-04-09,"2021-04-09 06:30:03",159,9373,642,49888,1256,154523,1287,162793
2021-04-09,"2021-04-09 07:30:03",163,9562,644,50077,1257,154712,1288,162982
2021-04-09,"2021-04-09 08:30:03",164,9758,644,50273,1257,154908,1288,163178
2021-04-09,"2021-04-09 09:30:03",165,9948,645,50460,1258,155095,1289,163365
2021-04-09,"2021-04-09 10:30:03",165,10125,645,50640,1258,155275,1289,163545
2021-04-09,"2021-04-09 11:30:03",166,10323,646,50838,1259,155473,1290,163743
2021-04-09,"2021-04-09 12:30:03",172,10562,649,51077,1261,155712,1292,163982
2021-04-09,"2021-04-09 13:30:03",177,10809,653,51324,1265,155959,1296,164229
2021-04-09,"2021-04-09 14:30:03",189,11212,659,51727,1268,156362,1299,164632
2021-04-09,"2021-04-09 15:30:03",199,11636,666,52151,1274,156786,1305,165056
2021-04-09,"2021-04-09 16:30:03",204,12066,671,52581,1277,157216,1308,165486
2021-04-09,"2021-04-09 17:30:03",218,12498,679,53013,1282,157642,1313,165912
2021-04-09,"2021-04-09 18:30:02",220,12868,679,53383,1282,158018,1313,166288
2021-04-09,"2021-04-09 19:30:02",230,13289,684,53804,1287,158439,1318,166709
2021-04-09,"2021-04-09 20:30:02",234,13660,685,54175,1288,158810,1319,167080
2021-04-09,"2021-04-09 21:30:03",239,14009,687,54524,1290,159159,1321,167429
2021-04-09,"2021-04-09 22:30:03",240,14390,687,54905,1290,159540,1321,167810
2021-04-09,"2021-04-09 23:30:03",245,14775,690,55290,1291,159925,1322,168195
2021-04-10,"2021-04-10 00:30:03",145,7453,650,48823,1293,157602,1329,168591
2021-04-10,"2021-04-10 01:30:03",148,7698,651,49068,1294,157847,1330,168836
2021-04-10,"2021-04-10 02:30:03",151,7941,653,49311,1295,158090,1331,169079
2021-04-10,"2021-04-10 03:30:02",157,8164,658,49534,1300,158313,1336,169302
2021-04-10,"2021-04-10 04:30:03",162,8369,660,49739,1302,158518,1338,169507
2021-04-10,"2021-04-10 05:30:03",165,8583,661,49953,1303,158732,1339,169721
2021-04-10,"2021-04-10 06:30:03",167,8813,661,50183,1303,158962,1339,169951
2021-04-10,"2021-04-10 07:30:03",170,8954,664,50324,1306,159103,1342,170092
2021-04-10,"2021-04-10 08:30:03",173,9143,666,50513,1306,159292,1342,170281
2021-04-10,"2021-04-10 09:30:03",180,9329,670,50699,1309,159478,1345,170467
2021-04-10,"2021-04-10 10:30:03",184,9576,673,50946,1312,159725,1348,170714
2021-04-10,"2021-04-10 11:30:03",185,9755,674,51125,1313,159904,1349,170893
2021-04-10,"2021-04-10 12:30:03",191,9997,679,51367,1316,160146,1352,171135
2021-04-10,"2021-04-10 13:30:03",199,10292,684,51662,1320,160441,1356,171430
2021-04-10,"2021-04-10 14:30:03",206,10600,688,51970,1322,160749,1358,171738
2021-04-10,"2021-04-10 15:30:03",220,10965,696,52335,1329,161114,1365,172103
2021-04-10,"2021-04-10 16:30:03",227,11356,702,52726,1334,161505,1370,172494
2021-04-10,"2021-04-10 17:30:03",228,11719,703,53089,1335,161868,1371,172857
2021-04-10,"2021-04-10 18:30:03",230,12110,704,53480,1335,162259,1371,173248
2021-04-10,"2021-04-10 19:30:02",236,12468,707,53838,1336,162617,1372,173606
2021-04-10,"2021-04-10 20:30:03",242,12841,712,54211,1339,162990,1375,173979
2021-04-10,"2021-04-10 21:30:03",246,13182,715,54552,1341,163331,1377,174320
2021-04-10,"2021-04-10 22:30:03",252,13552,719,54922,1344,163701,1380,174690
2021-04-10,"2021-04-10 23:30:02",259,13895,725,55265,1347,164044,1383,175033
2021-04-11,"2021-04-11 00:30:03",152,6868,682,48960,1340,162035,1385,175270
2021-04-11,"2021-04-11 01:30:03",159,7107,685,49199,1343,162274,1388,175509
2021-04-11,"2021-04-11 02:30:03",163,7306,688,49398,1345,162473,1390,175708
2021-04-11,"2021-04-11 03:30:03",167,7496,691,49588,1347,162663,1392,175898
2021-04-11,"2021-04-11 04:30:03",174,7698,694,49790,1349,162865,1394,176100
2021-04-11,"2021-04-11 05:30:03",180,7923,698,50015,1352,163090,1397,176325
2021-04-11,"2021-04-11 06:30:03",182,8145,700,50237,1353,163312,1398,176547
2021-04-11,"2021-04-11 07:30:02",184,8317,701,50409,1354,163484,1399,176719
2021-04-11,"2021-04-11 08:30:02",186,8471,703,50563,1356,163638,1401,176873
2021-04-11,"2021-04-11 09:30:03",187,8700,704,50792,1357,163867,1402,177102
2021-04-11,"2021-04-11 10:30:03",192,8897,708,50989,1360,164064,1405,177299
2021-04-11,"2021-04-11 11:30:03",197,9153,711,51245,1363,164320,1408,177555
2021-04-11,"2021-04-11 12:30:03",202,9404,714,51496,1365,164571,1410,177806
2021-04-11,"2021-04-11 13:30:03",210,9746,720,51838,1370,164913,1415,178148
2021-04-11,"2021-04-11 14:30:04",217,10159,723,52251,1371,165326,1416,178561
2021-04-11,"2021-04-11 15:30:03",228,10676,726,52768,1372,165843,1417,179078
2021-04-11,"2021-04-11 16:30:03",237,11144,734,53236,1379,166311,1424,179546
2021-04-11,"2021-04-11 17:30:03",242,11531,737,53623,1382,166698,1427,179933
2021-04-11,"2021-04-11 18:30:03",253,11987,745,54079,1388,167154,1433,180389
2021-04-11,"2021-04-11 19:30:03",260,12461,748,54553,1390,167628,1435,180863
2021-04-11,"2021-04-11 20:30:04",268,13010,753,55102,1392,168177,1437,181412
2021-04-11,"2021-04-11 21:30:04",278,13479,759,55571,1396,168646,1441,181881
2021-04-11,"2021-04-11 22:30:03",286,14077,766,56169,1402,169244,1447,182479
2021-04-11,"2021-04-11 23:30:03",297,14603,775,56695,1409,169770,1454,183005
2021-04-12,"2021-04-12 00:30:03",192,8196,724,49865,1400,167971,1456,183354
2021-04-12,"2021-04-12 01:30:03",197,8503,726,50172,1402,168278,1458,183661
2021-04-12,"2021-04-12 02:30:02",206,8777,732,50446,1408,168552,1464,183935
2021-04-12,"2021-04-12 03:30:03",208,9059,734,50728,1410,168834,1466,184217
2021-04-12,"2021-04-12 04:30:02",213,9307,738,50976,1413,169082,1469,184465
2021-04-12,"2021-04-12 05:30:03",214,9424,738,51093,1413,169199,1469,184582
2021-04-12,"2021-04-12 06:30:03",215,9466,739,51135,1414,169241,1470,184624
2021-04-12,"2021-04-12 07:30:03",218,9598,742,51267,1417,169373,1473,184756
2021-04-12,"2021-04-12 08:30:03",222,9811,745,51480,1420,169586,1476,184969
2021-04-12,"2021-04-12 09:30:03",230,9972,748,51641,1422,169747,1478,185130
2021-04-12,"2021-04-12 10:30:03",233,10133,749,51802,1423,169908,1479,185291
2021-04-12,"2021-04-12 11:30:03",235,10361,751,52030,1424,170136,1480,185519
2021-04-12,"2021-04-12 12:30:03",240,10613,753,52282,1426,170388,1482,185771
2021-04-12,"2021-04-12 13:30:03",247,10871,756,52540,1428,170646,1484,186029
2021-04-12,"2021-04-12 14:30:08",258,11176,760,52845,1432,170951,1488,186334
2021-04-12,"2021-04-12 15:30:14",263,11383,765,53052,1435,171158,1491,186541
2021-04-12,"2021-04-12 16:30:03",273,11817,771,53486,1441,171592,1497,186975
2021-04-12,"2021-04-12 17:30:03",281,12248,775,53917,1444,172023,1500,187406
2021-04-12,"2021-04-12 18:30:05",289,12635,781,54304,1450,172410,1506,187793
2021-04-12,"2021-04-12 19:30:03",298,13106,785,54775,1453,172881,1509,188264
2021-04-12,"2021-04-12 20:30:03",304,13439,787,55108,1455,173214,1511,188597
2021-04-12,"2021-04-12 21:30:03",316,13692,792,55361,1459,173467,1515,188850
2021-04-12,"2021-04-12 22:30:04",321,14333,795,56002,1462,174108,1518,189491
2021-04-12,"2021-04-12 23:30:04",333,14821,801,56490,1467,174596,1523,189979
2021-04-13,"2021-04-13 00:30:03",202,7068,746,50016,1461,173049,1525,190256
2021-04-13,"2021-04-13 01:30:03",211,7377,750,50325,1465,173358,1529,190565
2021-04-13,"2021-04-13 02:30:03",218,7698,753,50646,1466,173679,1530,190886
2021-04-13,"2021-04-13 03:30:03",223,8004,755,50952,1468,173985,1532,191192
2021-04-13,"2021-04-13 04:30:03",226,8274,755,51222,1468,174255,1532,191462
2021-04-13,"2021-04-13 05:30:03",227,8299,756,51247,1469,174280,1533,191487
2021-04-13,"2021-04-13 06:30:03",233,8604,760,51552,1473,174585,1537,191792
2021-04-13,"2021-04-13 07:30:03",234,8800,761,51748,1474,174781,1538,191988
2021-04-13,"2021-04-13 08:30:03",239,9016,764,51964,1477,174997,1541,192204
2021-04-13,"2021-04-13 09:30:03",246,9253,768,52201,1480,175234,1544,192441
2021-04-13,"2021-04-13 10:30:03",255,9500,773,52448,1484,175481,1548,192688
2021-04-13,"2021-04-13 11:30:03",258,9675,774,52623,1484,175656,1548,192863
2021-04-13,"2021-04-13 12:30:02",264,9892,778,52840,1488,175873,1552,193080
2021-04-13,"2021-04-13 13:30:03",271,10164,785,53112,1493,176145,1557,193352
2021-04-13,"2021-04-13 14:30:05",280,10578,790,53526,1497,176559,1561,193766
2021-04-13,"2021-04-13 15:30:03",293,11024,797,53972,1503,177005,1567,194212
2021-04-13,"2021-04-13 16:30:02",300,11500,801,54448,1506,177481,1570,194688
2021-04-13,"2021-04-13 17:30:05",308,12054,808,55002,1510,178035,1574,195242
2021-04-13,"2021-04-13 18:30:03",319,12567,817,55515,1517,178548,1581,195755
2021-04-13,"2021-04-13 19:30:03",324,13042,821,55990,1521,179023,1585,196230
2021-04-13,"2021-04-13 20:30:03",337,13487,827,56435,1526,179468,1590,196675
2021-04-13,"2021-04-13 21:30:03",350,14029,836,56977,1533,180010,1597,197217
2021-04-13,"2021-04-13 22:30:03",358,14564,841,57512,1537,180545,1601,197752
2021-04-13,"2021-04-13 23:30:03",361,14768,843,57716,1539,180749,1603,197956
2021-04-14,"2021-04-14 00:30:03",214,8228,759,51440,1538,179221,1609,198341
2021-04-14,"2021-04-14 01:30:03",223,8461,765,51673,1541,179454,1612,198574
2021-04-14,"2021-04-14 02:30:03",228,8663,769,51875,1545,179656,1616,198776
2021-04-14,"2021-04-14 03:30:03",236,8888,773,52100,1549,179881,1620,199001
2021-04-14,"2021-04-14 04:30:03",244,9084,777,52296,1553,180077,1624,199197
2021-04-14,"2021-04-14 05:30:02",247,9246,780,52458,1556,180239,1627,199359
2021-04-14,"2021-04-14 06:30:03",252,9425,784,52637,1558,180418,1629,199538
2021-04-14,"2021-04-14 07:30:03",260,9678,789,52890,1562,180668,1633,199788
2021-04-14,"2021-04-14 08:30:03",263,9908,791,53120,1563,180901,1634,200021
2021-04-14,"2021-04-14 09:30:03",269,10226,797,53438,1568,181219,1639,200339
2021-04-14,"2021-04-14 10:30:03",271,10434,799,53646,1570,181427,1641,200547
2021-04-14,"2021-04-14 11:30:03",273,10589,800,53801,1571,181582,1642,200702
2021-04-14,"2021-04-14 12:30:03",280,10794,803,54006,1573,181787,1644,200907
2021-04-14,"2021-04-14 13:30:03",289,11055,808,54267,1577,182048,1648,201168
2021-04-14,"2021-04-14 14:30:02",297,11331,815,54543,1584,182324,1655,201444
2021-04-14,"2021-04-14 15:30:03",301,11673,816,54885,1585,182666,1656,201786
2021-04-14,"2021-04-14 16:30:03",306,12020,819,55232,1586,183013,1657,202133
2021-04-14,"2021-04-14 17:30:03",318,12461,827,55673,1593,183454,1664,202574
2021-04-14,"2021-04-14 18:30:03",328,12917,832,56129,1598,183910,1669,203030
2021-04-14,"2021-04-14 19:30:04",333,13354,835,56566,1599,184347,1670,203467
2021-04-14,"2021-04-14 20:30:03",335,13773,837,56985,1601,184766,1672,203886
2021-04-14,"2021-04-14 21:30:03",340,14322,837,57534,1601,185315,1672,204435
2021-04-14,"2021-04-14 22:30:03",351,14809,845,58021,1606,185802,1677,204922
2021-04-14,"2021-04-14 23:30:03",355,15190,849,58402,1608,186183,1679,205303
2021-04-15,"2021-04-15 00:30:03",206,7450,789,52225,1605,184818,1684,205645
2021-04-15,"2021-04-15 01:30:03",214,7819,794,52594,1608,185187,1687,206014
2021-04-15,"2021-04-15 02:30:03",215,8093,794,52868,1608,185461,1687,206288
2021-04-15,"2021-04-15 03:30:03",222,8345,797,53120,1609,185713,1688,206540
2021-04-15,"2021-04-15 04:30:02",224,8503,799,53278,1611,185871,1690,206698
2021-04-15,"2021-04-15 05:30:02",224,8507,799,53282,1611,185875,1690,206702
2021-04-15,"2021-04-15 06:30:03",224,8499,799,53274,1611,185867,1690,206694
2021-04-15,"2021-04-15 07:30:03",244,9059,810,53834,1617,186427,1696,207254
2021-04-15,"2021-04-15 08:30:03",257,9360,819,54135,1624,186728,1703,207555
2021-04-15,"2021-04-15 09:30:03",263,9638,822,54413,1625,187006,1704,207833
2021-04-15,"2021-04-15 10:30:03",270,9924,828,54699,1631,187292,1710,208119
2021-04-15,"2021-04-15 11:30:03",277,10165,830,54940,1633,187533,1712,208360
2021-04-15,"2021-04-15 12:30:02",284,10384,834,55159,1636,187752,1715,208579
2021-04-15,"2021-04-15 13:30:03",290,10674,836,55449,1637,188042,1716,208869
2021-04-15,"2021-04-15 14:30:03",295,10867,839,55642,1640,188235,1719,209062
2021-04-15,"2021-04-15 15:30:03",306,11502,843,56277,1644,188870,1723,209697
2021-04-15,"2021-04-15 16:30:03",320,12069,850,56844,1648,189437,1727,210264
2021-04-15,"2021-04-15 17:30:03",330,12542,855,57317,1652,189910,1731,210737
2021-04-15,"2021-04-15 18:30:02",337,13102,859,57877,1654,190470,1733,211297
2021-04-15,"2021-04-15 19:30:03",342,13682,863,58457,1655,191050,1734,211877
2021-04-15,"2021-04-15 20:30:03",348,14164,868,58939,1659,191532,1738,212359
2021-04-15,"2021-04-15 21:30:03",357,14666,876,59441,1666,192034,1745,212861
2021-04-15,"2021-04-15 22:30:03",367,15154,885,59929,1671,192522,1749,213349
2021-04-15,"2021-04-15 23:30:03",378,15577,892,60352,1677,192945,1755,213772
2021-04-16,"2021-04-16 00:30:03",242,8680,836,53016,1679,193103,1758,214154
2021-04-16,"2021-04-16 01:30:03",247,8972,838,53308,1681,193395,1760,214446
2021-04-16,"2021-04-16 02:30:02",252,9211,843,53547,1685,193634,1764,214685
2021-04-16,"2021-04-16 03:30:03",258,9470,846,53806,1687,193893,1766,214944
2021-04-16,"2021-04-16 04:30:03",260,9678,847,54014,1687,194101,1766,215152
2021-04-16,"2021-04-16 05:30:02",264,9983,850,54319,1689,194406,1768,215457
2021-04-16,"2021-04-16 06:30:03",268,10254,852,54590,1690,194677,1769,215728
2021-04-16,"2021-04-16 07:30:02",271,10507,852,54843,1690,194930,1769,215981
2021-04-16,"2021-04-16 08:30:03",277,10790,856,55126,1692,195213,1771,216264
2021-04-16,"2021-04-16 09:30:03",280,11038,858,55374,1694,195461,1772,216512
2021-04-16,"2021-04-16 10:30:03",288,11290,862,55626,1697,195713,1775,216764
2021-04-16,"2021-04-16 11:30:03",294,11508,864,55844,1698,195931,1776,216982
2021-04-16,"2021-04-16 12:30:03",301,11858,865,56194,1699,196281,1777,217332
2021-04-16,"2021-04-16 13:30:03",310,12217,870,56553,1704,196640,1782,217691
2021-04-16,"2021-04-16 14:30:03",318,12559,876,56895,1709,196982,1787,218033
2021-04-16,"2021-04-16 15:30:03",322,12960,880,57296,1712,197383,1790,218434
2021-04-16,"2021-04-16 16:30:04",332,13456,888,57792,1718,197879,1796,218930
2021-04-16,"2021-04-16 17:30:03",348,13984,901,58320,1725,198407,1803,219458
2021-04-16,"2021-04-16 18:30:03",360,14615,909,58951,1731,199038,1809,220089
2021-04-16,"2021-04-16 19:30:03",377,15110,918,59446,1737,199533,1815,220584
2021-04-16,"2021-04-16 20:30:03",382,15573,921,59909,1740,199996,1818,221047
2021-04-16,"2021-04-16 21:30:03",393,16072,925,60408,1742,200495,1820,221546
2021-04-16,"2021-04-16 22:30:02",400,16571,928,60907,1743,200994,1821,222045
2021-04-16,"2021-04-16 23:30:03",406,16954,934,61290,1747,201377,1825,222428
2021-04-17,"2021-04-17 00:30:03",244,8770,881,54353,1743,199699,1826,222755
2021-04-17,"2021-04-17 01:30:03",251,9080,883,54663,1744,200009,1827,223065
2021-04-17,"2021-04-17 02:30:03",262,9358,889,54941,1747,200287,1830,223343
2021-04-17,"2021-04-17 03:30:03",264,9600,890,55183,1748,200529,1831,223585
2021-04-17,"2021-04-17 04:30:03",271,9799,894,55382,1750,200728,1833,223784
2021-04-17,"2021-04-17 05:30:03",277,10043,898,55626,1753,200972,1836,224028
2021-04-17,"2021-04-17 06:30:03",279,10200,899,55783,1754,201129,1837,224185
2021-04-17,"2021-04-17 07:30:02",284,10391,901,55974,1756,201320,1839,224376
2021-04-17,"2021-04-17 08:30:02",289,10542,904,56125,1757,201471,1840,224527
2021-04-17,"2021-04-17 09:30:03",295,10672,909,56255,1761,201601,1844,224657
2021-04-17,"2021-04-17 10:30:03",296,10878,909,56461,1761,201807,1844,224863
2021-04-17,"2021-04-17 11:30:03",302,11074,912,56657,1763,202003,1846,225059
2021-04-17,"2021-04-17 12:30:03",308,11288,916,56871,1766,202217,1849,225273
2021-04-17,"2021-04-17 13:30:03",310,11532,916,57115,1766,202461,1849,225517
2021-04-17,"2021-04-17 14:30:02",314,11903,918,57486,1767,202832,1850,225888
2021-04-17,"2021-04-17 15:30:03",324,12224,925,57807,1774,203153,1857,226209
2021-04-17,"2021-04-17 16:30:03",331,12597,930,58180,1778,203526,1861,226582
2021-04-17,"2021-04-17 17:30:03",338,12989,935,58572,1781,203918,1864,226974
2021-04-17,"2021-04-17 18:30:03",346,13367,938,58950,1783,204296,1866,227352
2021-04-17,"2021-04-17 19:30:02",359,13783,947,59366,1790,204712,1873,227768
2021-04-17,"2021-04-17 20:30:03",370,14254,955,59837,1795,205183,1878,228239
2021-04-17,"2021-04-17 21:30:03",377,14648,958,60231,1796,205577,1879,228633
2021-04-17,"2021-04-17 22:30:03",381,15013,961,60596,1798,205942,1881,228998
2021-04-17,"2021-04-17 23:30:03",388,15443,965,61026,1802,206372,1885,229428
2021-04-18,"2021-04-18 00:30:03",200,7199,910,54648,1796,204726,1889,229806
2021-04-18,"2021-04-18 01:30:03",203,7442,911,54891,1797,204969,1890,230049
2021-04-18,"2021-04-18 02:30:03",210,7710,915,55159,1800,205237,1893,230317
2021-04-18,"2021-04-18 03:30:03",219,7919,920,55368,1805,205446,1898,230526
2021-04-18,"2021-04-18 04:30:03",230,8139,928,55588,1812,205666,1905,230746
2021-04-18,"2021-04-18 05:30:03",234,8314,929,55763,1813,205841,1906,230921
2021-04-18,"2021-04-18 06:30:03",236,8437,929,55886,1813,205964,1906,231044
2021-04-18,"2021-04-18 07:30:03",241,8627,932,56076,1816,206154,1909,231234
2021-04-18,"2021-04-18 08:30:03",247,8856,935,56305,1818,206383,1911,231463
2021-04-18,"2021-04-18 09:30:03",248,9058,935,56507,1818,206585,1911,231665
2021-04-18,"2021-04-18 10:30:03",251,9235,936,56684,1819,206762,1912,231842
2021-04-18,"2021-04-18 11:30:03",254,9423,937,56872,1820,206950,1913,232030
2021-04-18,"2021-04-18 12:30:03",263,9711,942,57160,1822,207238,1915,232318
2021-04-18,"2021-04-18 13:30:03",273,10021,948,57470,1827,207548,1920,232628
2021-04-18,"2021-04-18 14:30:03",280,10286,952,57735,1829,207813,1922,232893
2021-04-18,"2021-04-18 15:30:03",286,10635,957,58084,1832,208162,1925,233242
2021-04-18,"2021-04-18 16:30:03",294,11001,962,58450,1837,208528,1930,233608
2021-04-18,"2021-04-18 17:30:03",305,11355,968,58804,1840,208882,1933,233962
2021-04-18,"2021-04-18 18:30:03",309,11764,969,59213,1841,209291,1934,234371
2021-04-18,"2021-04-18 19:30:03",315,12192,973,59641,1845,209719,1938,234799
2021-04-18,"2021-04-18 20:30:02",324,12602,977,60051,1849,210129,1942,235209
2021-04-18,"2021-04-18 21:30:03",337,13062,988,60511,1859,210589,1952,235669
2021-04-18,"2021-04-18 22:30:02",356,13433,1000,60882,1866,210960,1958,236040
2021-04-18,"2021-04-18 23:30:04",358,13823,1001,61272,1867,211350,1959,236430
2021-04-19,"2021-04-19 00:30:03",217,6977,936,53438,1860,208743,1961,236626
2021-04-19,"2021-04-19 01:30:03",227,7361,940,53822,1862,209127,1963,237010
2021-04-19,"2021-04-19 02:30:02",233,7680,943,54141,1864,209446,1965,237329
2021-04-19,"2021-04-19 03:30:03",239,8032,946,54493,1865,209798,1966,237681
2021-04-19,"2021-04-19 04:30:03",246,8373,950,54834,1868,210139,1969,238022
2021-04-19,"2021-04-19 05:30:03",249,8696,953,55157,1870,210462,1971,238345
2021-04-19,"2021-04-19 06:30:03",252,8930,954,55391,1871,210696,1972,238579
2021-04-19,"2021-04-19 07:30:03",254,9146,954,55607,1871,210912,1972,238795
2021-04-19,"2021-04-19 08:30:03",257,9429,957,55890,1874,211195,1975,239078
2021-04-19,"2021-04-19 09:30:03",259,9691,958,56152,1874,211457,1975,239340
2021-04-19,"2021-04-19 10:30:03",263,9931,960,56392,1875,211697,1976,239580
2021-04-19,"2021-04-19 11:30:03",269,10160,965,56621,1879,211926,1980,239809
2021-04-19,"2021-04-19 12:30:03",272,10353,966,56814,1880,212119,1981,240002
2021-04-19,"2021-04-19 13:30:03",273,10706,967,57167,1881,212472,1982,240355
2021-04-19,"2021-04-19 14:30:03",282,11059,973,57520,1886,212825,1987,240708
2021-04-19,"2021-04-19 15:30:03",290,11529,979,57990,1892,213295,1993,241178
2021-04-19,"2021-04-19 16:30:03",298,11989,984,58450,1897,213755,1998,241638
2021-04-19,"2021-04-19 17:30:03",309,12411,990,58872,1902,214177,2003,242060
2021-04-19,"2021-04-19 18:30:02",319,12965,995,59426,1907,214731,2008,242614
2021-04-19,"2021-04-19 19:30:03",332,13737,1006,60198,1915,215503,2016,243386
2021-04-19,"2021-04-19 20:30:03",342,14336,1011,60797,1920,216102,2021,243985
2021-04-19,"2021-04-19 21:30:02",357,14943,1019,61404,1924,216709,2025,244592
2021-04-20,"2021-04-20 07:30:03",214,9050,946,55474,1926,215085,2032,245587
2021-04-20,"2021-04-20 08:30:03",216,9129,947,55553,1927,215164,2033,245666
2021-04-20,"2021-04-20 09:30:03",224,9363,949,55787,1929,215394,2035,245896
2021-04-20,"2021-04-20 10:30:03",227,9667,951,56091,1930,215702,2036,246204
2021-04-20,"2021-04-20 11:30:03",232,9968,954,56392,1932,216003,2038,246505
2021-04-20,"2021-04-20 12:30:03",236,10298,955,56722,1933,216333,2039,246835
2021-04-20,"2021-04-20 13:30:03",241,10741,958,57165,1936,216776,2042,247278
2021-04-20,"2021-04-20 14:30:03",252,11153,964,57577,1942,217188,2048,247690
2021-04-20,"2021-04-20 15:30:03",271,11638,978,58062,1953,217673,2059,248175
2021-04-20,"2021-04-20 16:30:03",278,12163,983,58587,1953,218198,2059,248700
2021-04-20,"2021-04-20 17:30:03",283,12687,987,59111,1956,218722,2062,249224
2021-04-20,"2021-04-20 18:30:03",296,13178,992,59602,1961,219213,2067,249715
2021-04-20,"2021-04-20 19:30:03",305,13640,998,60064,1967,219675,2073,250177
2021-04-20,"2021-04-20 20:30:03",312,14165,1003,60589,1971,220200,2077,250702
2021-04-20,"2021-04-20 21:30:03",322,14730,1011,61154,1975,220765,2081,251267
2021-04-20,"2021-04-20 22:30:03",329,15262,1014,61686,1977,221297,2083,251799
2021-04-20,"2021-04-20 23:30:03",336,15827,1018,62251,1980,221862,2086,252364
2021-04-21,"2021-04-21 00:30:03",179,7463,941,54605,1978,219736,2087,252800
2021-04-21,"2021-04-21 01:30:03",187,7845,947,54987,1981,220118,2090,253182
2021-04-21,"2021-04-21 02:30:03",197,8229,952,55371,1985,220502,2094,253566
2021-04-21,"2021-04-21 03:30:03",206,8687,958,55829,1990,220960,2099,254024
2021-04-21,"2021-04-21 04:30:02",215,9060,963,56202,1993,221333,2102,254397
2021-04-21,"2021-04-21 05:30:02",223,9387,967,56529,1997,221660,2106,254724
2021-04-21,"2021-04-21 06:30:03",227,9780,970,56922,1999,222053,2108,255117
2021-04-21,"2021-04-21 07:30:03",234,10270,974,57412,2003,222543,2112,255607
2021-04-21,"2021-04-21 08:30:02",241,10679,978,57821,2005,222952,2114,256016
2021-04-21,"2021-04-21 09:30:03",250,11040,984,58182,2010,223313,2119,256377
2021-04-21,"2021-04-21 10:30:03",258,11409,990,58551,2013,223682,2122,256746
2021-04-21,"2021-04-21 11:30:03",263,11854,992,58996,2015,224127,2124,257191
2021-04-21,"2021-04-21 12:30:03",270,12273,996,59415,2018,224546,2127,257610
2021-04-21,"2021-04-21 13:30:03",279,12661,999,59803,2020,224934,2129,257998
2021-04-21,"2021-04-21 14:30:03",289,13147,1006,60289,2024,225420,2133,258484
2021-04-21,"2021-04-21 15:30:03",298,13647,1013,60789,2029,225920,2138,258984
2021-04-21,"2021-04-21 16:30:03",317,14273,1023,61415,2036,226546,2145,259610
2021-04-21,"2021-04-21 17:30:03",329,14899,1031,62041,2040,227172,2149,260236
2021-04-21,"2021-04-21 18:30:03",334,15384,1035,62526,2044,227657,2153,260721
2021-04-21,"2021-04-21 19:30:03",345,15926,1039,63068,2047,228199,2156,261263
2021-04-21,"2021-04-21 20:30:03",355,16458,1045,63600,2051,228731,2160,261795
2021-04-21,"2021-04-21 21:30:03",367,17157,1055,64299,2058,229430,2165,262494
2021-04-21,"2021-04-21 22:30:03",375,17735,1062,64877,2064,230008,2171,263072
2021-04-21,"2021-04-21 23:30:03",386,18282,1068,65424,2068,230555,2175,263619
2021-04-22,"2021-04-22 00:30:03",277,11491,986,58607,2066,228141,2179,264081
2021-04-22,"2021-04-22 01:30:03",281,11991,988,59107,2068,228641,2181,264581
2021-04-22,"2021-04-22 02:30:03",289,12369,995,59485,2073,229019,2186,264959
2021-04-22,"2021-04-22 03:30:03",297,12768,1000,59884,2077,229418,2190,265358
2021-04-22,"2021-04-22 04:30:03",307,13060,1007,60176,2080,229710,2193,265650
2021-04-22,"2021-04-22 05:30:03",313,13378,1011,60494,2084,230028,2197,265968
2021-04-22,"2021-04-22 06:30:03",317,13644,1012,60760,2085,230294,2198,266234
2021-04-22,"2021-04-22 07:30:03",321,13960,1016,61076,2087,230610,2200,266550
2021-04-22,"2021-04-22 08:30:03",327,14353,1020,61469,2090,231003,2203,266943
2021-04-22,"2021-04-22 09:30:02",333,14694,1023,61810,2091,231344,2204,267284
2021-04-22,"2021-04-22 10:30:03",339,15082,1025,62198,2093,231732,2206,267672
2021-04-22,"2021-04-22 11:30:03",348,15471,1032,62587,2099,232121,2212,268061
2021-04-22,"2021-04-22 12:30:03",356,15865,1037,62981,2103,232515,2216,268455
2021-04-22,"2021-04-22 13:30:03",366,16313,1044,63429,2108,232963,2221,268903
2021-04-22,"2021-04-22 14:30:03",377,16884,1052,64000,2115,233534,2228,269474
2021-04-22,"2021-04-22 15:30:04",385,17551,1058,64667,2120,234201,2233,270141
2021-04-22,"2021-04-22 16:30:03",396,18113,1066,65229,2125,234763,2238,270703
2021-04-22,"2021-04-22 17:30:03",405,18959,1070,66057,2128,235591,2241,271531
2021-04-22,"2021-04-22 18:30:03",417,19783,1077,66899,2134,236422,2247,272362
2021-04-22,"2021-04-22 19:30:03",428,20521,1083,67637,2139,237171,2252,273111
2021-04-22,"2021-04-22 20:30:03",438,21310,1090,68426,2144,237960,2257,273900
2021-04-22,"2021-04-22 21:30:03",454,22093,1102,69209,2155,238743,2268,274683
2021-04-22,"2021-04-22 22:30:03",477,22897,1119,70013,2165,239547,2277,275487
2021-04-22,"2021-04-22 23:30:03",493,23575,1129,70691,2174,240225,2286,276165
2021-04-23,"2021-04-23 00:30:03",296,12997,1044,62908,2174,237386,2289,276893
2021-04-23,"2021-04-23 01:30:03",306,13625,1051,63536,2181,238014,2296,277521
2021-04-23,"2021-04-23 02:30:04",311,14222,1054,64133,2184,238611,2298,278118
2021-04-23,"2021-04-23 03:30:03",317,14719,1057,64630,2186,239108,2300,278615
2021-04-23,"2021-04-23 04:30:03",323,15202,1061,65113,2187,239591,2301,279098
2021-04-23,"2021-04-23 05:30:03",335,15741,1067,65652,2192,240130,2306,279637
2021-04-23,"2021-04-23 06:30:03",340,16207,1070,66118,2195,240596,2309,280103
2021-04-23,"2021-04-23 07:30:03",348,16775,1077,66686,2199,241164,2313,280671
2021-04-23,"2021-04-23 08:30:03",354,17469,1080,67380,2202,241858,2316,281365
2021-04-23,"2021-04-23 09:30:03",362,18322,1083,68233,2204,242711,2318,282218
2021-04-23,"2021-04-23 10:30:04",371,19364,1091,69275,2210,243753,2324,283260
2021-04-23,"2021-04-23 11:30:03",377,20213,1096,70124,2213,244602,2327,284109
2021-04-23,"2021-04-23 12:30:03",384,20752,1100,70663,2215,245141,2329,284648
2021-04-23,"2021-04-23 13:30:03",386,20797,1101,70708,2216,245186,2330,284693
2021-04-23,"2021-04-23 14:30:04",398,21655,1111,71566,2222,246044,2336,285551
2021-04-23,"2021-04-23 15:30:03",415,23987,1119,73898,2229,248376,2342,287883
2021-04-23,"2021-04-23 16:30:03",431,26317,1130,76228,2238,250706,2351,290213
2021-04-23,"2021-04-23 17:30:03",449,28596,1142,78507,2248,252985,2361,292492
2021-04-23,"2021-04-23 18:30:03",461,31150,1150,81061,2255,255539,2368,295046
2021-04-23,"2021-04-23 19:30:03",473,33530,1157,83441,2262,257919,2375,297426
2021-04-23,"2021-04-23 20:30:03",487,36514,1166,86425,2267,260903,2380,300410
2021-04-23,"2021-04-23 21:30:03",504,39413,1179,89324,2279,263802,2392,303309
2021-04-23,"2021-04-23 22:30:03",528,42235,1193,92146,2289,266624,2402,306131
2021-04-23,"2021-04-23 23:30:03",539,45205,1204,95116,2299,269594,2412,309101
2021-04-24,"2021-04-24 00:30:04",350,34577,1102,88528,2291,268382,2419,311135
2021-04-24,"2021-04-24 01:30:03",356,35842,1104,89793,2293,269647,2421,312400
2021-04-24,"2021-04-24 02:30:04",361,36554,1106,90505,2294,270359,2422,313112
2021-04-24,"2021-04-24 03:30:03",365,37523,1107,91474,2295,271328,2423,314081
2021-04-24,"2021-04-24 04:30:03",371,38354,1111,92305,2298,272159,2426,314912
2021-04-24,"2021-04-24 05:30:03",374,39449,1112,93400,2298,273254,2426,316007
2021-04-24,"2021-04-24 06:30:03",380,40531,1116,94482,2302,274336,2430,317089
2021-04-24,"2021-04-24 07:30:03",391,41650,1119,95601,2305,275455,2432,318208
2021-04-24,"2021-04-24 08:30:03",402,43324,1128,97275,2309,277129,2436,319882
2021-04-24,"2021-04-24 09:30:03",409,44996,1131,98947,2311,278801,2438,321554
2021-04-24,"2021-04-24 10:30:04",412,46695,1134,100646,2313,280500,2440,323253
2021-04-24,"2021-04-24 11:30:03",417,48407,1136,102358,2314,282212,2441,324965
2021-04-24,"2021-04-24 12:30:03",431,50739,1146,104690,2321,284544,2448,327297
2021-04-24,"2021-04-24 13:30:03",448,53313,1160,107264,2329,287118,2456,329871
2021-04-24,"2021-04-24 14:30:03",466,56002,1168,109953,2335,289807,2462,332560
2021-04-24,"2021-04-24 15:30:04",478,58853,1178,112804,2343,292658,2470,335411
2021-04-24,"2021-04-24 16:30:03",493,61406,1189,115357,2352,295211,2479,337964
2021-04-24,"2021-04-24 17:30:03",511,64474,1199,118425,2359,298279,2486,341032
2021-04-24,"2021-04-24 18:30:03",524,67584,1211,121535,2368,301389,2495,344142
2021-04-24,"2021-04-24 19:30:04",539,70384,1223,124335,2378,304189,2505,346942
2021-04-24,"2021-04-24 20:30:03",557,73518,1231,127469,2385,307323,2512,350076
2021-04-24,"2021-04-24 21:30:03",571,76525,1240,130476,2392,310330,2519,353083
2021-04-24,"2021-04-24 22:30:03",592,79331,1258,133282,2405,313136,2532,355889
2021-04-24,"2021-04-24 23:30:04",600,81968,1264,135919,2409,315773,2536,358526
2021-04-25,"2021-04-25 00:30:03",371,50489,1190,131174,2399,315130,2541,360823
2021-04-25,"2021-04-25 01:30:03",384,52623,1197,133308,2404,317264,2546,362957
2021-04-25,"2021-04-25 02:30:04",396,54838,1205,135523,2410,319479,2552,365172
2021-04-25,"2021-04-25 03:30:03",410,56818,1215,137503,2417,321459,2559,367152
2021-04-25,"2021-04-25 04:30:03",419,58897,1218,139582,2417,323538,2559,369231
2021-04-25,"2021-04-25 05:30:03",424,60692,1222,141377,2419,325333,2561,371026
2021-04-25,"2021-04-25 06:30:03",431,62313,1226,142998,2421,326954,2563,372647
2021-04-25,"2021-04-25 07:30:04",436,63877,1228,144562,2423,328518,2565,374211
2021-04-25,"2021-04-25 08:30:03",440,65728,1230,146413,2425,330369,2567,376062
2021-04-25,"2021-04-25 09:30:03",445,67546,1232,148231,2427,332187,2569,377880
2021-04-25,"2021-04-25 10:30:03",450,69567,1237,150252,2429,334208,2571,379901
2021-04-25,"2021-04-25 11:30:04",456,71732,1242,152417,2433,336373,2575,382066
2021-04-25,"2021-04-25 12:30:04",465,74251,1245,154936,2434,338892,2576,384585
2021-04-25,"2021-04-25 13:30:03",481,76523,1257,157208,2442,341164,2584,386857
2021-04-25,"2021-04-25 14:30:04",496,79255,1266,159940,2451,343896,2593,389589
2021-04-25,"2021-04-25 15:30:03",503,82189,1271,162874,2453,346830,2595,392523
2021-04-25,"2021-04-25 16:30:04",513,85167,1274,165852,2456,349808,2598,395501
2021-04-25,"2021-04-25 17:30:04",523,88274,1282,168959,2463,352915,2605,398608
2021-04-25,"2021-04-25 18:30:03",546,91218,1296,171903,2475,355859,2617,401552
2021-04-25,"2021-04-25 19:30:03",556,93915,1302,174600,2480,358556,2622,404249
2021-04-25,"2021-04-25 20:30:03",573,97510,1312,178195,2490,362151,2632,407844
2021-04-25,"2021-04-25 21:30:03",597,101167,1326,181852,2501,365808,2643,411501
2021-04-25,"2021-04-25 22:30:04",619,104584,1337,185269,2510,369225,2652,414918
2021-04-25,"2021-04-25 23:30:03",640,107815,1352,188500,2524,372456,2666,418149
2021-04-26,"2021-04-26 00:30:04",404,61188,1273,184433,2468,371851,2672,420970
2021-04-26,"2021-04-26 01:30:03",423,63794,1281,187039,2473,374457,2677,423576
2021-04-26,"2021-04-26 02:30:03",442,66496,1295,189741,2484,377159,2688,426278
2021-04-26,"2021-04-26 03:30:03",460,68899,1308,192144,2490,379562,2694,428681
2021-04-26,"2021-04-26 04:30:03",472,71054,1317,194299,2497,381717,2701,430836
2021-04-26,"2021-04-26 05:30:04",491,72979,1330,196224,2504,383622,2708,432741
2021-04-26,"2021-04-26 06:30:03",512,74837,1344,198082,2513,385500,2717,434619
2021-04-26,"2021-04-26 07:30:03",540,76782,1361,200027,2527,387445,2731,436564
2021-04-26,"2021-04-26 08:30:03",559,78432,1374,201677,2535,389095,2739,438214
2021-04-26,"2021-04-26 09:30:04",580,80113,1384,203358,2539,390776,2743,439895
2021-04-26,"2021-04-26 10:30:03",601,81681,1398,204926,2550,392344,2754,441463
2021-04-26,"2021-04-26 11:30:04",621,83038,1410,206283,2558,393701,2762,442820
2021-04-26,"2021-04-26 12:30:04",637,84668,1418,207913,2564,395331,2768,444450
2021-04-26,"2021-04-26 13:30:04",659,86196,1430,209441,2571,396859,2775,445978
2021-04-26,"2021-04-26 14:30:03",692,87660,1453,210905,2587,398323,2791,447442
2021-04-26,"2021-04-26 15:30:04",713,89056,1466,212301,2592,399719,2796,448838
2021-04-26,"2021-04-26 16:30:04",732,90279,1474,213524,2597,400942,2800,450061
2021-04-26,"2021-04-26 17:30:04",759,91666,1492,214911,2608,402329,2811,451448
2021-04-26,"2021-04-26 18:30:04",780,92809,1505,216054,2617,403472,2820,452591
2021-04-26,"2021-04-26 19:30:04",799,93856,1515,217101,2626,404519,2829,453638
2021-04-26,"2021-04-26 20:30:04",827,95012,1529,218257,2635,405675,2838,454794
2021-04-26,"2021-04-26 21:30:04",844,96208,1537,219453,2642,406871,2844,455990
2021-04-26,"2021-04-26 22:30:03",871,97652,1555,220897,2658,408315,2860,457434
2021-04-26,"2021-04-26 23:30:03",888,99038,1566,222283,2667,409701,2869,458820
2021-04-27,"2021-04-27 00:30:03",637,40368,1504,214639,2644,401926,2875,459976
2021-04-27,"2021-04-27 01:30:03",661,41631,1516,215902,2653,403189,2884,461239
2021-04-27,"2021-04-27 02:30:03",689,42815,1532,217086,2667,404373,2898,462423
2021-04-27,"2021-04-27 03:30:03",702,43890,1540,218161,2674,405448,2904,463498
2021-04-27,"2021-04-27 04:30:03",718,44840,1548,219111,2682,406398,2912,464448
2021-04-27,"2021-04-27 05:30:03",736,45915,1561,220186,2694,407473,2924,465523
2021-04-27,"2021-04-27 06:30:04",741,46814,1563,221075,2696,408362,2926,466412
2021-04-27,"2021-04-27 07:30:04",746,47407,1567,221678,2700,408965,2930,467015
2021-04-27,"2021-04-27 08:30:03",755,47867,1572,222138,2703,409425,2933,467475
2021-04-27,"2021-04-27 09:30:03",763,48648,1578,222919,2705,410206,2935,468256
2021-04-27,"2021-04-27 10:30:03",772,49447,1584,223718,2709,411005,2939,469055
2021-04-27,"2021-04-27 11:30:03",781,50059,1590,224330,2713,411617,2943,469667
2021-04-27,"2021-04-27 12:30:04",794,50792,1600,225063,2722,412350,2951,470400
2021-04-27,"2021-04-27 13:30:04",809,51433,1610,225704,2731,412991,2960,471041
2021-04-27,"2021-04-27 14:30:03",816,51990,1614,226261,2735,413548,2964,471598
2021-04-27,"2021-04-27 15:30:03",825,52497,1621,226768,2741,414055,2970,472105
2021-04-27,"2021-04-27 16:30:04",838,53334,1630,227605,2748,414892,2977,472942
2021-04-27,"2021-04-27 17:30:03",860,54355,1645,228626,2760,415913,2988,473963
2021-04-27,"2021-04-27 18:30:04",872,55235,1652,229506,2764,416793,2992,474843
2021-04-27,"2021-04-27 19:30:03",886,56259,1662,230530,2771,417817,2999,475867
2021-04-27,"2021-04-27 20:30:04",901,57548,1671,231819,2777,419106,3005,477156
2021-04-27,"2021-04-27 21:30:03",919,58741,1679,233012,2782,420299,3009,478349
2021-04-27,"2021-04-27 22:30:04",931,59801,1687,234072,2786,421359,3013,479409
2021-04-27,"2021-04-27 23:30:04",946,60737,1696,235008,2793,422295,3020,480345
2021-04-28,"2021-04-28 00:30:04",475,21757,1652,228541,2761,411332,3029,481131
2021-04-28,"2021-04-28 01:30:03",487,22505,1656,229289,2764,412080,3032,481879
2021-04-28,"2021-04-28 02:30:03",498,23307,1661,230091,2767,412882,3035,482681
2021-04-28,"2021-04-28 03:30:04",511,24010,1669,230794,2774,413585,3042,483384
2021-04-28,"2021-04-28 04:30:03",519,24676,1674,231460,2779,414251,3047,484050
2021-04-28,"2021-04-28 05:30:04",526,25390,1678,232174,2782,414965,3050,484764
2021-04-28,"2021-04-28 06:30:04",533,26095,1683,232879,2787,415670,3055,485469
2021-04-28,"2021-04-28 07:30:03",542,26807,1688,233591,2791,416382,3058,486181
2021-04-28,"2021-04-28 08:30:03",551,27381,1692,234165,2795,416956,3062,486755
2021-04-28,"2021-04-28 09:30:03",563,28024,1698,234808,2800,417599,3067,487398
2021-04-28,"2021-04-28 10:30:03",571,28464,1703,235248,2805,418039,3072,487838
2021-04-28,"2021-04-28 11:30:04",576,28952,1706,235736,2807,418527,3097,488326
2021-04-28,"2021-04-28 12:30:03",586,29628,1711,236412,2810,419203,3100,489002
2021-04-28,"2021-04-28 13:30:03",598,30354,1720,237138,2815,419929,3103,489728
2021-04-28,"2021-04-28 14:30:03",614,31151,1729,237935,2822,420726,3110,490525
2021-04-28,"2021-04-28 15:30:04",623,31945,1735,238729,2828,421520,3116,491319
2021-04-28,"2021-04-28 16:30:04",643,32732,1746,239516,2837,422307,3126,492106
2021-04-28,"2021-04-28 17:30:04",660,33592,1754,240376,2843,423167,3132,492966
2021-04-28,"2021-04-28 18:30:03",677,34543,1764,241327,2850,424118,3139,493917
2021-04-28,"2021-04-28 19:30:03",689,35573,1773,242357,2855,425148,3143,494947
2021-04-28,"2021-04-28 20:30:04",703,36554,1780,243338,2860,426129,3146,495928
2021-04-28,"2021-04-28 21:30:04",712,37472,1785,244256,2864,427047,3150,496846
2021-04-28,"2021-04-28 22:30:03",724,38295,1794,245063,2873,427854,3160,497653
2021-04-28,"2021-04-28 23:30:03",732,39152,1798,245936,2874,428727,3161,498526
2021-04-29,"2021-04-29 00:30:04",389,18292,1718,235153,2837,417639,3166,499049
2021-04-29,"2021-04-29 01:30:03",401,18838,1726,235699,2843,418185,3172,499595
2021-04-29,"2021-04-29 02:30:04",406,19437,1731,236298,2847,418784,3177,500194
2021-04-29,"2021-04-29 03:30:04",411,20109,1734,236970,2849,419456,3179,500866
2021-04-29,"2021-04-29 04:30:04",420,20772,1739,237633,2854,420119,3183,501529
2021-04-29,"2021-04-29 05:30:04",428,21284,1744,238145,2859,420631,3188,502041
2021-04-29,"2021-04-29 06:30:04",439,21829,1750,238690,2863,421176,3193,502586
2021-04-29,"2021-04-29 07:30:04",445,22332,1753,239193,2866,421679,3196,503089
2021-04-29,"2021-04-29 08:30:03",461,22877,1758,239738,2871,422224,3201,503634
2021-04-29,"2021-04-29 09:30:03",469,23376,1763,240237,2876,422723,3205,504133
2021-04-29,"2021-04-29 10:30:04",476,23884,1767,240745,2879,423231,3207,504641
2021-04-29,"2021-04-29 11:30:04",485,24441,1772,241302,2884,423788,3212,505198
2021-04-29,"2021-04-29 12:30:03",495,25013,1777,241874,2888,424360,3217,505770
2021-04-29,"2021-04-29 13:30:03",505,25625,1784,242486,2893,424972,3222,506382
2021-04-29,"2021-04-29 14:30:03",518,26206,1792,243067,2899,425553,3227,506963
2021-04-29,"2021-04-29 15:30:03",530,26988,1802,243849,2905,426335,3234,507745
2021-04-29,"2021-04-29 16:30:04",551,27824,1812,244685,2912,427171,3242,508581
2021-04-29,"2021-04-29 17:30:04",564,28625,1822,245486,2919,427972,3249,509382
2021-04-29,"2021-04-29 18:30:03",579,29463,1831,246324,2927,428810,3256,510220
2021-04-29,"2021-04-29 19:30:04",596,30310,1840,247171,2934,429657,3262,511067
2021-04-29,"2021-04-29 20:30:03",617,31394,1852,248255,2942,430741,3270,512151
2021-04-29,"2021-04-29 21:30:04",636,32384,1862,249245,2950,431731,3278,513141
2021-04-29,"2021-04-29 22:30:04",658,33294,1876,250155,2958,432641,3288,514051
2021-04-29,"2021-04-29 23:30:03",675,34122,1883,250983,2963,433469,3292,514879
2021-04-30,"2021-04-30 00:30:04",397,16748,1799,239017,2919,425747,3296,515575
2021-04-30,"2021-04-30 01:30:04",407,17334,1802,239603,2921,426333,3298,516161
2021-04-30,"2021-04-30 02:30:03",424,17896,1810,240165,2927,426895,3305,516723
2021-04-30,"2021-04-30 03:30:04",432,18488,1812,240757,2929,427487,3307,517315
2021-04-30,"2021-04-30 04:30:03",442,19064,1815,241333,2931,428063,3310,517891
2021-04-30,"2021-04-30 05:30:04",454,19612,1818,241881,2933,428611,3311,518439
2021-04-30,"2021-04-30 06:30:03",459,20104,1819,242373,2934,429103,3312,518931
2021-04-30,"2021-04-30 07:30:03",468,20609,1822,242878,2937,429608,3315,519436
2021-04-30,"2021-04-30 08:30:03",476,21088,1826,243357,2940,430087,3318,519915
2021-04-30,"2021-04-30 09:30:03",485,21516,1832,243785,2944,430515,3323,520343
2021-04-30,"2021-04-30 10:30:04",490,21996,1834,244265,2945,430995,3325,520823
2021-04-30,"2021-04-30 11:30:03",499,22505,1837,244774,2948,431504,3328,521332
2021-04-30,"2021-04-30 12:30:03",509,22968,1842,245237,2951,431967,3330,521795
2021-04-30,"2021-04-30 13:30:03",518,23618,1846,245887,2955,432617,3332,522445
2021-04-30,"2021-04-30 14:30:04",530,24272,1850,246541,2958,433271,3336,523099
2021-04-30,"2021-04-30 15:30:03",545,24960,1856,247229,2963,433959,3341,523787
2021-04-30,"2021-04-30 16:30:04",559,25643,1864,247912,2968,434642,3347,524470
2021-04-30,"2021-04-30 17:30:03",570,26334,1869,248603,2971,435333,3350,525161
2021-04-30,"2021-04-30 18:30:03",581,27057,1871,249326,2971,436056,3350,525884
2021-04-30,"2021-04-30 19:30:03",592,27775,1879,250044,2977,436774,3354,526602
2021-04-30,"2021-04-30 20:30:04",602,28465,1884,250734,2981,437464,3358,527292
2021-04-30,"2021-04-30 21:30:04",614,29128,1890,251397,2984,438127,3359,527955
2021-04-30,"2021-04-30 22:30:03",626,29836,1897,252105,2989,438835,3364,528663
2021-04-30,"2021-04-30 23:30:04",640,30455,1903,252724,2993,439454,3368,529282
2021-05-01,"2021-05-01 00:30:03",357,14525,1809,219481,2928,424790,3371,529815
2021-05-01,"2021-05-01 01:30:04",362,14997,1810,219953,2928,425262,3371,530287
2021-05-01,"2021-05-01 02:30:04",368,15354,1815,220310,2929,425619,3372,530644
2021-05-01,"2021-05-01 03:30:04",376,15746,1821,220702,2934,426011,3379,531036
2021-05-01,"2021-05-01 04:30:03",389,16162,1823,221118,2935,426427,3379,531452
2021-05-01,"2021-05-01 05:30:04",398,16606,1829,221562,2941,426871,3385,531896
2021-05-01,"2021-05-01 06:30:03",404,16967,1832,221923,2944,427232,3387,532257
2021-05-01,"2021-05-01 07:30:04",412,17354,1834,222310,2946,427619,3388,532644
2021-05-01,"2021-05-01 08:30:04",422,17770,1839,222726,2949,428035,3391,533060
2021-05-01,"2021-05-01 09:30:04",438,18213,1845,223161,2954,428470,3395,533495
2021-05-01,"2021-05-01 10:30:03",446,18707,1847,223663,2956,428972,3395,533997
2021-05-01,"2021-05-01 11:30:03",452,19103,1851,224059,2958,429368,3397,534393
2021-05-01,"2021-05-01 12:30:03",459,19485,1855,224441,2961,429750,3401,534775
2021-05-01,"2021-05-01 13:30:04",466,19946,1858,224902,2964,430211,3403,535236
2021-05-01,"2021-05-01 14:30:03",472,20473,1858,225429,2964,430738,3403,535763
2021-05-01,"2021-05-01 15:30:04",483,21076,1864,226032,2969,431341,3409,536366
2021-05-01,"2021-05-01 16:30:03",493,21732,1868,226688,2973,431997,3413,537022
2021-05-01,"2021-05-01 17:30:04",504,22374,1872,227330,2976,432639,3416,537664
2021-05-01,"2021-05-01 18:30:04",513,22941,1878,227897,2981,433206,3418,538231
2021-05-01,"2021-05-01 19:30:03",520,23471,1879,228427,2982,433736,3418,538761
2021-05-01,"2021-05-01 20:30:04",527,24141,1882,229097,2983,434406,3419,539431
2021-05-01,"2021-05-01 21:30:04",536,24858,1887,229814,2987,435123,3424,540148
2021-05-01,"2021-05-01 22:30:04",550,25505,1894,230461,2993,435770,3430,540795
2021-05-01,"2021-05-01 23:30:04",561,26070,1900,231026,2996,436335,3433,541360
2021-05-02,"2021-05-02 00:30:04",302,12371,1772,182149,2970,429026,3438,541931
2021-05-02,"2021-05-02 01:30:04",312,12777,1779,182555,2975,429432,3444,542337
2021-05-02,"2021-05-02 02:30:03",321,13198,1783,182976,2979,429853,3445,542758
2021-05-02,"2021-05-02 03:30:03",332,13704,1786,183482,2981,430359,3448,543264
2021-05-02,"2021-05-02 04:30:03",336,14148,1789,183926,2981,430803,3448,543708
2021-05-02,"2021-05-02 05:30:03",341,14595,1792,184373,2984,431250,3450,544155
2021-05-02,"2021-05-02 06:30:04",347,14909,1794,184687,2985,431564,3450,544469
2021-05-02,"2021-05-02 07:30:03",355,15300,1796,185078,2986,431955,3451,544860
2021-05-02,"2021-05-02 08:30:04",358,15678,1798,185456,2987,432333,3453,545238
2021-05-02,"2021-05-02 09:30:03",363,16079,1800,185857,2989,432734,3454,545639
2021-05-02,"2021-05-02 10:30:04",372,16462,1801,186240,2990,433117,3455,546022
2021-05-02,"2021-05-02 11:30:04",378,16954,1803,186732,2991,433609,3456,546514
2021-05-02,"2021-05-02 12:30:04",386,17527,1805,187305,2993,434182,3459,547087
2021-05-02,"2021-05-02 13:30:03",396,18107,1809,187885,2996,434762,3462,547667
2021-05-02,"2021-05-02 14:30:04",404,18674,1811,188452,2997,435329,3464,548234
2021-05-02,"2021-05-02 15:30:03",421,19411,1818,189189,3002,436066,3470,548971
2021-05-02,"2021-05-02 16:30:04",435,20062,1824,189840,3007,436717,3475,549622
2021-05-02,"2021-05-02 17:30:03",444,20737,1827,190515,3010,437392,3476,550297
2021-05-02,"2021-05-02 18:30:04",453,21393,1833,191171,3015,438048,3481,550953
2021-05-02,"2021-05-02 19:30:03",462,22217,1836,191995,3017,438872,3482,551777
2021-05-02,"2021-05-02 20:30:03",474,23077,1841,192855,3020,439732,3485,552637
2021-05-02,"2021-05-02 21:30:03",488,23937,1846,193715,3025,440592,3488,553497
2021-05-02,"2021-05-02 22:30:03",502,24725,1854,194503,3032,441380,3496,554285
2021-05-02,"2021-05-02 23:30:03",511,25354,1858,195132,3035,442009,3499,554914
2021-05-03,"2021-05-03 00:30:04",306,13732,1720,135754,3012,435594,3503,555362
2021-05-03,"2021-05-03 01:30:04",313,14224,1725,136246,3016,436086,3507,555854
2021-05-03,"2021-05-03 02:30:04",323,14646,1732,136668,3021,436508,3511,556276
2021-05-03,"2021-05-03 03:30:03",335,15088,1739,137110,3026,436950,3516,556718
2021-05-03,"2021-05-03 04:30:04",345,15560,1746,137582,3032,437422,3521,557190
2021-05-03,"2021-05-03 05:30:03",356,16082,1753,138104,3038,437944,3528,557712
2021-05-03,"2021-05-03 06:30:03",369,16548,1762,138570,3042,438410,3532,558178
2021-05-03,"2021-05-03 07:30:04",383,17015,1773,139037,3051,438877,3543,558645
2021-05-03,"2021-05-03 08:30:03",393,17467,1778,139489,3055,439329,3548,559097
2021-05-03,"2021-05-03 09:30:03",403,17974,1786,139996,3058,439836,3552,559604
2021-05-03,"2021-05-03 10:30:03",412,18435,1790,140457,3062,440297,3555,560065
2021-05-03,"2021-05-03 11:30:04",422,18855,1795,140877,3066,440717,3558,560485
2021-05-03,"2021-05-03 12:30:03",437,19381,1799,141403,3067,441243,3559,561011
2021-05-03,"2021-05-03 13:30:03",444,19856,1800,141878,3067,441718,3559,561486
2021-05-03,"2021-05-03 14:30:03",451,20438,1806,142460,3071,442300,3563,562068
2021-05-03,"2021-05-03 15:30:03",466,21212,1813,143234,3090,443074,3569,562842
2021-05-03,"2021-05-03 16:30:03",478,21942,1818,143964,3096,443791,3575,563559
2021-05-03,"2021-05-03 17:30:04",495,22628,1830,144650,3104,444490,3584,564258
2021-05-03,"2021-05-03 18:30:04",514,23313,1840,145335,3115,445175,3594,564943
2021-05-03,"2021-05-03 19:30:04",537,24072,1851,146094,3125,445934,3604,565702
2021-05-03,"2021-05-03 20:30:03",554,24836,1856,146858,3127,446698,3606,566466
2021-05-03,"2021-05-03 21:30:04",572,25651,1866,147673,3133,447513,3613,567281
2021-05-03,"2021-05-03 22:30:04",594,26362,1874,148384,3141,448224,3620,567992
2021-05-03,"2021-05-03 23:30:03",603,26850,1880,148872,3147,448712,3626,568480
2021-05-04,"2021-05-04 00:30:04",387,13749,1585,109539,3118,442603,3626,568913
2021-05-04,"2021-05-04 01:30:04",394,14138,1588,109928,3120,442992,3629,569302
2021-05-04,"2021-05-04 02:30:04",402,14531,1590,110321,3121,443385,3630,569695
2021-05-04,"2021-05-04 03:30:03",413,14949,1599,110739,3127,443803,3635,570113
2021-05-04,"2021-05-04 04:30:04",423,15432,1600,111222,3127,444275,3635,570585
2021-05-04,"2021-05-04 05:30:04",427,15794,1600,111584,3127,444648,3635,570958
2021-05-04,"2021-05-04 06:30:04",435,16148,1605,111938,3132,445002,3640,571312
2021-05-04,"2021-05-04 07:30:03",443,16508,1608,112298,3133,445362,3641,571672
2021-05-04,"2021-05-04 08:30:04",450,16924,1613,112714,3137,445778,3645,572088
2021-05-04,"2021-05-04 09:30:04",460,17346,1617,113136,3139,446200,3647,572510
2021-05-04,"2021-05-04 10:30:04",466,17726,1621,113516,3143,446580,3651,572890
2021-05-04,"2021-05-04 11:30:03",474,18037,1625,113827,3146,446891,3652,573201
2021-05-04,"2021-05-04 12:30:04",488,18500,1633,114290,3153,447354,3660,573664
2021-05-04,"2021-05-04 13:30:04",500,18964,1640,114754,3158,447818,3664,574128
2021-05-04,"2021-05-04 14:30:04",517,19823,1651,115613,3164,448677,3669,574987
2021-05-04,"2021-05-04 15:30:04",534,20606,1657,116396,3169,449460,3674,575770
2021-05-04,"2021-05-04 16:30:04",552,21487,1664,117277,3170,450341,3675,576651
2021-05-04,"2021-05-04 17:30:03",570,22414,1679,118204,3177,451268,3683,577578
2021-05-04,"2021-05-04 18:30:04",586,23335,1690,119125,3182,452189,3688,578499
2021-05-04,"2021-05-04 19:30:04",604,24157,1695,119947,3186,453011,3691,579321
2021-05-04,"2021-05-04 20:30:04",623,25135,1708,120925,3195,453989,3700,580299
2021-05-04,"2021-05-04 21:30:04",636,25951,1715,121741,3204,454805,3708,581115
2021-05-04,"2021-05-04 22:30:04",651,26745,1722,122535,3210,455599,3714,581909
2021-05-04,"2021-05-04 23:30:04",660,27295,1727,123085,3211,456149,3715,582459
2021-05-05,"2021-05-05 00:30:04",400,14284,1530,102262,3182,449530,3718,583019
2021-05-05,"2021-05-05 01:30:04",419,14886,1538,102864,3188,450132,3724,583621
2021-05-05,"2021-05-05 02:30:04",429,15258,1543,103236,3190,450504,3726,583993
2021-05-05,"2021-05-05 03:30:04",438,15870,1548,103848,3194,451116,3729,584605
2021-05-05,"2021-05-05 04:30:04",444,16424,1553,104402,3199,451670,3734,585159
2021-05-05,"2021-05-05 05:30:04",459,16901,1561,104879,3204,452147,3739,585636
2021-05-05,"2021-05-05 06:30:03",474,17332,1572,105310,3207,452578,3743,586067
2021-05-05,"2021-05-05 07:30:04",480,17707,1573,105685,3209,452953,3744,586442
2021-05-05,"2021-05-05 08:30:04",495,18090,1581,106068,3217,453336,3753,586825
2021-05-05,"2021-05-05 09:30:04",510,18464,1587,106442,3221,453710,3757,587199
2021-05-05,"2021-05-05 10:30:04",517,18838,1591,106816,3223,454084,3758,587573
2021-05-05,"2021-05-05 11:30:04",526,19344,1595,107322,3226,454590,3760,588079
2021-05-05,"2021-05-05 12:30:04",537,19813,1599,107791,3229,455059,3763,588548
2021-05-05,"2021-05-05 13:30:03",549,20412,1608,108390,3234,455658,3768,589147
2021-05-05,"2021-05-05 14:30:04",561,21074,1615,109052,3238,456320,3772,589809
2021-05-05,"2021-05-05 15:30:04",577,21797,1626,109775,3246,457043,3779,590532
2021-05-05,"2021-05-05 16:30:03",594,22577,1633,110555,3252,457823,3785,591312
2021-05-05,"2021-05-05 17:30:04",607,23400,1640,111378,3256,458646,3789,592135
2021-05-05,"2021-05-05 18:30:04",619,24329,1648,112307,3262,459575,3796,593064
2021-05-05,"2021-05-05 19:30:04",642,25308,1660,113286,3270,460554,3803,594043
2021-05-05,"2021-05-05 20:30:04",657,26182,1669,114160,3276,461428,3809,594917
2021-05-05,"2021-05-05 21:30:03",672,26970,1680,114948,3285,462216,3820,595705
2021-05-05,"2021-05-05 22:30:03",687,27705,1692,115683,3293,462951,3827,596440
2021-05-05,"2021-05-05 23:30:04",694,28337,1698,116315,3295,463583,3830,597072
2021-05-06,"2021-05-06 00:30:04",427,14929,1551,98844,3267,457431,3833,597671
2021-05-06,"2021-05-06 01:30:04",440,15476,1559,99391,3272,457978,3838,598218
2021-05-06,"2021-05-06 02:30:04",449,16088,1562,100003,3276,458590,3842,598830
2021-05-06,"2021-05-06 03:30:04",460,16532,1566,100447,3277,459034,3844,599274
2021-05-06,"2021-05-06 04:30:04",463,16917,1568,100832,3278,459419,3844,599659
2021-05-06,"2021-05-06 05:30:04",463,16917,1568,100832,3278,459419,3844,599659
2021-05-06,"2021-05-06 06:30:04",463,16917,1568,100832,3278,459419,3844,599659
2021-05-06,"2021-05-06 07:30:04",463,16917,1568,100832,3278,459419,3844,599659
2021-05-06,"2021-05-06 08:30:04",485,18497,1578,102412,3285,460999,3851,601239
2021-05-06,"2021-05-06 09:30:04",492,18940,1582,102855,3288,461442,3854,601682
2021-05-06,"2021-05-06 10:30:03",500,19387,1586,103302,3292,461889,3856,602129
2021-05-06,"2021-05-06 11:30:03",517,19900,1593,103815,3296,462402,3860,602642
2021-05-06,"2021-05-06 12:30:04",526,20474,1597,104389,3299,462976,3863,603216
2021-05-06,"2021-05-06 13:30:04",531,21058,1602,104973,3304,463560,3868,603800
2021-05-06,"2021-05-06 14:30:04",541,21700,1608,105615,3309,464202,3873,604442
2021-05-06,"2021-05-06 15:30:03",554,22373,1614,106288,3312,464875,3876,605115
2021-05-06,"2021-05-06 16:30:03",570,23095,1621,107010,3318,465597,3883,605837
2021-05-06,"2021-05-06 17:30:04",582,23904,1629,107819,3323,466406,3888,606646
2021-05-06,"2021-05-06 18:30:04",604,24712,1646,108627,3333,467214,3898,607454
2021-05-06,"2021-05-06 19:30:04",614,25561,1654,109476,3341,468063,3906,608303
2021-05-06,"2021-05-06 20:30:04",626,26490,1662,110405,3344,468992,3909,609232
2021-05-06,"2021-05-06 21:30:04",650,27450,1679,111365,3354,469952,3918,610192
2021-05-06,"2021-05-06 22:30:04",670,28296,1692,112211,3361,470798,3926,611038
2021-05-06,"2021-05-06 23:30:05",686,28973,1698,112888,3368,471475,3932,611715
2021-05-07,"2021-05-07 00:30:04",374,14957,1530,97031,3328,465420,3936,612321
2021-05-07,"2021-05-07 01:30:04",379,15528,1533,97602,3330,465991,3937,612892
2021-05-07,"2021-05-07 02:30:04",387,16067,1537,98141,3332,466530,3940,613431
2021-05-07,"2021-05-07 03:30:04",401,16625,1543,98699,3338,467088,3946,613989
2021-05-07,"2021-05-07 04:30:04",410,16988,1547,99062,3341,467451,3949,614352
2021-05-07,"2021-05-07 05:30:04",417,17515,1552,99589,3342,467978,3950,614879
2021-05-07,"2021-05-07 06:30:03",430,17963,1558,100037,3347,468426,3955,615327
2021-05-07,"2021-05-07 07:30:06",442,18368,1563,100442,3350,468831,3959,615732
2021-05-07,"2021-05-07 08:30:04",451,18777,1567,100851,3353,469240,3960,616141
2021-05-07,"2021-05-07 09:30:04",454,19228,1567,101302,3353,469691,3960,616592
2021-05-07,"2021-05-07 10:30:04",462,19720,1574,101794,3361,470183,3967,617084
2021-05-07,"2021-05-07 11:30:04",470,20163,1578,102237,3364,470626,3969,617527
2021-05-07,"2021-05-07 12:30:04",485,20695,1585,102769,3369,471158,3974,618059
2021-05-07,"2021-05-07 13:30:04",490,21236,1587,103310,3370,471699,3976,618600
2021-05-07,"2021-05-07 14:30:05",508,21729,1595,103803,3374,472192,3978,619093
2021-05-07,"2021-05-07 15:30:04",530,22312,1609,104386,3379,472775,3983,619676
2021-05-07,"2021-05-07 16:30:04",541,22938,1614,105012,3382,473401,3987,620302
2021-05-07,"2021-05-07 18:30:07",553,24058,1622,106132,3385,474521,3990,621422
2021-05-07,"2021-05-07 19:30:07",562,24576,1628,106650,3390,475039,3995,621940
2021-05-07,"2021-05-07 20:30:07",571,25179,1633,107253,3393,475642,3997,622543
2021-05-07,"2021-05-07 22:30:04",594,26163,1648,108237,3406,476626,4009,623527
2021-05-07,"2021-05-07 23:30:04",605,26777,1655,108851,3409,477240,4013,624141
2021-05-08,"2021-05-08 00:30:04",339,12618,1531,95105,3377,471245,4015,624665
2021-05-08,"2021-05-08 01:30:04",353,13144,1538,95631,3380,471771,4016,625191
2021-05-08,"2021-05-08 02:30:04",362,13629,1541,96116,3381,472256,4018,625676
2021-05-08,"2021-05-08 03:30:04",376,14043,1547,96530,3384,472670,4020,626090
2021-05-08,"2021-05-08 04:30:03",385,14476,1553,96963,3386,473103,4022,626523
2021-05-08,"2021-05-08 05:30:03",395,14900,1560,97387,3390,473527,4025,626947
2021-05-08,"2021-05-08 06:30:04",404,15235,1566,97722,3395,473862,4030,627282
2021-05-08,"2021-05-08 07:30:04",415,15578,1572,98065,3396,474205,4032,627625
2021-05-08,"2021-05-08 08:30:04",421,15896,1576,98383,3397,474523,4033,627943
2021-05-08,"2021-05-08 09:30:04",428,16344,1582,98831,3401,474971,4034,628391
2021-05-08,"2021-05-08 10:30:03",433,16726,1582,99213,3401,475353,4034,628773
2021-05-08,"2021-05-08 11:30:04",443,17156,1586,99643,3401,475783,4034,629203
2021-05-08,"2021-05-08 12:30:04",450,17614,1590,100101,3403,476241,4037,629661
2021-05-08,"2021-05-08 13:30:03",460,18107,1595,100594,3407,476734,4041,630154
2021-05-08,"2021-05-08 14:30:04",468,18653,1597,101128,3407,477268,4041,630688
2021-05-08,"2021-05-08 15:30:04",477,19297,1599,101784,3408,477918,4042,631338
2021-05-08,"2021-05-08 16:30:03",494,19854,1610,102339,3413,478479,4047,631899
2021-05-08,"2021-05-08 17:30:04",509,20476,1619,102963,3420,479103,4055,632523
2021-05-08,"2021-05-08 18:30:03",522,21255,1627,103742,3428,479882,4062,633302
2021-05-08,"2021-05-08 19:30:04",531,21952,1632,104439,3430,480579,4065,633999
2021-05-08,"2021-05-08 20:30:03",538,22587,1635,105074,3434,481214,4069,634634
2021-05-08,"2021-05-08 21:30:04",542,23102,1637,105589,3434,481729,4069,635149
2021-05-08,"2021-05-08 22:30:03",554,23823,1646,106310,3443,482450,4075,635870
2021-05-08,"2021-05-08 23:30:03",565,24407,1654,106894,3449,483034,4082,636454
2021-05-09,"2021-05-09 00:30:04",316,12543,1547,95329,3420,475821,4084,636959
2021-05-09,"2021-05-09 01:30:03",330,13033,1556,95819,3427,476311,4091,637449
2021-05-09,"2021-05-09 02:30:04",338,13486,1564,96272,3432,476764,4096,637902
2021-05-09,"2021-05-09 03:30:04",345,13915,1569,96701,3434,477193,4098,638331
2021-05-09,"2021-05-09 04:30:04",348,14320,1572,97106,3435,477598,4100,638736
2021-05-09,"2021-05-09 05:30:04",356,14619,1579,97405,3438,477897,4102,639035
2021-05-09,"2021-05-09 06:30:04",361,14909,1583,97695,3439,478187,4104,639325
2021-05-09,"2021-05-09 07:30:04",368,15201,1588,97987,3440,478479,4105,639617
2021-05-09,"2021-05-09 08:30:04",381,15573,1596,98359,3446,478851,4111,639989
2021-05-09,"2021-05-09 09:30:04",395,16053,1604,98839,3451,479331,4116,640469
2021-05-09,"2021-05-09 10:30:04",404,16494,1609,99280,3455,479772,4120,640910
2021-05-09,"2021-05-09 11:30:03",411,16859,1614,99645,3460,480137,4125,641275
