"date_utc","date_time_utc","hdao_price"
2021-04-25,"2021-04-25 19:32:04",6.89621799833611
2021-04-25,"2021-04-25 19:40:02",6.88812906690071
2021-04-25,"2021-04-25 19:50:03",7.14977073241317
2021-04-25,"2021-04-25 20:00:03",6.85272064825052
2021-04-25,"2021-04-25 20:10:02",6.88606570769298
2021-04-25,"2021-04-25 20:20:02",6.51212774255429
2021-04-25,"2021-04-25 20:30:02",6.3514985139243
2021-04-25,"2021-04-25 20:40:02",6.43870348554275
2021-04-25,"2021-04-25 20:50:02",6.4507897247244
2021-04-25,"2021-04-25 21:00:03",6.3094848735149
2021-04-25,"2021-04-25 21:10:02",6.01077920071626
2021-04-25,"2021-04-25 21:20:03",6.00804095095684
2021-04-25,"2021-04-25 21:30:02",6.29366027980345
2021-04-25,"2021-04-25 21:40:02",6.11334600459689
2021-04-25,"2021-04-25 21:50:02",5.59836602911317
2021-04-25,"2021-04-25 22:00:03",5.77467022005489
2021-04-25,"2021-04-25 22:10:02",5.78643236637305
2021-04-25,"2021-04-25 22:20:03",5.72289775323152
2021-04-25,"2021-04-25 22:30:03",5.71282664926302
2021-04-25,"2021-04-25 22:40:02",5.78415031220092
2021-04-25,"2021-04-25 22:50:02",6.23684908544043
2021-04-25,"2021-04-25 23:00:03",6.1456515880897
2021-04-25,"2021-04-25 23:10:03",6.12575607839551
2021-04-25,"2021-04-25 23:20:03",6.52919319166882
2021-04-25,"2021-04-25 23:30:03",6.31685925664526
2021-04-25,"2021-04-25 23:40:02",6.63445941384104
2021-04-25,"2021-04-25 23:50:02",6.73228599283467
2021-04-26,"2021-04-26 00:00:03",6.70510467965134
2021-04-26,"2021-04-26 00:10:02",6.67348659979515
2021-04-26,"2021-04-26 00:20:03",6.08393647122834
2021-04-26,"2021-04-26 00:30:03",6.11307292322892
2021-04-26,"2021-04-26 00:40:03",5.24405470233862
2021-04-26,"2021-04-26 00:50:03",5.26826479842603
2021-04-26,"2021-04-26 01:00:03",5.25210597994569
2021-04-26,"2021-04-26 01:10:03",5.52389584163654
2021-04-26,"2021-04-26 01:20:02",6.03453929514414
2021-04-26,"2021-04-26 01:30:02",6.16694498837636
2021-04-26,"2021-04-26 01:40:02",6.2334918568022
2021-04-26,"2021-04-26 01:50:03",6.44670250022446
2021-04-26,"2021-04-26 02:00:03",6.39564244860766
2021-04-26,"2021-04-26 02:10:02",6.3982231433786
2021-04-26,"2021-04-26 02:20:02",6.34364824883422
2021-04-26,"2021-04-26 02:30:02",6.35486124150012
2021-04-26,"2021-04-26 02:40:02",6.34123865858475
2021-04-26,"2021-04-26 02:50:02",6.34123865858475
2021-04-26,"2021-04-26 03:00:03",6.33863781212235
2021-04-26,"2021-04-26 03:10:02",6.35040039578807
2021-04-26,"2021-04-26 03:20:02",6.36051500149478
2021-04-26,"2021-04-26 03:30:02",6.36051500115555
2021-04-26,"2021-04-26 03:40:03",6.45612902075807
2021-04-26,"2021-04-26 03:50:03",6.46016195749107
2021-04-26,"2021-04-26 04:00:02",6.46376054109297
2021-04-26,"2021-04-26 04:10:03",6.48030627006613
2021-04-26,"2021-04-26 04:20:02",6.58278941520864
2021-04-26,"2021-04-26 04:30:02",6.58354086706629
2021-04-26,"2021-04-26 04:40:03",6.63059174905285
2021-04-26,"2021-04-26 04:50:02",6.66590986361338
2021-04-26,"2021-04-26 05:00:02",6.63946264932971
2021-04-26,"2021-04-26 05:10:02",6.21079834368495
2021-04-26,"2021-04-26 05:20:03",6.19195498037717
2021-04-26,"2021-04-26 05:30:03",6.26034388012154
2021-04-26,"2021-04-26 05:40:03",6.2428993367217
2021-04-26,"2021-04-26 05:50:03",6.257541611186
2021-04-26,"2021-04-26 06:00:03",6.17145079465047
2021-04-26,"2021-04-26 06:10:03",6.1973011426651
2021-04-26,"2021-04-26 06:20:02",6.20457138680714
2021-04-26,"2021-04-26 06:30:02",6.18076763360439
2021-04-26,"2021-04-26 06:40:02",6.1995168448747
2021-04-26,"2021-04-26 06:50:03",6.11648639868659
2021-04-26,"2021-04-26 07:00:02",6.0805152748051
2021-04-26,"2021-04-26 07:10:03",6.08498380040271
2021-04-26,"2021-04-26 07:20:02",6.07086279819104
2021-04-26,"2021-04-26 07:30:02",6.46341771802411
2021-04-26,"2021-04-26 07:40:02",6.11843786222818
2021-04-26,"2021-04-26 07:50:03",6.08793714177049
2021-04-26,"2021-04-26 08:00:03",6.0990555400205
2021-04-26,"2021-04-26 08:10:02",5.79620596096976
2021-04-26,"2021-04-26 08:20:02",5.78921969515215
2021-04-26,"2021-04-26 08:30:02",5.77303984288262
2021-04-26,"2021-04-26 08:40:02",4.75239124549694
2021-04-26,"2021-04-26 08:50:02",5.3159286597211
2021-04-26,"2021-04-26 09:00:03",5.67268963182296
2021-04-26,"2021-04-26 09:10:03",5.74576960816542
2021-04-26,"2021-04-26 09:20:03",5.58543469898384
2021-04-26,"2021-04-26 09:30:03",5.58638711335702
2021-04-26,"2021-04-26 09:40:03",5.58248496789168
2021-04-26,"2021-04-26 09:50:03",5.59422197732069
2021-04-26,"2021-04-26 10:00:03",5.32243815270704
2021-04-26,"2021-04-26 10:10:02",5.451643929272
2021-04-26,"2021-04-26 10:20:02",5.66581082693177
2021-04-26,"2021-04-26 10:30:03",5.59687578454755
2021-04-26,"2021-04-26 10:40:02",5.87487005108767
2021-04-26,"2021-04-26 10:50:03",5.72197807831658
2021-04-26,"2021-04-26 11:00:03",5.66274141795807
2021-04-26,"2021-04-26 11:10:02",5.72778788457057
2021-04-26,"2021-04-26 11:20:02",5.83485967964954
2021-04-26,"2021-04-26 11:30:03",6.06418616572467
2021-04-26,"2021-04-26 11:40:03",5.93540425990689
2021-04-26,"2021-04-26 11:50:02",5.95332359747821
2021-04-26,"2021-04-26 12:00:03",5.99119856901321
2021-04-26,"2021-04-26 12:10:03",5.99178205119133
2021-04-26,"2021-04-26 12:20:02",5.99887210749789
2021-04-26,"2021-04-26 12:30:02",5.92553524677786
2021-04-26,"2021-04-26 12:40:03",5.8722585387222
2021-04-26,"2021-04-26 12:50:02",5.8885874630392
2021-04-26,"2021-04-26 13:00:03",5.88695740261142
2021-04-26,"2021-04-26 13:10:03",5.69386666155426
2021-04-26,"2021-04-26 13:20:02",5.90068858844695
2021-04-26,"2021-04-26 13:30:03",6.00072908436828
2021-04-26,"2021-04-26 13:40:03",6.04374760014789
2021-04-26,"2021-04-26 13:50:03",6.04089414372998
2021-04-26,"2021-04-26 14:00:03",6.80918533380317
2021-04-26,"2021-04-26 14:10:02",7.41067253128183
2021-04-26,"2021-04-26 14:20:03",6.38273939913043
2021-04-26,"2021-04-26 14:30:02",6.32264817510193
2021-04-26,"2021-04-26 14:40:02",6.30493152915381
2021-04-26,"2021-04-26 14:50:02",6.44984182105129
2021-04-26,"2021-04-26 15:00:03",6.40619230367251
2021-04-26,"2021-04-26 15:10:03",6.40137818099568
2021-04-26,"2021-04-26 15:20:02",6.33510841069347
2021-04-26,"2021-04-26 15:30:03",5.31436124031167
2021-04-26,"2021-04-26 15:40:03",5.36914937935693
2021-04-26,"2021-04-26 15:50:03",5.37327323940072
2021-04-26,"2021-04-26 16:00:03",5.37327323940072
2021-04-26,"2021-04-26 16:10:02",5.3998648923065
2021-04-26,"2021-04-26 16:20:02",5.50333375127611
2021-04-26,"2021-04-26 16:30:03",5.09841985535748
2021-04-26,"2021-04-26 16:40:03",5.13767230911342
2021-04-26,"2021-04-26 16:50:02",5.68757729323972
2021-04-26,"2021-04-26 17:00:03",5.92397028382705
2021-04-26,"2021-04-26 17:10:02",5.98841578340917
2021-04-26,"2021-04-26 17:20:02",5.99035022395277
2021-04-26,"2021-04-26 17:30:03",5.94697148216563
2021-04-26,"2021-04-26 17:40:03",6.05800283042871
2021-04-26,"2021-04-26 17:50:03",6.18489404259126
2021-04-26,"2021-04-26 18:00:03",6.58802731389046
2021-04-26,"2021-04-26 18:10:02",6.31081249962605
2021-04-26,"2021-04-26 18:20:03",6.28974024729157
2021-04-26,"2021-04-26 18:30:03",6.30434638408801
2021-04-26,"2021-04-26 18:40:02",6.33591581050486
2021-04-26,"2021-04-26 18:50:03",6.53406561400915
2021-04-26,"2021-04-26 19:00:03",6.61168070966887
2021-04-26,"2021-04-26 19:10:03",6.54558416456746
2021-04-26,"2021-04-26 19:20:02",6.73197711102579
2021-04-26,"2021-04-26 19:30:03",6.72441899099491
2021-04-26,"2021-04-26 19:40:02",6.71962636218393
2021-04-26,"2021-04-26 19:50:03",6.70465164966356
2021-04-26,"2021-04-26 20:00:03",6.69912283061507
2021-04-26,"2021-04-26 20:10:03",6.53260893347776
2021-04-26,"2021-04-26 20:20:02",6.53260893347776
2021-04-26,"2021-04-26 20:30:02",6.53260893347776
2021-04-26,"2021-04-26 20:40:02",6.57167938116442
2021-04-26,"2021-04-26 20:50:03",6.57167938116442
2021-04-26,"2021-04-26 21:00:03",6.57569317501455
2021-04-26,"2021-04-26 21:10:02",6.56650290781025
2021-04-26,"2021-04-26 21:20:02",6.54131447979155
2021-04-26,"2021-04-26 21:30:03",6.80813811788045
2021-04-26,"2021-04-26 21:40:03",6.59261711746865
2021-04-26,"2021-04-26 21:50:03",6.71840960300964
2021-04-26,"2021-04-26 22:00:03",6.70480105778984
2021-04-26,"2021-04-26 22:10:02",6.71816544735862
2021-04-26,"2021-04-26 22:20:03",6.68269396623017
2021-04-26,"2021-04-26 22:30:02",6.31678439370948
2021-04-26,"2021-04-26 22:40:03",6.90911815862522
2021-04-26,"2021-04-26 22:50:02",6.74366065014602
2021-04-26,"2021-04-26 23:00:03",6.64592682842098
2021-04-26,"2021-04-26 23:10:03",6.66677625788858
2021-04-26,"2021-04-26 23:20:02",6.70293230600905
2021-04-26,"2021-04-26 23:30:03",6.68736876734484
2021-04-26,"2021-04-26 23:40:03",6.485807198456
2021-04-26,"2021-04-26 23:50:03",6.42231466653375
2021-04-27,"2021-04-27 00:00:03",6.49555793641802
2021-04-27,"2021-04-27 00:10:03",6.49205311179152
2021-04-27,"2021-04-27 00:20:02",6.48590767454466
2021-04-27,"2021-04-27 00:30:02",6.4797539299814
2021-04-27,"2021-04-27 00:40:02",6.46223454626854
2021-04-27,"2021-04-27 00:50:03",2.97849655381882
2021-04-27,"2021-04-27 01:00:02",3.92424833589364
2021-04-27,"2021-04-27 01:10:02",4.78813542161182
2021-04-27,"2021-04-27 01:20:03",4.87967628043079
2021-04-27,"2021-04-27 01:30:03",5.08100566730138
2021-04-27,"2021-04-27 01:40:02",5.25093518217516
2021-04-27,"2021-04-27 01:50:03",5.06919670167471
2021-04-27,"2021-04-27 02:00:03",5.05795185729981
2021-04-27,"2021-04-27 02:10:02",5.0621068562383
2021-04-27,"2021-04-27 02:20:03",5.09163691858789
2021-04-27,"2021-04-27 02:30:02",5.18482589412657
2021-04-27,"2021-04-27 02:40:03",5.20406303851847
2021-04-27,"2021-04-27 02:50:02",5.19461159877688
2021-04-27,"2021-04-27 03:00:03",5.1982687413809
2021-04-27,"2021-04-27 03:10:02",5.32682123544651
2021-04-27,"2021-04-27 03:20:03",5.32946214313761
2021-04-27,"2021-04-27 03:30:02",5.46058633784911
2021-04-27,"2021-04-27 03:40:02",5.46162109993641
2021-04-27,"2021-04-27 03:50:03",5.78224933153633
2021-04-27,"2021-04-27 04:00:03",5.47468600229086
2021-04-27,"2021-04-27 04:10:02",5.83307407239009
2021-04-27,"2021-04-27 04:20:03",5.3768119828515
2021-04-27,"2021-04-27 04:30:02",5.3768119828515
2021-04-27,"2021-04-27 04:40:03",5.37819437634322
2021-04-27,"2021-04-27 04:50:03",5.37819437634322
2021-04-27,"2021-04-27 05:00:03",5.38121248179977
2021-04-27,"2021-04-27 05:10:02",5.38121248179977
2021-04-27,"2021-04-27 05:20:03",5.38121248179977
2021-04-27,"2021-04-27 05:30:02",5.38121248179977
2021-04-27,"2021-04-27 05:40:02",5.38121248179977
2021-04-27,"2021-04-27 05:50:03",5.38121248179977
2021-04-27,"2021-04-27 06:00:03",5.38121248179977
2021-04-27,"2021-04-27 06:10:02",5.23768791611981
2021-04-27,"2021-04-27 06:20:02",5.23768791611981
2021-04-27,"2021-04-27 06:30:03",5.23768791611981
2021-04-27,"2021-04-27 06:40:02",5.23768791611981
2021-04-27,"2021-04-27 06:50:02",5.23768791611981
2021-04-27,"2021-04-27 07:00:03",5.23768791611981
2021-04-27,"2021-04-27 07:10:02",5.23768791611981
2021-04-27,"2021-04-27 07:20:02",5.23768791611981
2021-04-27,"2021-04-27 07:30:03",5.23768791611981
2021-04-27,"2021-04-27 07:40:03",5.23768791611981
2021-04-27,"2021-04-27 07:50:03",5.23768791611981
2021-04-27,"2021-04-27 08:00:03",5.91353180215015
2021-04-27,"2021-04-27 08:10:03",5.23768791611981
2021-04-27,"2021-04-27 08:20:03",5.23768791611981
2021-04-27,"2021-04-27 08:30:02",5.23768791611981
2021-04-27,"2021-04-27 08:40:02",5.23768791611981
2021-04-27,"2021-04-27 08:50:03",5.23768791611981
2021-04-27,"2021-04-27 09:00:03",5.23768791611981
2021-04-27,"2021-04-27 09:10:03",5.23768791611981
2021-04-27,"2021-04-27 09:20:03",5.23768791611981
2021-04-27,"2021-04-27 09:30:02",5.23768791611981
2021-04-27,"2021-04-27 09:40:02",5.23768791611981
2021-04-27,"2021-04-27 09:50:03",5.88437479842146
2021-04-27,"2021-04-27 10:00:03",5.88437479842146
2021-04-27,"2021-04-27 10:10:03",5.88437479842146
2021-04-27,"2021-04-27 10:20:02",5.88437479842146
2021-04-27,"2021-04-27 10:30:02",5.88437479842146
2021-04-27,"2021-04-27 10:40:02",5.88437479842146
2021-04-27,"2021-04-27 10:50:03",5.88437479842146
2021-04-27,"2021-04-27 11:00:04",5.88437479842146
2021-04-27,"2021-04-27 11:10:02",5.88437479842146
2021-04-27,"2021-04-27 11:20:02",5.88437479842146
2021-04-27,"2021-04-27 11:30:03",5.88437479842146
2021-04-27,"2021-04-27 11:40:03",5.88437479842146
2021-04-27,"2021-04-27 11:50:02",5.81422734917401
2021-04-27,"2021-04-27 12:00:03",5.81422734917401
2021-04-27,"2021-04-27 12:10:03",5.81422734917401
2021-04-27,"2021-04-27 12:20:02",5.81422734917401
2021-04-27,"2021-04-27 12:30:03",5.81422734917401
2021-04-27,"2021-04-27 12:40:02",5.81422734917401
2021-04-27,"2021-04-27 12:50:03",5.81422734917401
2021-04-27,"2021-04-27 13:00:02",5.81422734917401
2021-04-27,"2021-04-27 13:10:02",5.81422734917401
2021-04-27,"2021-04-27 13:20:02",5.81422734917401
2021-04-27,"2021-04-27 13:30:03",5.81422734917401
2021-04-27,"2021-04-27 13:40:03",5.81422734917401
2021-04-27,"2021-04-27 13:50:03",5.81422734917401
2021-04-27,"2021-04-27 14:00:02",5.81422734917401
2021-04-27,"2021-04-27 14:10:03",5.81422734917401
2021-04-27,"2021-04-27 14:20:03",5.81422734917401
2021-04-27,"2021-04-27 14:30:02",5.81422734917401
2021-04-27,"2021-04-27 14:40:03",5.81422734917401
2021-04-27,"2021-04-27 14:50:02",5.81422734917401
2021-04-27,"2021-04-27 15:00:03",5.81422734917401
2021-04-27,"2021-04-27 15:10:02",5.81422734917401
2021-04-27,"2021-04-27 15:20:03",5.81422734917401
2021-04-27,"2021-04-27 15:30:03",5.81422734917401
2021-04-27,"2021-04-27 15:40:02",5.81422734917401
2021-04-27,"2021-04-27 15:50:03",5.81422734917401
2021-04-27,"2021-04-27 16:00:03",5.81422734917401
2021-04-27,"2021-04-27 16:10:03",4.84733756739766
2021-04-27,"2021-04-27 16:20:02",4.84733756739766
2021-04-27,"2021-04-27 16:30:03",4.84733756739766
2021-04-27,"2021-04-27 16:40:02",4.84733756739766
2021-04-27,"2021-04-27 16:50:03",4.84733756739766
2021-04-27,"2021-04-27 17:00:03",4.84733756739766
2021-04-27,"2021-04-27 17:10:03",4.84733756739766
2021-04-27,"2021-04-27 17:20:02",4.84733756739766
2021-04-27,"2021-04-27 17:30:02",4.84733756739766
2021-04-27,"2021-04-27 17:40:03",4.84733756739766
2021-04-27,"2021-04-27 17:50:02",4.84733756739766
2021-04-27,"2021-04-27 18:00:03",4.84733756739766
2021-04-27,"2021-04-27 18:10:02",4.84733756739766
2021-04-27,"2021-04-27 18:20:02",4.84733756739766
2021-04-27,"2021-04-27 18:30:03",4.84733756739766
2021-04-27,"2021-04-27 18:40:02",4.84733756739766
2021-04-27,"2021-04-27 18:50:02",5.00704092583887
2021-04-27,"2021-04-27 19:00:03",5.00704092583887
2021-04-27,"2021-04-27 19:10:02",5.00704092583887
2021-04-27,"2021-04-27 19:20:03",5.00704092583887
2021-04-27,"2021-04-27 19:30:02",5.00704092583887
2021-04-27,"2021-04-27 19:40:02",4.94163744047525
2021-04-27,"2021-04-27 19:50:02",4.94163744047525
2021-04-27,"2021-04-27 20:00:03",4.94163744047525
2021-04-27,"2021-04-27 20:10:02",4.94163744047525
2021-04-27,"2021-04-27 20:20:03",4.94163744047525
2021-04-27,"2021-04-27 20:30:03",4.94163744047525
2021-04-27,"2021-04-27 20:40:02",4.94163744047525
2021-04-27,"2021-04-27 20:50:02",4.94163744047525
2021-04-27,"2021-04-27 21:00:03",4.94163744047525
2021-04-27,"2021-04-27 21:10:02",4.94163744047525
2021-04-27,"2021-04-27 21:20:03",4.94163744047525
2021-04-27,"2021-04-27 21:30:02",4.94163744047525
2021-04-27,"2021-04-27 21:40:03",4.94163744047525
2021-04-27,"2021-04-27 21:50:02",4.94163744047525
2021-04-27,"2021-04-27 22:00:03",4.94163744047525
2021-04-27,"2021-04-27 22:10:02",4.94163744047525
2021-04-27,"2021-04-27 22:20:02",5.31859416421294
2021-04-27,"2021-04-27 22:30:03",5.31859416421294
2021-04-27,"2021-04-27 22:40:02",5.31859416421294
2021-04-27,"2021-04-27 22:50:02",5.31859416421294
2021-04-27,"2021-04-27 23:00:03",5.31859416421294
2021-04-27,"2021-04-27 23:10:02",5.31859416421294
2021-04-27,"2021-04-27 23:20:02",5.31859416421294
2021-04-27,"2021-04-27 23:30:03",5.31859416421294
2021-04-27,"2021-04-27 23:40:02",5.31859416421294
2021-04-27,"2021-04-27 23:50:02",5.31859416421294
2021-04-28,"2021-04-28 00:00:03",5.31859416421294
2021-04-28,"2021-04-28 00:10:02",5.31859416421294
2021-04-28,"2021-04-28 00:20:03",5.26314936707263
2021-04-28,"2021-04-28 00:30:03",5.26314936707263
2021-04-28,"2021-04-28 00:40:03",5.26314936707263
2021-04-28,"2021-04-28 00:50:02",5.26314936707263
2021-04-28,"2021-04-28 01:00:02",5.26314936707263
2021-04-28,"2021-04-28 01:10:03",5.26314936707263
2021-04-28,"2021-04-28 01:20:03",5.26314936707263
2021-04-28,"2021-04-28 01:30:02",5.26314936707263
2021-04-28,"2021-04-28 01:40:02",5.26314936707263
2021-04-28,"2021-04-28 01:50:02",5.26314936707263
2021-04-28,"2021-04-28 02:00:03",5.26314936707263
2021-04-28,"2021-04-28 02:10:02",5.26314936707263
2021-04-28,"2021-04-28 02:20:02",5.26314936707263
2021-04-28,"2021-04-28 02:30:02",5.1922792242143
2021-04-28,"2021-04-28 02:40:02",5.1922792242143
2021-04-28,"2021-04-28 02:50:02",5.1922792242143
2021-04-28,"2021-04-28 03:00:03",5.1922792242143
2021-04-28,"2021-04-28 03:10:03",5.1922792242143
2021-04-28,"2021-04-28 03:20:02",5.1922792242143
2021-04-28,"2021-04-28 03:30:03",5.1922792242143
2021-04-28,"2021-04-28 03:40:03",5.1922792242143
2021-04-28,"2021-04-28 03:50:03",5.1922792242143
2021-04-28,"2021-04-28 04:00:03",5.1922792242143
2021-04-28,"2021-04-28 04:10:03",5.1922792242143
2021-04-28,"2021-04-28 04:20:02",5.1922792242143
2021-04-28,"2021-04-28 04:30:02",5.1922792242143
2021-04-28,"2021-04-28 04:40:03",5.1922792242143
2021-04-28,"2021-04-28 04:50:02",5.1922792242143
2021-04-28,"2021-04-28 05:00:03",5.1922792242143
2021-04-28,"2021-04-28 05:10:02",5.1922792242143
2021-04-28,"2021-04-28 05:20:02",5.1922792242143
2021-04-28,"2021-04-28 05:30:03",5.1922792242143
2021-04-28,"2021-04-28 05:40:02",4.15609174084052
2021-04-28,"2021-04-28 05:50:03",4.15609174084052
2021-04-28,"2021-04-28 06:00:02",4.15609174084052
2021-04-28,"2021-04-28 06:10:03",4.15609174084052
2021-04-28,"2021-04-28 06:20:02",4.15609174084052
2021-04-28,"2021-04-28 06:30:03",4.15609174084052
2021-04-28,"2021-04-28 06:40:02",4.15609174084052
2021-04-28,"2021-04-28 06:50:02",4.15609174084052
2021-04-28,"2021-04-28 07:00:03",4.15609174084052
2021-04-28,"2021-04-28 07:10:02",4.18742216560934
2021-04-28,"2021-04-28 07:20:03",4.18742216560934
2021-04-28,"2021-04-28 07:30:02",4.18742216560934
2021-04-28,"2021-04-28 07:40:02",4.18742216560934
2021-04-28,"2021-04-28 07:50:03",4.18742216560934
2021-04-28,"2021-04-28 08:00:03",4.18742216560934
2021-04-28,"2021-04-28 08:10:02",4.47481670476463
2021-04-28,"2021-04-28 08:20:02",4.47481670476463
2021-04-28,"2021-04-28 08:30:02",4.47481670476463
2021-04-28,"2021-04-28 08:40:02",4.47481670476463
2021-04-28,"2021-04-28 08:50:02",4.47481670476463
2021-04-28,"2021-04-28 09:00:03",4.47481670476463
2021-04-28,"2021-04-28 09:10:02",4.47481670476463
2021-04-28,"2021-04-28 09:20:03",4.47481670476463
2021-04-28,"2021-04-28 09:30:02",4.49114326692082
2021-04-28,"2021-04-28 09:40:02",4.49114326692082
2021-04-28,"2021-04-28 09:50:02",4.49114326692082
2021-04-28,"2021-04-28 10:00:03",4.49114326692082
2021-04-28,"2021-04-28 10:10:03",4.49114326692082
2021-04-28,"2021-04-28 10:20:02",4.52295559654222
2021-04-28,"2021-04-28 10:30:02",4.52295559654222
2021-04-28,"2021-04-28 10:40:03",4.52295559654222
2021-04-28,"2021-04-28 10:50:02",4.52295559654222
2021-04-28,"2021-04-28 11:00:03",4.52295559654222
2021-04-28,"2021-04-28 11:10:02",4.52295559654222
2021-04-28,"2021-04-28 11:20:03",4.52295559654222
2021-04-28,"2021-04-28 11:30:03",4.52295559654222
2021-04-28,"2021-04-28 11:40:02",4.52295559654222
2021-04-28,"2021-04-28 11:50:03",4.52295559654222
2021-04-28,"2021-04-28 12:00:02",4.52295559654222
2021-04-28,"2021-04-28 12:10:03",4.57293705509449
2021-04-28,"2021-04-28 12:20:02",4.57293705509449
2021-04-28,"2021-04-28 12:30:03",4.79954686080933
2021-04-28,"2021-04-28 12:40:03",4.79954686080933
2021-04-28,"2021-04-28 12:50:02",4.92392406559192
2021-04-28,"2021-04-28 13:00:03",4.80906852843596
2021-04-28,"2021-04-28 13:10:02",4.80906852843596
2021-04-28,"2021-04-28 13:20:03",4.80906852843596
2021-04-28,"2021-04-28 13:30:02",4.80906852843596
2021-04-28,"2021-04-28 13:40:02",4.65114154922622
2021-04-28,"2021-04-28 13:50:03",4.81547284880446
2021-04-28,"2021-04-28 14:00:03",4.83898229181652
2021-04-28,"2021-04-28 14:10:03",4.81547284880446
2021-04-28,"2021-04-28 14:20:02",4.81547284880446
2021-04-28,"2021-04-28 14:30:02",4.86224315282105
2021-04-28,"2021-04-28 14:40:02",4.86224315282105
2021-04-28,"2021-04-28 14:50:02",4.86224315282105
2021-04-28,"2021-04-28 15:00:03",4.86224315282105
2021-04-28,"2021-04-28 15:10:02",4.97111115100393
2021-04-28,"2021-04-28 15:20:02",4.97771683198825
2021-04-28,"2021-04-28 15:30:03",4.97771683198825
2021-04-28,"2021-04-28 15:40:03",4.97771683198825
2021-04-28,"2021-04-28 15:50:03",4.97771683198825
2021-04-28,"2021-04-28 16:00:03",4.97771683198825
2021-04-28,"2021-04-28 16:10:03",4.97771683198825
2021-04-28,"2021-04-28 16:20:02",4.97771683198825
2021-04-28,"2021-04-28 16:30:03",4.97771683198825
2021-04-28,"2021-04-28 16:40:02",4.97771683198825
2021-04-28,"2021-04-28 16:50:02",4.97771683198825
2021-04-28,"2021-04-28 17:00:03",4.97771683198825
2021-04-28,"2021-04-28 17:10:03",4.9443722050054
2021-04-28,"2021-04-28 17:20:03",4.9443722050054
2021-04-28,"2021-04-28 17:30:03",4.9443722050054
2021-04-28,"2021-04-28 17:40:02",4.9443722050054
2021-04-28,"2021-04-28 17:50:03",4.9443722050054
2021-04-28,"2021-04-28 18:00:03",4.77205114735758
2021-04-28,"2021-04-28 18:10:03",4.77205114735758
2021-04-28,"2021-04-28 18:20:02",4.77205114735758
2021-04-28,"2021-04-28 18:30:02",4.77205114735758
2021-04-28,"2021-04-28 18:40:03",4.94174501432859
2021-04-28,"2021-04-28 18:50:02",4.92531057668658
2021-04-28,"2021-04-28 19:00:03",4.92531057668658
2021-04-28,"2021-04-28 19:10:03",4.92531057668658
2021-04-28,"2021-04-28 19:20:02",4.92531057668658
2021-04-28,"2021-04-28 19:30:02",4.92531057668658
2021-04-28,"2021-04-28 19:40:02",4.92531057668658
2021-04-28,"2021-04-28 19:50:02",4.92531057668658
2021-04-28,"2021-04-28 20:00:03",4.92531057668658
2021-04-28,"2021-04-28 20:10:03",4.92531057668658
2021-04-28,"2021-04-28 20:20:02",4.92531057668658
2021-04-28,"2021-04-28 20:30:03",4.92531057668658
2021-04-28,"2021-04-28 20:40:02",4.92531057668658
2021-04-28,"2021-04-28 20:50:02",4.92531057668658
2021-04-28,"2021-04-28 21:00:03",4.92531057668658
2021-04-28,"2021-04-28 21:10:02",4.92531057668658
2021-04-28,"2021-04-28 21:20:02",4.90301307178903
2021-04-28,"2021-04-28 21:30:03",4.90301307178903
2021-04-28,"2021-04-28 21:40:02",4.90301307178903
2021-04-28,"2021-04-28 21:50:02",4.90301307178903
2021-04-28,"2021-04-28 22:00:03",4.90301307178903
2021-04-28,"2021-04-28 22:10:02",4.90301307178903
2021-04-28,"2021-04-28 22:20:03",4.90301307178903
2021-04-28,"2021-04-28 22:30:02",4.90301307178903
2021-04-28,"2021-04-28 22:40:02",4.90301307178903
2021-04-28,"2021-04-28 22:50:02",4.90301307178903
2021-04-28,"2021-04-28 23:00:03",4.90301307178903
2021-04-28,"2021-04-28 23:10:02",4.90301307178903
2021-04-28,"2021-04-28 23:20:02",4.90301307178903
2021-04-28,"2021-04-28 23:30:03",4.90301307178903
2021-04-28,"2021-04-28 23:40:03",4.90301307178903
2021-04-28,"2021-04-28 23:50:03",4.90301307178903
2021-04-29,"2021-04-29 00:00:03",4.90301307178903
2021-04-29,"2021-04-29 00:10:02",4.90301307178903
2021-04-29,"2021-04-29 00:20:02",4.90301307178903
2021-04-29,"2021-04-29 00:30:03",4.90301307178903
2021-04-29,"2021-04-29 00:40:03",4.90301307178903
2021-04-29,"2021-04-29 00:50:02",4.90301307178903
2021-04-29,"2021-04-29 01:00:03",4.90301307178903
2021-04-29,"2021-04-29 01:10:03",4.90301307178903
2021-04-29,"2021-04-29 01:20:02",4.92262633593777
2021-04-29,"2021-04-29 01:30:02",4.92262633593777
2021-04-29,"2021-04-29 01:40:03",4.92262633593777
2021-04-29,"2021-04-29 01:50:02",4.98619720818015
2021-04-29,"2021-04-29 02:00:03",4.92262633593777
2021-04-29,"2021-04-29 02:10:03",4.92262633593777
2021-04-29,"2021-04-29 02:20:02",4.92262633593777
2021-04-29,"2021-04-29 02:30:02",4.92262633593777
2021-04-29,"2021-04-29 02:40:03",4.92262633593777
2021-04-29,"2021-04-29 02:50:03",4.92262633593777
2021-04-29,"2021-04-29 03:00:03",4.92262633593777
2021-04-29,"2021-04-29 03:10:02",4.92262633593777
2021-04-29,"2021-04-29 03:20:03",4.92262633593777
2021-04-29,"2021-04-29 03:30:03",4.92262633593777
2021-04-29,"2021-04-29 03:40:03",4.92262633593777
2021-04-29,"2021-04-29 03:50:02",4.92262633593777
2021-04-29,"2021-04-29 04:00:03",4.92262633593777
2021-04-29,"2021-04-29 04:10:02",4.92262633593777
2021-04-29,"2021-04-29 04:20:02",4.92262633593777
2021-04-29,"2021-04-29 04:30:03",4.92262633593777
2021-04-29,"2021-04-29 04:40:03",4.92262633593777
2021-04-29,"2021-04-29 04:50:03",4.92262633593777
2021-04-29,"2021-04-29 05:00:03",4.92262633593777
2021-04-29,"2021-04-29 05:10:02",4.92262633593777
2021-04-29,"2021-04-29 05:20:02",4.92262633593777
2021-04-29,"2021-04-29 05:30:03",4.92262633593777
2021-04-29,"2021-04-29 05:40:02",4.92262633593777
2021-04-29,"2021-04-29 05:50:02",4.95997272695372
2021-04-29,"2021-04-29 06:00:03",4.95997272695372
2021-04-29,"2021-04-29 06:10:03",4.95997272695372
2021-04-29,"2021-04-29 06:20:02",4.95997272695372
2021-04-29,"2021-04-29 06:30:03",4.95997272695372
2021-04-29,"2021-04-29 06:40:03",4.95997272695372
2021-04-29,"2021-04-29 06:50:02",4.95997272695372
2021-04-29,"2021-04-29 07:00:03",4.95997272695372
2021-04-29,"2021-04-29 07:10:03",4.95997272695372
2021-04-29,"2021-04-29 07:20:02",4.95997272695372
2021-04-29,"2021-04-29 07:30:03",4.95997272695372
2021-04-29,"2021-04-29 07:40:02",4.95997272695372
2021-04-29,"2021-04-29 07:50:02",4.95997272695372
2021-04-29,"2021-04-29 08:00:03",4.95997272695372
2021-04-29,"2021-04-29 08:10:02",4.95997272695372
2021-04-29,"2021-04-29 08:20:03",4.95997272695372
2021-04-29,"2021-04-29 08:30:02",4.95997272695372
2021-04-29,"2021-04-29 08:40:02",4.95997272695372
2021-04-29,"2021-04-29 08:50:03",4.95997272695372
2021-04-29,"2021-04-29 09:00:03",4.95997272695372
2021-04-29,"2021-04-29 09:10:03",4.95997272695372
2021-04-29,"2021-04-29 09:20:02",4.95997272695372
2021-04-29,"2021-04-29 09:30:02",4.95997272695372
2021-04-29,"2021-04-29 09:40:03",4.95997272695372
2021-04-29,"2021-04-29 09:50:03",4.53465631935039
2021-04-29,"2021-04-29 10:00:03",4.53465631935039
2021-04-29,"2021-04-29 10:10:03",4.53465631935039
2021-04-29,"2021-04-29 10:20:02",4.50892267601059
2021-04-29,"2021-04-29 10:30:03",4.50892267601059
2021-04-29,"2021-04-29 10:40:03",4.50892267601059
2021-04-29,"2021-04-29 10:50:03",4.50892267601059
2021-04-29,"2021-04-29 11:00:02",4.50892267601059
2021-04-29,"2021-04-29 11:10:03",4.50892267601059
2021-04-29,"2021-04-29 11:20:02",4.50892267601059
2021-04-29,"2021-04-29 11:30:03",4.50892267601059
2021-04-29,"2021-04-29 11:40:02",4.50892267601059
2021-04-29,"2021-04-29 11:50:03",4.50892267601059
2021-04-29,"2021-04-29 12:00:03",4.50892267601059
2021-04-29,"2021-04-29 12:10:02",4.50892267601059
2021-04-29,"2021-04-29 12:20:03",4.86676776072156
2021-04-29,"2021-04-29 12:30:02",4.8701430208361
2021-04-29,"2021-04-29 12:40:03",4.84778635742762
2021-04-29,"2021-04-29 12:50:03",4.84778635742762
2021-04-29,"2021-04-29 13:00:03",4.84778635742762
2021-04-29,"2021-04-29 13:10:03",4.84778635742762
2021-04-29,"2021-04-29 13:20:03",4.84778635742762
2021-04-29,"2021-04-29 13:30:02",4.84778635742762
2021-04-29,"2021-04-29 13:40:02",4.73710473083814
2021-04-29,"2021-04-29 13:50:02",4.80067782272281
2021-04-29,"2021-04-29 14:00:03",4.80067782272281
2021-04-29,"2021-04-29 14:10:03",4.81524492355774
2021-04-29,"2021-04-29 14:20:02",4.83122834742575
2021-04-29,"2021-04-29 14:30:02",4.83122834742575
2021-04-29,"2021-04-29 14:40:02",4.83122834742575
2021-04-29,"2021-04-29 14:50:03",4.83122834742575
2021-04-29,"2021-04-29 15:00:03",4.76339220872064
2021-04-29,"2021-04-29 15:10:02",4.75204219712943
2021-04-29,"2021-04-29 15:20:03",4.75053484150387
2021-04-29,"2021-04-29 15:30:02",4.75069345596868
2021-04-29,"2021-04-29 15:40:02",4.75069345596868
2021-04-29,"2021-04-29 15:50:02",4.75069345596868
2021-04-29,"2021-04-29 16:00:03",4.73599577162883
2021-04-29,"2021-04-29 16:10:03",4.73510418894326
2021-04-29,"2021-04-29 16:20:02",4.73510418894326
2021-04-29,"2021-04-29 16:30:03",4.73510418894326
2021-04-29,"2021-04-29 16:40:03",4.73510418894326
2021-04-29,"2021-04-29 16:50:02",4.73510418894326
2021-04-29,"2021-04-29 17:00:03",4.71922261999962
2021-04-29,"2021-04-29 17:10:03",4.71922261999962
2021-04-29,"2021-04-29 17:20:02",4.71922261999962
2021-04-29,"2021-04-29 17:30:03",4.7346678054946
2021-04-29,"2021-04-29 17:40:03",4.7346678054946
2021-04-29,"2021-04-29 17:50:02",4.7346678054946
2021-04-29,"2021-04-29 18:00:03",4.74333989633556
2021-04-29,"2021-04-29 18:10:02",4.74333989633556
2021-04-29,"2021-04-29 18:20:03",4.74333989633556
2021-04-29,"2021-04-29 18:30:02",4.74333989633556
2021-04-29,"2021-04-29 18:40:03",4.74333989633556
2021-04-29,"2021-04-29 18:50:03",4.74333989633556
2021-04-29,"2021-04-29 19:00:03",4.47353365708551
2021-04-29,"2021-04-29 19:10:02",4.47353365708551
2021-04-29,"2021-04-29 19:20:03",4.47353365708551
2021-04-29,"2021-04-29 19:30:02",4.47353365708551
2021-04-29,"2021-04-29 19:40:03",4.67462064672127
2021-04-29,"2021-04-29 19:50:02",4.67462064672127
2021-04-29,"2021-04-29 20:00:04",4.67462064672127
2021-04-29,"2021-04-29 20:10:02",4.67462064672127
2021-04-29,"2021-04-29 20:20:03",4.67462064672127
2021-04-29,"2021-04-29 20:30:02",4.67462064672127
2021-04-29,"2021-04-29 20:40:03",4.67462064672127
2021-04-29,"2021-04-29 20:50:02",4.67462064672127
2021-04-29,"2021-04-29 21:00:03",4.67462064672127
2021-04-29,"2021-04-29 21:10:02",4.67462064672127
2021-04-29,"2021-04-29 21:20:02",4.67462064672127
2021-04-29,"2021-04-29 21:30:03",4.67462064672127
2021-04-29,"2021-04-29 21:40:03",4.67462064672127
2021-04-29,"2021-04-29 21:50:02",4.67462064672127
2021-04-29,"2021-04-29 22:00:03",4.67462064672127
2021-04-29,"2021-04-29 22:10:02",4.67462064672127
2021-04-29,"2021-04-29 22:20:02",4.67462064672127
2021-04-29,"2021-04-29 22:30:03",4.67462064672127
2021-04-29,"2021-04-29 22:40:02",4.67462064672127
2021-04-29,"2021-04-29 22:50:03",4.67462064672127
2021-04-29,"2021-04-29 23:00:03",4.67462064672127
2021-04-29,"2021-04-29 23:10:02",4.67462064672127
2021-04-29,"2021-04-29 23:20:03",4.67462064672127
2021-04-29,"2021-04-29 23:30:02",4.67462064672127
2021-04-29,"2021-04-29 23:40:02",4.67462064672127
2021-04-29,"2021-04-29 23:50:03",4.67462064672127
2021-04-30,"2021-04-30 00:00:03",4.67462064672127
2021-04-30,"2021-04-30 00:10:03",4.67462064672127
2021-04-30,"2021-04-30 00:20:02",4.67462064672127
2021-04-30,"2021-04-30 00:30:03",4.67462064672127
2021-04-30,"2021-04-30 00:40:03",4.67462064672127
2021-04-30,"2021-04-30 00:50:02",4.67462064672127
2021-04-30,"2021-04-30 01:00:03",4.67462064672127
2021-04-30,"2021-04-30 01:10:03",4.67462064672127
2021-04-30,"2021-04-30 01:20:02",4.67462064672127
2021-04-30,"2021-04-30 01:30:03",4.67462064672127
2021-04-30,"2021-04-30 01:40:03",4.67462064672127
2021-04-30,"2021-04-30 01:50:02",4.67462064672127
2021-04-30,"2021-04-30 02:00:03",4.67462064672127
2021-04-30,"2021-04-30 02:10:02",4.67462064672127
2021-04-30,"2021-04-30 02:20:02",4.67462064672127
2021-04-30,"2021-04-30 02:30:02",4.67462064672127
2021-04-30,"2021-04-30 02:40:02",4.67462064672127
2021-04-30,"2021-04-30 02:50:02",4.67462064672127
2021-04-30,"2021-04-30 03:00:03",4.67462064672127
2021-04-30,"2021-04-30 03:10:02",4.67462064672127
2021-04-30,"2021-04-30 03:20:02",4.67462064672127
2021-04-30,"2021-04-30 03:30:03",4.67462064672127
2021-04-30,"2021-04-30 03:40:03",4.67462064672127
2021-04-30,"2021-04-30 03:50:03",4.67462064672127
2021-04-30,"2021-04-30 04:00:03",4.67462064672127
2021-04-30,"2021-04-30 04:10:02",4.67462064672127
2021-04-30,"2021-04-30 04:20:03",4.67462064672127
2021-04-30,"2021-04-30 04:30:02",4.67462064672127
2021-04-30,"2021-04-30 04:40:03",4.67462064672127
2021-04-30,"2021-04-30 04:50:02",4.67462064672127
2021-04-30,"2021-04-30 05:00:03",4.67462064672127
2021-04-30,"2021-04-30 05:10:03",4.67462064672127
2021-04-30,"2021-04-30 05:20:02",4.67462064672127
2021-04-30,"2021-04-30 05:30:03",4.67462064672127
2021-04-30,"2021-04-30 05:40:02",4.67462064672127
2021-04-30,"2021-04-30 05:50:02",4.67462064672127
2021-04-30,"2021-04-30 06:00:03",4.67462064672127
2021-04-30,"2021-04-30 06:10:02",4.67462064672127
2021-04-30,"2021-04-30 06:20:03",4.67462064672127
2021-04-30,"2021-04-30 06:30:02",4.86495134832522
2021-04-30,"2021-04-30 06:40:02",4.874565048138
2021-04-30,"2021-04-30 06:50:02",4.874565048138
2021-04-30,"2021-04-30 07:00:03",4.874565048138
2021-04-30,"2021-04-30 07:10:02",4.874565048138
2021-04-30,"2021-04-30 07:20:03",4.874565048138
2021-04-30,"2021-04-30 07:30:02",4.874565048138
2021-04-30,"2021-04-30 07:40:02",4.874565048138
2021-04-30,"2021-04-30 07:50:02",4.874565048138
2021-04-30,"2021-04-30 08:00:03",4.874565048138
2021-04-30,"2021-04-30 08:10:03",4.874565048138
2021-04-30,"2021-04-30 08:20:02",4.874565048138
2021-04-30,"2021-04-30 08:30:02",4.69173391356017
2021-04-30,"2021-04-30 08:40:02",4.69173391356017
2021-04-30,"2021-04-30 08:50:02",4.69173391374301
2021-04-30,"2021-04-30 09:00:03",4.69173391374301
2021-04-30,"2021-04-30 09:10:02",4.69173391374301
2021-04-30,"2021-04-30 09:20:02",4.69173391374301
2021-04-30,"2021-04-30 09:30:03",4.42991809442979
2021-04-30,"2021-04-30 09:40:02",4.44154689092859
2021-04-30,"2021-04-30 09:50:02",4.44154689092859
2021-04-30,"2021-04-30 10:00:03",4.44154689092859
2021-04-30,"2021-04-30 10:10:03",4.42446288202551
2021-04-30,"2021-04-30 10:20:02",4.40135375027871
2021-04-30,"2021-04-30 10:30:03",4.41371741572
2021-04-30,"2021-04-30 10:40:03",4.41371741572
2021-04-30,"2021-04-30 10:50:02",4.43224252858489
2021-04-30,"2021-04-30 11:00:03",4.43812183811367
2021-04-30,"2021-04-30 11:10:02",4.43812183811367
2021-04-30,"2021-04-30 11:20:02",4.51742392903185
2021-04-30,"2021-04-30 11:30:02",4.51742392903185
2021-04-30,"2021-04-30 11:40:03",4.51742392903185
2021-04-30,"2021-04-30 11:50:02",4.51742392903185
2021-04-30,"2021-04-30 12:00:03",4.66433233146973
2021-04-30,"2021-04-30 12:10:03",4.51742392903185
2021-04-30,"2021-04-30 12:20:03",4.55507266207813
2021-04-30,"2021-04-30 12:30:02",4.55507266207813
2021-04-30,"2021-04-30 12:40:02",4.55507266207813
2021-04-30,"2021-04-30 12:50:03",4.55507266207813
2021-04-30,"2021-04-30 13:00:03",4.55507266207813
2021-04-30,"2021-04-30 13:10:03",4.49230242010197
2021-04-30,"2021-04-30 13:20:02",4.55507266207813
2021-04-30,"2021-04-30 13:30:03",4.55507266207813
2021-04-30,"2021-04-30 13:40:03",4.55507266207813
2021-04-30,"2021-04-30 13:50:02",4.52071087159142
2021-04-30,"2021-04-30 14:00:03",4.35394684339259
2021-04-30,"2021-04-30 14:10:03",4.35394684339259
2021-04-30,"2021-04-30 14:20:02",4.35394684339259
2021-04-30,"2021-04-30 14:30:03",4.35394684339259
2021-04-30,"2021-04-30 14:40:03",4.35394684339259
2021-04-30,"2021-04-30 14:50:02",4.4567018664713
2021-04-30,"2021-04-30 15:00:03",4.4567018664713
2021-04-30,"2021-04-30 15:10:02",4.4567018664713
2021-04-30,"2021-04-30 15:20:03",4.4567018664713
2021-04-30,"2021-04-30 15:30:02",4.35184027043482
2021-04-30,"2021-04-30 15:40:02",4.36924336800498
2021-04-30,"2021-04-30 15:50:03",4.37784161339903
2021-04-30,"2021-04-30 16:00:03",4.37774064641858
2021-04-30,"2021-04-30 16:10:02",4.36497371574828
2021-04-30,"2021-04-30 16:20:02",4.36497371595222
2021-04-30,"2021-04-30 16:30:03",4.36497371595222
2021-04-30,"2021-04-30 16:40:02",4.36497371595222
2021-04-30,"2021-04-30 16:50:03",4.36497371595222
2021-04-30,"2021-04-30 17:00:03",4.36497371595222
2021-04-30,"2021-04-30 17:10:02",4.36497371595222
2021-04-30,"2021-04-30 17:20:03",4.36497371595222
2021-04-30,"2021-04-30 17:30:02",4.36497371595222
2021-04-30,"2021-04-30 17:40:02",4.36497371595222
2021-04-30,"2021-04-30 17:50:03",4.36497371595222
2021-04-30,"2021-04-30 18:00:03",4.36497371595222
2021-04-30,"2021-04-30 18:10:02",4.36497371595222
2021-04-30,"2021-04-30 18:20:02",4.24185398529897
2021-04-30,"2021-04-30 18:30:02",4.24185398529897
2021-04-30,"2021-04-30 18:40:03",4.24185398529897
2021-04-30,"2021-04-30 18:50:03",4.24185398529897
2021-04-30,"2021-04-30 19:00:03",4.24185398529897
2021-04-30,"2021-04-30 19:10:03",4.24185398529897
2021-04-30,"2021-04-30 19:20:03",4.24185398529897
2021-04-30,"2021-04-30 19:30:02",4.13064325894714
2021-04-30,"2021-04-30 19:40:02",4.13064325894714
2021-04-30,"2021-04-30 19:50:02",4.13064325894714
2021-04-30,"2021-04-30 20:00:02",4.13064325894714
2021-04-30,"2021-04-30 20:10:02",4.13064325894714
2021-04-30,"2021-04-30 20:20:03",4.13064325894714
2021-04-30,"2021-04-30 20:30:03",4.13064325894714
2021-04-30,"2021-04-30 20:40:02",4.13064325894714
2021-04-30,"2021-04-30 20:50:03",4.13064325894714
2021-04-30,"2021-04-30 21:00:03",4.13064325894714
2021-04-30,"2021-04-30 21:10:02",4.13064325894714
2021-04-30,"2021-04-30 21:20:03",4.13064325894714
2021-04-30,"2021-04-30 21:30:03",4.13064325894714
2021-04-30,"2021-04-30 21:40:02",4.13064325894714
2021-04-30,"2021-04-30 21:50:03",4.13064325894714
2021-04-30,"2021-04-30 22:00:04",4.13064325894714
2021-04-30,"2021-04-30 22:10:03",4.13064325894714
2021-04-30,"2021-04-30 22:20:02",4.13064325894714
2021-04-30,"2021-04-30 22:30:02",4.13064325894714
2021-04-30,"2021-04-30 22:40:03",4.13064325894714
2021-04-30,"2021-04-30 22:50:03",4.13064325894714
2021-04-30,"2021-04-30 23:00:03",4.13064325894714
2021-04-30,"2021-04-30 23:10:02",4.13064325894714
2021-04-30,"2021-04-30 23:20:02",4.13064325894714
2021-04-30,"2021-04-30 23:30:03",4.13064325894714
2021-04-30,"2021-04-30 23:40:02",4.13064325894714
2021-04-30,"2021-04-30 23:50:03",4.13064325894714
2021-05-01,"2021-05-01 00:00:03",4.13064325894714
2021-05-01,"2021-05-01 00:10:02",4.13064325894714
2021-05-01,"2021-05-01 00:20:03",4.13064325894714
2021-05-01,"2021-05-01 00:30:02",4.13064325894714
2021-05-01,"2021-05-01 00:40:02",4.13064325894714
2021-05-01,"2021-05-01 00:50:03",4.13064325894714
2021-05-01,"2021-05-01 01:00:03",4.13064325894714
2021-05-01,"2021-05-01 01:10:02",4.13064325894714
2021-05-01,"2021-05-01 01:20:02",4.13064325894714
2021-05-01,"2021-05-01 01:30:03",4.13064325894714
2021-05-01,"2021-05-01 01:40:03",4.13064325894714
2021-05-01,"2021-05-01 01:50:03",4.13064325894714
2021-05-01,"2021-05-01 02:00:02",4.13064325894714
2021-05-01,"2021-05-01 02:10:02",4.13064325894714
2021-05-01,"2021-05-01 02:20:03",4.13064325894714
2021-05-01,"2021-05-01 02:30:03",4.13064325894714
2021-05-01,"2021-05-01 02:40:02",4.13064325894714
2021-05-01,"2021-05-01 02:50:02",4.13064325894714
2021-05-01,"2021-05-01 03:00:03",4.13064325894714
2021-05-01,"2021-05-01 03:10:03",4.13064325894714
2021-05-01,"2021-05-01 03:20:02",4.13064325894714
2021-05-01,"2021-05-01 03:30:03",4.13064325894714
2021-05-01,"2021-05-01 03:40:03",4.13064325894714
2021-05-01,"2021-05-01 03:50:03",4.13064325894714
2021-05-01,"2021-05-01 04:00:03",4.13064325894714
2021-05-01,"2021-05-01 04:10:03",4.13064325894714
2021-05-01,"2021-05-01 04:20:02",4.13064325894714
2021-05-01,"2021-05-01 04:30:03",4.13064325894714
2021-05-01,"2021-05-01 04:40:03",4.13064325894714
2021-05-01,"2021-05-01 04:50:03",4.13064325894714
2021-05-01,"2021-05-01 05:00:04",4.13064325894714
2021-05-01,"2021-05-01 05:10:02",4.13064325894714
2021-05-01,"2021-05-01 05:20:03",4.13064325894714
2021-05-01,"2021-05-01 05:30:03",4.13064325894714
2021-05-01,"2021-05-01 05:40:02",4.13064325894714
2021-05-01,"2021-05-01 05:50:02",4.13064325894714
2021-05-01,"2021-05-01 06:00:03",4.13064325894714
2021-05-01,"2021-05-01 06:10:02",4.13064325894714
2021-05-01,"2021-05-01 06:20:02",4.13064325894714
2021-05-01,"2021-05-01 06:30:02",4.13064325894714
2021-05-01,"2021-05-01 06:40:03",4.13064325894714
2021-05-01,"2021-05-01 06:50:02",4.13064325894714
2021-05-01,"2021-05-01 07:00:03",4.13064325894714
2021-05-01,"2021-05-01 07:10:03",4.13064325894714
2021-05-01,"2021-05-01 07:20:02",4.13064325894714
2021-05-01,"2021-05-01 07:30:03",4.13064325894714
2021-05-01,"2021-05-01 07:40:03",4.13064325894714
2021-05-01,"2021-05-01 07:50:03",4.13064325894714
2021-05-01,"2021-05-01 08:00:02",4.13064325894714
2021-05-01,"2021-05-01 08:10:02",4.13064325894714
2021-05-01,"2021-05-01 08:20:03",4.13064325894714
2021-05-01,"2021-05-01 08:30:03",4.13064325894714
2021-05-01,"2021-05-01 08:40:02",4.13064325894714
2021-05-01,"2021-05-01 08:50:02",4.13064325894714
2021-05-01,"2021-05-01 09:00:03",4.13064325894714
2021-05-01,"2021-05-01 09:10:03",4.13064325894714
2021-05-01,"2021-05-01 09:20:03",4.13064325894714
2021-05-01,"2021-05-01 09:30:03",4.13064325894714
2021-05-01,"2021-05-01 09:40:02",4.13064325894714
2021-05-01,"2021-05-01 09:50:03",4.13064325894714
2021-05-01,"2021-05-01 10:00:03",4.13064325894714
2021-05-01,"2021-05-01 10:10:02",4.13064325894714
2021-05-01,"2021-05-01 10:20:03",4.13064325894714
2021-05-01,"2021-05-01 10:30:02",4.13064325894714
2021-05-01,"2021-05-01 10:40:03",4.13064325894714
2021-05-01,"2021-05-01 10:50:03",4.13064325894714
2021-05-01,"2021-05-01 11:00:03",4.13064325894714
2021-05-01,"2021-05-01 11:10:02",4.13064325894714
2021-05-01,"2021-05-01 11:20:03",4.13064325894714
2021-05-01,"2021-05-01 11:30:02",4.13064325894714
2021-05-01,"2021-05-01 11:40:02",4.13064325894714
2021-05-01,"2021-05-01 11:50:03",4.13064325894714
2021-05-01,"2021-05-01 12:00:03",4.13064325894714
2021-05-01,"2021-05-01 12:10:02",4.13064325894714
2021-05-01,"2021-05-01 12:20:03",4.13064325894714
2021-05-01,"2021-05-01 12:30:02",4.13064325894714
2021-05-01,"2021-05-01 12:40:02",4.13064325894714
2021-05-01,"2021-05-01 12:50:03",4.13064325894714
2021-05-01,"2021-05-01 13:00:03",4.13064325894714
2021-05-01,"2021-05-01 13:10:02",4.13064325894714
2021-05-01,"2021-05-01 13:20:02",4.13064325894714
2021-05-01,"2021-05-01 13:30:03",4.13064325894714
2021-05-01,"2021-05-01 13:40:02",4.13064325894714
2021-05-01,"2021-05-01 13:50:02",4.13064325894714
2021-05-01,"2021-05-01 14:00:03",4.13064325894714
2021-05-01,"2021-05-01 14:10:03",4.13064325894714
2021-05-01,"2021-05-01 14:20:03",4.13064325894714
2021-05-01,"2021-05-01 14:30:02",4.13064325894714
2021-05-01,"2021-05-01 14:40:03",4.53974210950547
2021-05-01,"2021-05-01 14:50:02",4.13064325894714
2021-05-01,"2021-05-01 15:00:03",4.13064325894714
2021-05-01,"2021-05-01 15:10:03",4.13064325894714
2021-05-01,"2021-05-01 15:20:02",4.13064325894714
2021-05-01,"2021-05-01 15:30:03",4.13064325894714
2021-05-01,"2021-05-01 15:40:03",4.13064325894714
2021-05-01,"2021-05-01 15:50:02",4.13064325894714
2021-05-01,"2021-05-01 16:00:03",4.13064325894714
2021-05-01,"2021-05-01 16:10:02",4.13064325894714
2021-05-01,"2021-05-01 16:20:02",4.13064325894714
2021-05-01,"2021-05-01 16:30:03",4.13064325894714
2021-05-01,"2021-05-01 16:40:02",4.13064325894714
2021-05-01,"2021-05-01 16:50:03",4.13064325894714
2021-05-01,"2021-05-01 17:00:03",4.13064325894714
2021-05-01,"2021-05-01 17:10:03",4.13064325894714
2021-05-01,"2021-05-01 17:20:02",4.13064325894714
2021-05-01,"2021-05-01 17:30:03",4.13064325894714
2021-05-01,"2021-05-01 17:40:03",4.13064325894714
2021-05-01,"2021-05-01 17:50:03",4.13064325894714
2021-05-01,"2021-05-01 18:00:03",4.13064325894714
2021-05-01,"2021-05-01 18:10:03",4.13064325894714
2021-05-01,"2021-05-01 18:20:03",4.13064325894714
2021-05-01,"2021-05-01 18:30:03",4.13064325894714
2021-05-01,"2021-05-01 18:40:02",4.13064325894714
2021-05-01,"2021-05-01 18:50:03",4.13064325894714
2021-05-01,"2021-05-01 19:00:02",4.13064325894714
2021-05-01,"2021-05-01 19:10:02",4.13064325894714
2021-05-01,"2021-05-01 19:20:03",4.13064325894714
2021-05-01,"2021-05-01 19:30:02",4.13064325894714
2021-05-01,"2021-05-01 19:40:02",4.13064325894714
2021-05-01,"2021-05-01 19:50:02",4.13064325894714
2021-05-01,"2021-05-01 20:00:03",4.13064325894714
2021-05-01,"2021-05-01 20:10:03",4.13064325894714
2021-05-01,"2021-05-01 20:20:03",4.13064325894714
2021-05-01,"2021-05-01 20:30:03",4.13064325894714
2021-05-01,"2021-05-01 20:40:03",4.13064325894714
2021-05-01,"2021-05-01 20:50:02",4.13064325894714
2021-05-01,"2021-05-01 21:00:03",4.13064325894714
2021-05-01,"2021-05-01 21:10:02",4.13064325894714
2021-05-01,"2021-05-01 21:20:02",4.13064325894714
2021-05-01,"2021-05-01 21:30:03",4.13064325894714
2021-05-01,"2021-05-01 21:40:03",4.13064325894714
2021-05-01,"2021-05-01 21:50:03",4.13064325894714
2021-05-01,"2021-05-01 22:00:03",4.13064325894714
2021-05-01,"2021-05-01 22:10:03",4.13064325894714
2021-05-01,"2021-05-01 22:20:02",4.13064325894714
2021-05-01,"2021-05-01 22:30:03",4.13064325894714
2021-05-01,"2021-05-01 22:40:02",4.13064325894714
2021-05-01,"2021-05-01 22:50:02",4.13064325894714
2021-05-01,"2021-05-01 23:00:03",4.13064325894714
2021-05-01,"2021-05-01 23:10:02",4.13064325894714
2021-05-01,"2021-05-01 23:20:02",4.13064325894714
2021-05-01,"2021-05-01 23:30:03",4.13064325894714
2021-05-01,"2021-05-01 23:40:02",4.13064325894714
2021-05-01,"2021-05-01 23:50:03",4.13064325894714
2021-05-02,"2021-05-02 00:00:03",4.13064325894714
2021-05-02,"2021-05-02 00:10:02",4.13064325894714
2021-05-02,"2021-05-02 00:20:02",4.13064325894714
2021-05-02,"2021-05-02 00:30:03",4.13064325894714
2021-05-02,"2021-05-02 00:40:03",4.13064325894714
2021-05-02,"2021-05-02 00:50:02",4.13064325894714
2021-05-02,"2021-05-02 01:00:03",4.13064325894714
2021-05-02,"2021-05-02 01:10:02",4.13064325894714
2021-05-02,"2021-05-02 01:20:02",4.13064325894714
2021-05-02,"2021-05-02 01:30:03",4.13064325894714
2021-05-02,"2021-05-02 01:40:03",4.13064325894714
2021-05-02,"2021-05-02 01:50:03",4.13064325894714
2021-05-02,"2021-05-02 02:00:03",4.13064325894714
2021-05-02,"2021-05-02 02:10:03",4.13064325894714
2021-05-02,"2021-05-02 02:20:03",4.13064325894714
2021-05-02,"2021-05-02 02:30:02",4.13064325894714
2021-05-02,"2021-05-02 02:40:02",4.13064325894714
2021-05-02,"2021-05-02 02:50:03",4.13064325894714
2021-05-02,"2021-05-02 03:00:03",4.13064325894714
2021-05-02,"2021-05-02 03:10:02",4.13064325894714
2021-05-02,"2021-05-02 03:20:03",4.13064325894714
2021-05-02,"2021-05-02 03:30:02",4.13064325894714
2021-05-02,"2021-05-02 03:40:02",4.13064325894714
2021-05-02,"2021-05-02 03:50:02",4.13064325894714
2021-05-02,"2021-05-02 04:00:02",4.13064325894714
2021-05-02,"2021-05-02 04:10:03",4.13064325894714
2021-05-02,"2021-05-02 04:20:03",4.13064325894714
2021-05-02,"2021-05-02 04:30:02",4.13064325894714
2021-05-02,"2021-05-02 04:40:02",4.13064325894714
2021-05-02,"2021-05-02 04:50:03",4.13064325894714
2021-05-02,"2021-05-02 05:00:03",4.13064325894714
2021-05-02,"2021-05-02 05:10:03",4.13064325894714
2021-05-02,"2021-05-02 05:20:03",4.13064325894714
2021-05-02,"2021-05-02 05:30:03",4.13064325894714
2021-05-02,"2021-05-02 05:40:02",4.13064325894714
2021-05-02,"2021-05-02 05:50:03",4.13064325894714
2021-05-02,"2021-05-02 06:00:03",4.13064325894714
2021-05-02,"2021-05-02 06:10:02",4.13064325894714
2021-05-02,"2021-05-02 06:20:02",4.13064325894714
2021-05-02,"2021-05-02 06:30:03",4.13064325894714
2021-05-02,"2021-05-02 06:40:03",4.13064325894714
2021-05-02,"2021-05-02 06:50:03",4.13064325894714
2021-05-02,"2021-05-02 07:00:04",4.13064325894714
2021-05-02,"2021-05-02 07:10:02",4.13064325894714
2021-05-02,"2021-05-02 07:20:02",4.13064325894714
2021-05-02,"2021-05-02 07:30:02",4.13064325894714
2021-05-02,"2021-05-02 07:40:02",4.13064325894714
2021-05-02,"2021-05-02 07:50:02",4.13064325894714
2021-05-02,"2021-05-02 08:00:02",4.13064325894714
2021-05-02,"2021-05-02 08:10:02",4.13064325894714
2021-05-02,"2021-05-02 08:20:03",4.13064325894714
2021-05-02,"2021-05-02 08:30:03",4.13064325894714
2021-05-02,"2021-05-02 08:40:03",4.13064325894714
2021-05-02,"2021-05-02 08:50:02",4.13064325894714
2021-05-02,"2021-05-02 09:00:02",4.13064325894714
2021-05-02,"2021-05-02 09:10:02",4.13064325894714
2021-05-02,"2021-05-02 09:20:04",4.13064325894714
2021-05-02,"2021-05-02 09:30:02",4.13064325894714
2021-05-02,"2021-05-02 09:40:03",4.13064325894714
2021-05-02,"2021-05-02 09:50:02",4.13064325894714
2021-05-02,"2021-05-02 10:00:03",4.13064325894714
2021-05-02,"2021-05-02 10:10:02",4.13064325894714
2021-05-02,"2021-05-02 10:20:03",4.13064325894714
2021-05-02,"2021-05-02 10:30:03",4.13064325894714
2021-05-02,"2021-05-02 10:40:02",4.13064325894714
2021-05-02,"2021-05-02 10:50:03",4.21052448768566
2021-05-02,"2021-05-02 11:00:03",4.25743144802874
2021-05-02,"2021-05-02 11:10:03",4.25743144802874
2021-05-02,"2021-05-02 11:20:02",4.25743144802874
2021-05-02,"2021-05-02 11:30:03",4.25743144802874
2021-05-02,"2021-05-02 11:40:02",4.25743144802874
2021-05-02,"2021-05-02 11:50:02",4.33578648487505
2021-05-02,"2021-05-02 12:00:03",4.33578648487505
2021-05-02,"2021-05-02 12:10:02",4.33578648487505
2021-05-02,"2021-05-02 12:20:02",4.33578648487505
2021-05-02,"2021-05-02 12:30:03",4.33578648487505
2021-05-02,"2021-05-02 12:40:03",4.33578648487505
2021-05-02,"2021-05-02 12:50:03",4.33578648487505
2021-05-02,"2021-05-02 13:00:03",4.34424908553154
2021-05-02,"2021-05-02 13:10:02",4.34424908553154
2021-05-02,"2021-05-02 13:20:02",4.34424908553154
2021-05-02,"2021-05-02 13:30:02",4.34424908553154
2021-05-02,"2021-05-02 13:40:02",4.34424908553154
2021-05-02,"2021-05-02 13:50:02",4.34424908553154
2021-05-02,"2021-05-02 14:00:03",4.34424908553154
2021-05-02,"2021-05-02 14:10:02",4.29005553355969
2021-05-02,"2021-05-02 14:20:02",4.29005553355969
2021-05-02,"2021-05-02 14:30:03",4.29005553355969
2021-05-02,"2021-05-02 14:40:02",4.25939976098489
2021-05-02,"2021-05-02 14:50:02",4.29005553355969
2021-05-02,"2021-05-02 15:00:03",4.29005553355969
2021-05-02,"2021-05-02 15:10:02",4.29005553355969
2021-05-02,"2021-05-02 15:20:02",4.29005553355969
2021-05-02,"2021-05-02 15:30:02",4.29005553355969
2021-05-02,"2021-05-02 15:40:03",4.29005553355969
2021-05-02,"2021-05-02 15:50:03",4.29005553355969
2021-05-02,"2021-05-02 16:00:03",4.29005553355969
2021-05-02,"2021-05-02 16:10:02",4.29005553355969
2021-05-02,"2021-05-02 16:20:02",4.29005553355969
2021-05-02,"2021-05-02 16:30:03",4.33053501333683
2021-05-02,"2021-05-02 16:40:03",4.33053501333683
2021-05-02,"2021-05-02 16:50:03",4.33053501333683
2021-05-02,"2021-05-02 17:00:03",4.33053501333683
2021-05-02,"2021-05-02 17:10:02",4.33053501333683
2021-05-02,"2021-05-02 17:20:03",4.33053501333683
2021-05-02,"2021-05-02 17:30:02",4.67665984435161
2021-05-02,"2021-05-02 17:40:03",4.67665984435161
2021-05-02,"2021-05-02 17:50:02",4.67665984435161
2021-05-02,"2021-05-02 18:00:03",4.67665984435161
2021-05-02,"2021-05-02 18:10:03",4.67665984435161
2021-05-02,"2021-05-02 18:20:02",4.67665984435161
2021-05-02,"2021-05-02 18:30:04",4.67665984435161
2021-05-02,"2021-05-02 18:40:02",4.71290172706919
2021-05-02,"2021-05-02 18:50:03",4.7574539532364
2021-05-02,"2021-05-02 19:00:03",4.7574539532364
2021-05-02,"2021-05-02 19:10:02",4.65532568877045
2021-05-02,"2021-05-02 19:20:03",4.7574539532364
2021-05-02,"2021-05-02 19:30:02",4.7574539532364
2021-05-02,"2021-05-02 19:40:02",4.7574539532364
2021-05-02,"2021-05-02 19:50:02",4.7574539532364
2021-05-02,"2021-05-02 20:00:03",4.7574539532364
2021-05-02,"2021-05-02 20:10:02",4.7574539532364
2021-05-02,"2021-05-02 20:20:02",4.7574539532364
2021-05-02,"2021-05-02 20:30:03",4.7574539532364
2021-05-02,"2021-05-02 20:40:02",4.7574539532364
2021-05-02,"2021-05-02 20:50:02",4.7574539532364
2021-05-02,"2021-05-02 21:00:02",4.62773090142412
2021-05-02,"2021-05-02 21:10:03",4.62773090142412
2021-05-02,"2021-05-02 21:20:02",4.62773090142412
2021-05-02,"2021-05-02 21:30:02",4.62773090142412
2021-05-02,"2021-05-02 21:40:02",4.62773090142412
2021-05-02,"2021-05-02 21:50:02",4.62773090142412
2021-05-02,"2021-05-02 22:00:03",4.62773090142412
2021-05-02,"2021-05-02 22:10:02",4.62773090142412
2021-05-02,"2021-05-02 22:20:02",4.62773090142412
2021-05-02,"2021-05-02 22:30:03",4.62773090142412
2021-05-02,"2021-05-02 22:40:02",4.71798344911764
2021-05-02,"2021-05-02 22:50:02",4.71798344911764
2021-05-02,"2021-05-02 23:00:03",4.71798344911764
2021-05-02,"2021-05-02 23:10:03",4.71798344911764
2021-05-02,"2021-05-02 23:20:03",4.71798344911764
2021-05-02,"2021-05-02 23:30:02",4.71798344911764
2021-05-02,"2021-05-02 23:40:02",4.71798344911764
2021-05-02,"2021-05-02 23:50:02",4.71798344911764
2021-05-03,"2021-05-03 00:00:03",4.71798344911764
2021-05-03,"2021-05-03 00:10:03",4.71798344911764
2021-05-03,"2021-05-03 00:20:02",4.71798344911764
2021-05-03,"2021-05-03 00:30:03",4.71798344911764
2021-05-03,"2021-05-03 00:40:02",4.71798344911764
2021-05-03,"2021-05-03 00:50:02",4.71798344911764
2021-05-03,"2021-05-03 01:00:03",4.71798344911764
2021-05-03,"2021-05-03 01:10:03",4.52487352254133
2021-05-03,"2021-05-03 01:20:03",4.71798344911764
2021-05-03,"2021-05-03 01:30:03",4.71798344911764
2021-05-03,"2021-05-03 01:40:03",4.71798344911764
2021-05-03,"2021-05-03 01:50:02",4.71798344911764
2021-05-03,"2021-05-03 02:00:04",4.71798344911764
2021-05-03,"2021-05-03 02:10:02",4.71798344911764
2021-05-03,"2021-05-03 02:20:02",4.25677237851853
2021-05-03,"2021-05-03 02:30:03",4.25677237851853
2021-05-03,"2021-05-03 02:40:03",4.25677237851853
2021-05-03,"2021-05-03 02:50:02",4.25677237851853
2021-05-03,"2021-05-03 03:00:03",4.36936387004357
2021-05-03,"2021-05-03 03:10:03",4.25677237851853
2021-05-03,"2021-05-03 03:20:02",4.25677237851853
2021-05-03,"2021-05-03 03:30:02",4.25677237851853
2021-05-03,"2021-05-03 03:40:02",4.25677237851853
2021-05-03,"2021-05-03 03:50:03",4.25677237851853
2021-05-03,"2021-05-03 04:00:03",4.25677237851853
2021-05-03,"2021-05-03 04:10:02",4.25677237851853
2021-05-03,"2021-05-03 04:20:02",4.25677237851853
2021-05-03,"2021-05-03 04:30:03",4.25677237851853
2021-05-03,"2021-05-03 04:40:03",4.25677237851853
2021-05-03,"2021-05-03 04:50:03",4.25677237851853
2021-05-03,"2021-05-03 05:00:02",4.25677237851853
2021-05-03,"2021-05-03 05:10:02",4.25677237851853
2021-05-03,"2021-05-03 05:20:03",4.25677237851853
2021-05-03,"2021-05-03 05:30:02",4.25677237851853
2021-05-03,"2021-05-03 05:40:02",4.25677237851853
2021-05-03,"2021-05-03 05:50:02",4.25677237851853
2021-05-03,"2021-05-03 06:00:03",4.25677237851853
2021-05-03,"2021-05-03 06:10:02",4.3785483546183
2021-05-03,"2021-05-03 06:20:03",4.3785483546183
2021-05-03,"2021-05-03 06:30:02",4.3785483546183
2021-05-03,"2021-05-03 06:40:02",4.3785483546183
2021-05-03,"2021-05-03 06:50:02",4.3785483546183
2021-05-03,"2021-05-03 07:00:03",4.3785483546183
2021-05-03,"2021-05-03 07:10:02",4.3785483546183
2021-05-03,"2021-05-03 07:20:02",4.3785483546183
2021-05-03,"2021-05-03 07:30:03",4.3785483546183
2021-05-03,"2021-05-03 07:40:02",4.3785483546183
2021-05-03,"2021-05-03 07:50:02",4.3785483546183
2021-05-03,"2021-05-03 08:00:02",4.3785483546183
2021-05-03,"2021-05-03 08:10:02",4.3785483546183
2021-05-03,"2021-05-03 08:20:03",4.3785483546183
2021-05-03,"2021-05-03 08:30:03",4.3785483546183
2021-05-03,"2021-05-03 08:40:02",4.3785483546183
2021-05-03,"2021-05-03 08:50:03",4.3785483546183
2021-05-03,"2021-05-03 09:00:03",4.3785483546183
2021-05-03,"2021-05-03 09:10:03",4.3785483546183
2021-05-03,"2021-05-03 09:20:02",4.3785483546183
2021-05-03,"2021-05-03 09:30:02",4.3785483546183
2021-05-03,"2021-05-03 09:40:02",4.23003363957101
2021-05-03,"2021-05-03 09:50:03",4.23003363957101
2021-05-03,"2021-05-03 10:00:04",4.23003363957101
2021-05-03,"2021-05-03 10:10:02",4.23003363957101
2021-05-03,"2021-05-03 10:20:02",4.23003363957101
2021-05-03,"2021-05-03 10:30:02",4.23003363957101
2021-05-03,"2021-05-03 10:40:03",4.23003363957101
2021-05-03,"2021-05-03 10:50:02",4.23003363957101
2021-05-03,"2021-05-03 11:00:03",4.23003363957101
2021-05-03,"2021-05-03 11:10:03",4.23003363957101
2021-05-03,"2021-05-03 11:20:03",4.23003363957101
2021-05-03,"2021-05-03 11:30:03",4.26598270913797
2021-05-03,"2021-05-03 11:40:02",4.26598270913797
2021-05-03,"2021-05-03 11:50:02",4.26598270913797
2021-05-03,"2021-05-03 12:00:03",4.26598270913797
2021-05-03,"2021-05-03 12:10:02",4.26598270913797
2021-05-03,"2021-05-03 12:20:02",4.26598270913797
2021-05-03,"2021-05-03 12:30:02",4.26598270913797
2021-05-03,"2021-05-03 12:40:02",4.23150369200642
2021-05-03,"2021-05-03 12:50:02",4.23150369200642
2021-05-03,"2021-05-03 13:00:03",4.23150369200642
2021-05-03,"2021-05-03 13:10:02",4.23150369200642
2021-05-03,"2021-05-03 13:20:02",4.23150369200642
2021-05-03,"2021-05-03 13:30:02",4.23150369200642
2021-05-03,"2021-05-03 13:40:02",4.23150369200642
2021-05-03,"2021-05-03 13:50:02",4.20147428786863
2021-05-03,"2021-05-03 14:00:03",4.20147428786863
2021-05-03,"2021-05-03 14:10:03",4.20147428786863
2021-05-03,"2021-05-03 14:20:03",4.20147428786863
2021-05-03,"2021-05-03 14:30:02",4.20147428786863
2021-05-03,"2021-05-03 14:40:03",4.20147428786863
2021-05-03,"2021-05-03 14:50:03",4.20147428786863
2021-05-03,"2021-05-03 15:00:03",4.20147428786863
2021-05-03,"2021-05-03 15:10:02",4.20147428786863
2021-05-03,"2021-05-03 15:20:02",3.99712096216462
2021-05-03,"2021-05-03 15:30:02",3.99712096216462
2021-05-03,"2021-05-03 15:40:02",3.99712096216462
2021-05-03,"2021-05-03 15:50:03",3.99712096216462
2021-05-03,"2021-05-03 16:00:03",3.99712096216462
2021-05-03,"2021-05-03 16:10:02",3.99712096216462
2021-05-03,"2021-05-03 16:20:02",3.99712096216462
2021-05-03,"2021-05-03 16:30:02",3.99712096216462
2021-05-03,"2021-05-03 16:40:02",3.99712096216462
2021-05-03,"2021-05-03 16:50:02",3.99712096216462
2021-05-03,"2021-05-03 17:00:03",4.28647088192848
2021-05-03,"2021-05-03 17:10:02",4.28647088192848
2021-05-03,"2021-05-03 17:20:02",4.28647088192848
2021-05-03,"2021-05-03 17:30:03",4.28647088192848
2021-05-03,"2021-05-03 17:40:02",4.28647088192848
2021-05-03,"2021-05-03 17:50:02",4.28647088192848
2021-05-03,"2021-05-03 18:00:03",4.28647088192848
2021-05-03,"2021-05-03 18:10:02",4.28647088192848
2021-05-03,"2021-05-03 18:20:03",4.28647088192848
2021-05-03,"2021-05-03 18:30:03",4.28647088192848
2021-05-03,"2021-05-03 18:40:03",4.28647088192848
2021-05-03,"2021-05-03 18:50:03",4.07291187616732
2021-05-03,"2021-05-03 19:00:03",4.09056105640476
2021-05-03,"2021-05-03 19:10:03",4.09056105640476
2021-05-03,"2021-05-03 19:20:02",4.09056105640476
2021-05-03,"2021-05-03 19:30:03",4.09056105640476
2021-05-03,"2021-05-03 19:40:03",4.09056105640476
2021-05-03,"2021-05-03 19:50:03",4.09056105640476
2021-05-03,"2021-05-03 20:00:03",4.09056105640476
2021-05-03,"2021-05-03 20:10:02",4.09056105640476
2021-05-03,"2021-05-03 20:20:02",4.09056105640476
2021-05-03,"2021-05-03 20:30:02",4.09056105640476
2021-05-03,"2021-05-03 20:40:02",4.09056105640476
2021-05-03,"2021-05-03 20:50:03",4.09056105640476
2021-05-03,"2021-05-03 21:00:02",4.09056105640476
2021-05-03,"2021-05-03 21:10:02",4.04914354767453
2021-05-03,"2021-05-03 21:20:02",4.04914354767453
2021-05-03,"2021-05-03 21:30:03",4.04914354767453
2021-05-03,"2021-05-03 21:40:02",4.04914354767453
2021-05-03,"2021-05-03 21:50:02",4.04914354767453
2021-05-03,"2021-05-03 22:00:03",4.04914354767453
2021-05-03,"2021-05-03 22:10:03",4.04914354767453
2021-05-03,"2021-05-03 22:20:03",4.04914354767453
2021-05-03,"2021-05-03 22:30:02",4.04914354767453
2021-05-03,"2021-05-03 22:40:03",4.04914354767453
2021-05-03,"2021-05-03 22:50:02",4.04914354767453
2021-05-03,"2021-05-03 23:00:03",4.04914354767453
2021-05-03,"2021-05-03 23:10:03",4.04914354767453
2021-05-03,"2021-05-03 23:20:02",4.04914354767453
2021-05-03,"2021-05-03 23:30:02",4.04914354767453
2021-05-03,"2021-05-03 23:40:02",3.94807982965047
2021-05-03,"2021-05-03 23:50:02",3.94807982965047
2021-05-04,"2021-05-04 00:00:03",3.94807982965047
2021-05-04,"2021-05-04 00:10:02",3.94807982965047
2021-05-04,"2021-05-04 00:20:02",3.94807982965047
2021-05-04,"2021-05-04 00:30:03",3.94807982965047
2021-05-04,"2021-05-04 00:40:02",3.94807982965047
2021-05-04,"2021-05-04 00:50:03",3.94807982965047
2021-05-04,"2021-05-04 01:00:02",3.94807982965047
2021-05-04,"2021-05-04 01:10:02",3.94807982965047
2021-05-04,"2021-05-04 01:20:03",3.94807982965047
2021-05-04,"2021-05-04 01:30:02",3.94807982965047
2021-05-04,"2021-05-04 01:40:03",3.94807982965047
2021-05-04,"2021-05-04 01:50:02",3.94807982965047
2021-05-04,"2021-05-04 02:00:04",3.94807982965047
2021-05-04,"2021-05-04 02:10:02",3.94807982965047
2021-05-04,"2021-05-04 02:20:02",3.94807982965047
2021-05-04,"2021-05-04 02:30:02",3.94807982965047
2021-05-04,"2021-05-04 02:40:03",4.18845753596866
2021-05-04,"2021-05-04 02:50:03",4.18845753596866
2021-05-04,"2021-05-04 03:00:03",4.18845753596866
2021-05-04,"2021-05-04 03:10:03",4.18845753596866
2021-05-04,"2021-05-04 03:20:02",4.18845753596866
2021-05-04,"2021-05-04 03:30:02",4.18845753596866
2021-05-04,"2021-05-04 03:40:02",4.18845753596866
2021-05-04,"2021-05-04 03:50:03",4.18845753596866
2021-05-04,"2021-05-04 04:00:03",4.18845753596866
2021-05-04,"2021-05-04 04:10:03",4.18845753596866
2021-05-04,"2021-05-04 04:20:02",4.18845753596866
2021-05-04,"2021-05-04 04:30:03",4.18845753596866
2021-05-04,"2021-05-04 04:40:02",4.18845753596866
2021-05-04,"2021-05-04 04:50:02",4.18845753596866
2021-05-04,"2021-05-04 05:00:03",4.17544587575637
2021-05-04,"2021-05-04 05:10:02",4.17544587575637
2021-05-04,"2021-05-04 05:20:03",4.17544587575637
2021-05-04,"2021-05-04 05:30:03",4.17544587575637
2021-05-04,"2021-05-04 05:40:02",4.17544587575637
2021-05-04,"2021-05-04 05:50:02",4.17544587575637
2021-05-04,"2021-05-04 06:00:03",4.17544587575637
2021-05-04,"2021-05-04 06:10:03",4.17544587575637
2021-05-04,"2021-05-04 06:20:02",4.17544587575637
2021-05-04,"2021-05-04 06:30:03",4.17544587575637
2021-05-04,"2021-05-04 06:40:03",4.17544587575637
2021-05-04,"2021-05-04 06:50:02",4.17544587575637
2021-05-04,"2021-05-04 07:00:03",4.17544587575637
2021-05-04,"2021-05-04 07:10:02",4.17544587575637
2021-05-04,"2021-05-04 07:20:02",4.17544587575637
2021-05-04,"2021-05-04 07:30:02",4.17544587575637
2021-05-04,"2021-05-04 07:40:03",4.17544587575637
2021-05-04,"2021-05-04 07:50:03",4.17544587575637
2021-05-04,"2021-05-04 08:00:06",4.17544587575637
2021-05-04,"2021-05-04 08:10:02",4.17544587575637
2021-05-04,"2021-05-04 08:20:02",4.17544587575637
2021-05-04,"2021-05-04 08:30:03",4.17544587575637
2021-05-04,"2021-05-04 08:40:02",4.17544587575637
2021-05-04,"2021-05-04 08:50:03",4.17544587575637
2021-05-04,"2021-05-04 09:00:03",4.17544587575637
2021-05-04,"2021-05-04 09:10:03",4.17544587575637
2021-05-04,"2021-05-04 09:20:02",4.17544587575637
2021-05-04,"2021-05-04 09:30:03",4.17544587575637
2021-05-04,"2021-05-04 09:40:02",4.17544587575637
2021-05-04,"2021-05-04 09:50:02",4.17544587575637
2021-05-04,"2021-05-04 10:00:03",4.17544587575637
2021-05-04,"2021-05-04 10:10:02",4.17544587575637
2021-05-04,"2021-05-04 10:20:03",4.17544587575637
2021-05-04,"2021-05-04 10:30:03",4.17544587575637
2021-05-04,"2021-05-04 10:40:03",4.17544587575637
2021-05-04,"2021-05-04 10:50:03",4.17544587575637
2021-05-04,"2021-05-04 11:00:03",4.17544587575637
2021-05-04,"2021-05-04 11:10:02",4.17544587575637
2021-05-04,"2021-05-04 11:20:02",4.17544587575637
2021-05-04,"2021-05-04 11:30:02",4.17544587575637
2021-05-04,"2021-05-04 11:40:02",4.17544587575637
2021-05-04,"2021-05-04 11:50:03",4.17544587575637
2021-05-04,"2021-05-04 12:00:03",4.17544587575637
2021-05-04,"2021-05-04 12:10:03",4.17544587575637
2021-05-04,"2021-05-04 12:20:03",4.17544587575637
2021-05-04,"2021-05-04 12:30:03",4.17544587575637
2021-05-04,"2021-05-04 12:40:02",4.17544587575637
2021-05-04,"2021-05-04 12:50:03",4.09105052298287
2021-05-04,"2021-05-04 13:00:02",3.55711140019627
2021-05-04,"2021-05-04 13:10:02",3.79575610454241
2021-05-04,"2021-05-04 13:20:03",3.90477869667368
2021-05-04,"2021-05-04 13:30:02",3.90028085751465
2021-05-04,"2021-05-04 13:40:03",3.85516622161277
2021-05-04,"2021-05-04 13:50:02",3.79001721298119
2021-05-04,"2021-05-04 14:00:03",3.79632273522699
2021-05-04,"2021-05-04 14:10:02",3.76672601552569
2021-05-04,"2021-05-04 14:20:02",3.85537325449002
2021-05-04,"2021-05-04 14:30:03",3.98316122700462
2021-05-04,"2021-05-04 14:40:03",3.94049943060348
2021-05-04,"2021-05-04 14:50:03",3.99006629065602
2021-05-04,"2021-05-04 15:00:03",3.93376141148616
2021-05-04,"2021-05-04 15:10:02",3.8201630985563
2021-05-04,"2021-05-04 15:20:02",3.94545537567355
2021-05-04,"2021-05-04 15:30:03",3.94491239145714
2021-05-04,"2021-05-04 15:40:02",3.94491239145714
2021-05-04,"2021-05-04 15:50:03",3.84869338567176
2021-05-04,"2021-05-04 16:00:03",3.88352759378743
2021-05-04,"2021-05-04 16:10:02",3.88944167832764
2021-05-04,"2021-05-04 16:20:03",3.96063734263658
2021-05-04,"2021-05-04 16:30:03",3.97372323659045
2021-05-04,"2021-05-04 16:40:03",4.03003780569465
2021-05-04,"2021-05-04 16:50:02",4.03003692114852
2021-05-04,"2021-05-04 17:00:03",4.0085495042573
2021-05-04,"2021-05-04 17:10:02",4.00797832870497
2021-05-04,"2021-05-04 17:20:02",4.00797832870497
2021-05-04,"2021-05-04 17:30:02",4.00797832870497
2021-05-04,"2021-05-04 17:40:02",4.00277315991449
2021-05-04,"2021-05-04 17:50:02",3.97363714837797
2021-05-04,"2021-05-04 18:00:03",3.98839567631025
2021-05-04,"2021-05-04 18:10:03",3.96533266729066
2021-05-04,"2021-05-04 18:20:03",3.9659221415824
2021-05-04,"2021-05-04 18:30:03",4.0038834119499
2021-05-04,"2021-05-04 18:40:03",4.00622261273253
2021-05-04,"2021-05-04 18:50:02",4.00622261273253
2021-05-04,"2021-05-04 19:00:03",4.00329037611461
2021-05-04,"2021-05-04 19:10:02",4.00431531714367
2021-05-04,"2021-05-04 19:20:02",4.00093873361126
2021-05-04,"2021-05-04 19:30:03",3.99525387763655
2021-05-04,"2021-05-04 19:40:03",3.99436268328861
2021-05-04,"2021-05-04 19:50:03",3.98270515886524
2021-05-04,"2021-05-04 20:00:03",3.98380032068954
2021-05-04,"2021-05-04 20:10:02",3.98429597759527
2021-05-04,"2021-05-04 20:20:02",3.99834347949911
2021-05-04,"2021-05-04 20:30:03",3.99980410800868
2021-05-04,"2021-05-04 20:40:03",4.1015580372036
2021-05-04,"2021-05-04 20:50:02",4.10000100603325
2021-05-04,"2021-05-04 21:00:03",4.10173975058851
2021-05-04,"2021-05-04 21:10:03",4.09973825181154
2021-05-04,"2021-05-04 21:20:03",4.10135052005918
2021-05-04,"2021-05-04 21:30:03",4.1011952524591
2021-05-04,"2021-05-04 21:40:02",4.1011952524591
2021-05-04,"2021-05-04 21:50:03",4.10876897780936
2021-05-04,"2021-05-04 22:00:03",4.07671804102459
2021-05-04,"2021-05-04 22:10:03",4.07063171281789
2021-05-04,"2021-05-04 22:20:03",4.07106484550991
2021-05-04,"2021-05-04 22:30:03",4.07046497530509
2021-05-04,"2021-05-04 22:40:03",4.08167166708861
2021-05-04,"2021-05-04 22:50:03",4.08516289371735
2021-05-04,"2021-05-04 23:00:03",4.0850157198912
2021-05-04,"2021-05-04 23:10:03",4.0687841578594
2021-05-04,"2021-05-04 23:20:02",4.06399286266541
2021-05-04,"2021-05-04 23:30:03",3.96157315489393
2021-05-04,"2021-05-04 23:40:03",3.99024110833447
2021-05-04,"2021-05-04 23:50:03",3.98581925894865
2021-05-05,"2021-05-05 00:00:03",3.98304548102379
2021-05-05,"2021-05-05 00:10:02",3.98014420432671
2021-05-05,"2021-05-05 00:20:02",3.98014420432671
2021-05-05,"2021-05-05 00:30:02",3.98160141535748
2021-05-05,"2021-05-05 00:40:03",3.9801580286236
2021-05-05,"2021-05-05 00:50:03",3.98126367581867
2021-05-05,"2021-05-05 01:00:03",3.72839848524224
2021-05-05,"2021-05-05 01:10:02",3.78611731273606
2021-05-05,"2021-05-05 01:20:02",3.8541295600847
2021-05-05,"2021-05-05 01:30:02",3.84697432296839
2021-05-05,"2021-05-05 01:40:03",3.80067099884327
2021-05-05,"2021-05-05 01:50:03",3.80095719997078
2021-05-05,"2021-05-05 02:00:02",3.71372799230253
2021-05-05,"2021-05-05 02:10:02",3.87817471849871
2021-05-05,"2021-05-05 02:20:02",3.88200556195754
2021-05-05,"2021-05-05 02:30:03",3.87807645558779
2021-05-05,"2021-05-05 02:40:03",3.88584253470531
2021-05-05,"2021-05-05 02:50:03",3.83142832843981
2021-05-05,"2021-05-05 03:00:03",3.83684573182076
2021-05-05,"2021-05-05 03:10:02",3.83480776946779
2021-05-05,"2021-05-05 03:20:02",3.83538270543512
2021-05-05,"2021-05-05 03:30:03",3.8348314691454
2021-05-05,"2021-05-05 03:40:02",3.8348314691454
2021-05-05,"2021-05-05 03:50:02",3.82988499421377
2021-05-05,"2021-05-05 04:00:03",3.83290179701789
2021-05-05,"2021-05-05 04:10:02",3.83290179701789
2021-05-05,"2021-05-05 04:20:02",3.83577618894694
2021-05-05,"2021-05-05 04:30:02",3.83467366824818
2021-05-05,"2021-05-05 04:40:03",3.83467366824818
2021-05-05,"2021-05-05 04:50:03",3.83191944586221
2021-05-05,"2021-05-05 05:00:03",3.83491556375436
2021-05-05,"2021-05-05 05:10:02",3.87150989608601
2021-05-05,"2021-05-05 05:20:03",3.87150989608601
2021-05-05,"2021-05-05 05:30:02",3.95134455223382
2021-05-05,"2021-05-05 05:40:03",3.94952665367257
2021-05-05,"2021-05-05 05:50:03",3.94952665367257
2021-05-05,"2021-05-05 06:00:03",3.94953661530708
2021-05-05,"2021-05-05 06:10:03",3.94953661530708
2021-05-05,"2021-05-05 06:20:02",3.94342731251667
2021-05-05,"2021-05-05 06:30:02",3.94342731251667
2021-05-05,"2021-05-05 06:40:02",3.94220715452421
2021-05-05,"2021-05-05 06:50:03",3.94220715452421
2021-05-05,"2021-05-05 07:00:02",3.92998054643184
2021-05-05,"2021-05-05 07:10:03",3.94631411958396
2021-05-05,"2021-05-05 07:20:03",3.9160066066073
2021-05-05,"2021-05-05 07:30:03",3.90876754740131
2021-05-05,"2021-05-05 07:40:02",3.90467590284341
2021-05-05,"2021-05-05 07:50:04",3.91875118289978
2021-05-05,"2021-05-05 08:00:03",3.89888886009318
2021-05-05,"2021-05-05 08:10:02",3.89903218960793
2021-05-05,"2021-05-05 08:20:02",3.89432466131492
2021-05-05,"2021-05-05 08:30:03",3.88807079393092
2021-05-05,"2021-05-05 08:40:03",3.84464974760277
2021-05-05,"2021-05-05 08:50:02",3.87432621900166
2021-05-05,"2021-05-05 09:00:02",3.87432621900166
2021-05-05,"2021-05-05 09:10:03",3.855696780044
2021-05-05,"2021-05-05 09:20:03",3.85845574949194
2021-05-05,"2021-05-05 09:30:02",3.79997752754902
2021-05-05,"2021-05-05 09:40:02",3.80869023352251
2021-05-05,"2021-05-05 09:50:03",3.81067051527367
2021-05-05,"2021-05-05 10:00:03",3.81051770925738
2021-05-05,"2021-05-05 10:10:02",3.80613198528993
2021-05-05,"2021-05-05 10:20:03",3.8107856396882
2021-05-05,"2021-05-05 10:30:03",3.81703410175398
2021-05-05,"2021-05-05 10:40:03",3.81703410175398
2021-05-05,"2021-05-05 10:50:03",3.81442724877884
2021-05-05,"2021-05-05 11:00:03",3.78143122530996
2021-05-05,"2021-05-05 11:10:03",3.78934446379631
2021-05-05,"2021-05-05 11:20:02",3.76010146914408
2021-05-05,"2021-05-05 11:30:02",3.76919355308869
2021-05-05,"2021-05-05 11:40:03",3.65002926220892
2021-05-05,"2021-05-05 11:50:03",3.63419868704303
2021-05-05,"2021-05-05 12:00:03",3.67462846685106
2021-05-05,"2021-05-05 12:10:02",3.71473414519959
2021-05-05,"2021-05-05 12:20:03",3.73407289042313
2021-05-05,"2021-05-05 12:30:02",3.78725260803394
2021-05-05,"2021-05-05 12:40:03",3.80248263351413
2021-05-05,"2021-05-05 12:50:02",3.74841156743779
2021-05-05,"2021-05-05 13:00:03",3.73965437728027
2021-05-05,"2021-05-05 13:10:02",2.58054025311576
2021-05-05,"2021-05-05 13:20:02",2.88961380223654
2021-05-05,"2021-05-05 13:30:02",3.16548016902542
2021-05-05,"2021-05-05 13:40:02",3.417369920368
2021-05-05,"2021-05-05 13:50:03",3.54085027090876
2021-05-05,"2021-05-05 14:00:03",3.50634505078964
2021-05-05,"2021-05-05 14:10:03",3.5764931086271
2021-05-05,"2021-05-05 14:20:03",3.64213594603662
2021-05-05,"2021-05-05 14:30:02",3.66604771790144
2021-05-05,"2021-05-05 14:40:02",3.64793721267245
2021-05-05,"2021-05-05 14:50:03",3.6848572619954
2021-05-05,"2021-05-05 15:00:03",3.68854774867051
2021-05-05,"2021-05-05 15:10:03",3.6656408398319
2021-05-05,"2021-05-05 15:20:02",3.7881733825135
2021-05-05,"2021-05-05 15:30:03",3.79008802959766
2021-05-05,"2021-05-05 15:40:02",3.78890651243627
2021-05-05,"2021-05-05 15:50:03",3.73691165029502
2021-05-05,"2021-05-05 16:00:03",3.70409795938659
2021-05-05,"2021-05-05 16:10:02",3.59386302186208
2021-05-05,"2021-05-05 16:20:03",3.60012932442548
2021-05-05,"2021-05-05 16:30:02",3.58786196429995
2021-05-05,"2021-05-05 16:40:02",3.46786306171087
2021-05-05,"2021-05-05 16:50:03",3.37186508816892
2021-05-05,"2021-05-05 17:00:03",3.41787426710964
2021-05-05,"2021-05-05 17:10:02",3.34856529290163
2021-05-05,"2021-05-05 17:20:02",3.59524998570221
2021-05-05,"2021-05-05 17:30:03",3.5908009515582
2021-05-05,"2021-05-05 17:40:02",3.53397821945308
2021-05-05,"2021-05-05 17:50:02",3.94790164309374
2021-05-05,"2021-05-05 18:00:03",3.85888610497113
2021-05-05,"2021-05-05 18:10:03",3.74073719860014
2021-05-05,"2021-05-05 18:20:02",3.74784745725196
2021-05-05,"2021-05-05 18:30:02",3.74995238063095
2021-05-05,"2021-05-05 18:40:03",3.81952725026569
2021-05-05,"2021-05-05 18:50:02",3.81608915884919
2021-05-05,"2021-05-05 19:00:03",3.81014596896326
2021-05-05,"2021-05-05 19:10:03",3.93422188913221
2021-05-05,"2021-05-05 19:20:03",3.9392312481626
2021-05-05,"2021-05-05 19:30:03",3.94275769693036
2021-05-05,"2021-05-05 19:40:03",3.93452329532362
2021-05-05,"2021-05-05 19:50:03",3.90357238464543
2021-05-05,"2021-05-05 20:00:03",3.90357238464543
2021-05-05,"2021-05-05 20:10:03",3.75403720063587
2021-05-05,"2021-05-05 20:20:02",3.64879458824358
2021-05-05,"2021-05-05 20:30:03",3.68526837975967
2021-05-05,"2021-05-05 20:40:02",3.68218806013127
2021-05-05,"2021-05-05 20:50:03",3.68831418305613
2021-05-05,"2021-05-05 21:00:02",3.67839147755336
2021-05-05,"2021-05-05 21:10:03",3.63615567520282
2021-05-05,"2021-05-05 21:20:02",3.6375249226378
2021-05-05,"2021-05-05 21:30:02",3.68913430548008
2021-05-05,"2021-05-05 21:40:02",3.72153534230169
2021-05-05,"2021-05-05 21:50:02",3.71866078020233
2021-05-05,"2021-05-05 22:00:03",3.71866078020233
2021-05-05,"2021-05-05 22:10:03",3.70438340339114
2021-05-05,"2021-05-05 22:20:02",3.70116359731018
2021-05-05,"2021-05-05 22:30:02",3.70116359731018
2021-05-05,"2021-05-05 22:40:03",3.70131774673517
2021-05-05,"2021-05-05 22:50:03",3.70147189914201
2021-05-05,"2021-05-05 23:00:02",3.70148731453526
2021-05-05,"2021-05-05 23:10:02",3.69863595666377
2021-05-05,"2021-05-05 23:20:03",3.70110188934468
2021-05-05,"2021-05-05 23:30:03",3.68674588341538
2021-05-05,"2021-05-05 23:40:02",3.69155476187403
2021-05-05,"2021-05-05 23:50:02",3.69170712126849
2021-05-06,"2021-05-06 00:00:03",3.65790861416743
2021-05-06,"2021-05-06 00:10:03",3.65790861416743
2021-05-06,"2021-05-06 00:20:02",3.77079610084701
2021-05-06,"2021-05-06 00:30:03",3.77106195690834
2021-05-06,"2021-05-06 00:40:02",3.77048133621686
2021-05-06,"2021-05-06 00:50:03",3.74670932692387
2021-05-06,"2021-05-06 01:00:03",3.74498471568324
2021-05-06,"2021-05-06 01:10:02",3.74498471568324
2021-05-06,"2021-05-06 01:20:02",3.7164156320199
2021-05-06,"2021-05-06 01:30:03",3.72002332308877
2021-05-06,"2021-05-06 01:40:03",3.71776242264534
2021-05-06,"2021-05-06 01:50:02",3.69141937828039
2021-05-06,"2021-05-06 02:00:02",3.67328229737783
2021-05-06,"2021-05-06 02:10:02",3.67082193419994
2021-05-06,"2021-05-06 02:20:03",3.64309618693295
2021-05-06,"2021-05-06 02:30:03",3.65796907929116
2021-05-06,"2021-05-06 02:40:03",3.66505741442553
2021-05-06,"2021-05-06 02:50:02",3.67312092752697
2021-05-06,"2021-05-06 03:00:03",3.67256835759638
2021-05-06,"2021-05-06 03:10:03",3.66709791434561
2021-05-06,"2021-05-06 03:20:03",3.6648733243283
2021-05-06,"2021-05-06 03:30:02",3.66639144018959
2021-05-06,"2021-05-06 03:40:02",3.65694654571351
2021-05-06,"2021-05-06 03:50:03",3.65417558409847
2021-05-06,"2021-05-06 04:00:03",3.65140777227725
2021-05-06,"2021-05-06 04:10:02",3.64864310552885
2021-05-06,"2021-05-06 04:20:03",3.64864310552885
2021-05-06,"2021-05-06 04:30:03",3.64864310552885
2021-05-06,"2021-05-06 04:40:03",3.64864310552885
2021-05-06,"2021-05-06 04:50:02",3.64864310552885
2021-05-06,"2021-05-06 05:00:03",3.64864310552885
2021-05-06,"2021-05-06 05:10:03",3.64864310552885
2021-05-06,"2021-05-06 05:20:02",3.64864310552885
2021-05-06,"2021-05-06 05:30:02",3.64864310552885
2021-05-06,"2021-05-06 05:40:03",3.64864310552885
2021-05-06,"2021-05-06 05:50:02",3.64864310552885
2021-05-06,"2021-05-06 06:00:03",3.64864310552885
2021-05-06,"2021-05-06 06:10:03",3.64864310552885
2021-05-06,"2021-05-06 06:20:02",3.64864310552885
2021-05-06,"2021-05-06 06:30:03",3.64864310552885
2021-05-06,"2021-05-06 06:40:03",3.64864310552885
2021-05-06,"2021-05-06 06:50:02",3.64864310552885
2021-05-06,"2021-05-06 07:00:03",3.64864310552885
2021-05-06,"2021-05-06 07:10:02",3.64864310552885
2021-05-06,"2021-05-06 07:20:02",3.64864310552885
2021-05-06,"2021-05-06 07:30:03",3.64864310552885
2021-05-06,"2021-05-06 07:40:02",3.69240738793785
2021-05-06,"2021-05-06 07:50:03",3.69240738793785
2021-05-06,"2021-05-06 08:00:03",3.61761517152441
2021-05-06,"2021-05-06 08:10:02",3.56404375365211
2021-05-06,"2021-05-06 08:20:02",3.56404375365211
2021-05-06,"2021-05-06 08:30:03",3.56404375365211
2021-05-06,"2021-05-06 08:40:03",3.58770582563287
2021-05-06,"2021-05-06 08:50:02",3.59056778569211
2021-05-06,"2021-05-06 09:00:03",3.5637470102418
2021-05-06,"2021-05-06 09:10:03",3.50724557550969
2021-05-06,"2021-05-06 09:20:02",3.51563418248919
2021-05-06,"2021-05-06 09:30:02",3.59534338342977
2021-05-06,"2021-05-06 09:40:02",3.59563223268712
2021-05-06,"2021-05-06 09:50:03",3.59509174743111
2021-05-06,"2021-05-06 10:00:03",3.59509174748347
2021-05-06,"2021-05-06 10:10:02",3.59509174748347
2021-05-06,"2021-05-06 10:20:03",3.4425903734219
2021-05-06,"2021-05-06 10:30:02",3.4425903734219
2021-05-06,"2021-05-06 10:40:02",3.34070336281391
2021-05-06,"2021-05-06 10:50:02",3.42917256006365
2021-05-06,"2021-05-06 11:00:03",3.50010376059012
2021-05-06,"2021-05-06 11:10:03",3.49830488395769
2021-05-06,"2021-05-06 11:20:02",3.49830488395769
2021-05-06,"2021-05-06 11:30:02",3.28947094898875
2021-05-06,"2021-05-06 11:40:02",3.28603942154382
2021-05-06,"2021-05-06 11:50:02",3.31324364591611
2021-05-06,"2021-05-06 12:00:03",3.31832387823033
2021-05-06,"2021-05-06 12:10:03",3.27444369681345
2021-05-06,"2021-05-06 12:20:02",3.28561622556053
2021-05-06,"2021-05-06 12:30:03",3.28414028390253
2021-05-06,"2021-05-06 12:40:02",3.28643702185382
2021-05-06,"2021-05-06 12:50:02",3.28643702185382
2021-05-06,"2021-05-06 13:00:03",3.25455453026006
2021-05-06,"2021-05-06 13:10:02",3.25608195411607
2021-05-06,"2021-05-06 13:20:03",3.1396799219274
2021-05-06,"2021-05-06 13:30:03",2.68879744898213
2021-05-06,"2021-05-06 13:40:02",2.88060186311278
2021-05-06,"2021-05-06 13:50:02",2.96161067178157
2021-05-06,"2021-05-06 14:00:03",2.96621969593149
2021-05-06,"2021-05-06 14:10:02",2.96139989181797
2021-05-06,"2021-05-06 14:20:02",2.96989908558141
2021-05-06,"2021-05-06 14:30:02",3.06389870997579
2021-05-06,"2021-05-06 14:40:03",3.00154712222372
2021-05-06,"2021-05-06 14:50:02",2.83373947465712
2021-05-06,"2021-05-06 15:00:03",2.85004859905087
2021-05-06,"2021-05-06 15:10:02",2.95047234950912
2021-05-06,"2021-05-06 15:20:02",2.95178601119107
2021-05-06,"2021-05-06 15:30:02",2.96690395507845
2021-05-06,"2021-05-06 15:40:02",2.84477571976092
2021-05-06,"2021-05-06 15:50:02",2.8726080653844
2021-05-06,"2021-05-06 16:00:04",2.98552414549902
2021-05-06,"2021-05-06 16:10:02",2.98400780469655
2021-05-06,"2021-05-06 16:20:03",2.67152224703833
2021-05-06,"2021-05-06 16:30:02",2.77545202175112
2021-05-06,"2021-05-06 16:40:03",2.84866591532421
2021-05-06,"2021-05-06 16:50:02",2.69107145877052
2021-05-06,"2021-05-06 17:00:03",2.8571342960097
2021-05-06,"2021-05-06 17:10:02",2.85755707895872
2021-05-06,"2021-05-06 17:20:03",2.86108384597829
2021-05-06,"2021-05-06 17:30:03",2.76504481308396
2021-05-06,"2021-05-06 17:40:03",2.70427648059541
2021-05-06,"2021-05-06 17:50:03",2.84072542225676
2021-05-06,"2021-05-06 18:00:04",2.83755641906106
2021-05-06,"2021-05-06 18:10:03",2.84780249550911
2021-05-06,"2021-05-06 18:20:03",2.85052404866522
2021-05-06,"2021-05-06 18:30:02",2.85463532378016
2021-05-06,"2021-05-06 18:40:03",2.93790021879356
2021-05-06,"2021-05-06 18:50:02",2.98610262155879
2021-05-06,"2021-05-06 19:00:03",2.98379119924673
2021-05-06,"2021-05-06 19:10:03",2.94402709994685
2021-05-06,"2021-05-06 19:20:02",2.94077903660158
2021-05-06,"2021-05-06 19:30:02",2.93757993269176
2021-05-06,"2021-05-06 19:40:03",2.69010984722188
2021-05-06,"2021-05-06 19:50:03",2.99029182219618
2021-05-06,"2021-05-06 20:00:03",2.99218919207023
2021-05-06,"2021-05-06 20:10:03",2.99240424112504
2021-05-06,"2021-05-06 20:20:02",3.06057206646806
2021-05-06,"2021-05-06 20:30:03",3.20544719694264
2021-05-06,"2021-05-06 20:40:02",3.31009285765893
2021-05-06,"2021-05-06 20:50:02",3.29841411443948
2021-05-06,"2021-05-06 21:00:03",3.29041252511357
2021-05-06,"2021-05-06 21:10:03",3.12257693572299
2021-05-06,"2021-05-06 21:20:03",2.86540931142822
2021-05-06,"2021-05-06 21:30:02",2.92943574701244
2021-05-06,"2021-05-06 21:40:02",2.87299665533589
2021-05-06,"2021-05-06 21:50:02",2.84645692701756
2021-05-06,"2021-05-06 22:00:03",2.85086766260004
2021-05-06,"2021-05-06 22:10:02",2.84572666745581
2021-05-06,"2021-05-06 22:20:02",2.84391005505198
2021-05-06,"2021-05-06 22:30:02",2.89303356287618
2021-05-06,"2021-05-06 22:40:02",2.86837941394544
2021-05-06,"2021-05-06 22:50:03",2.86837941394544
2021-05-06,"2021-05-06 23:00:03",2.86405227555273
2021-05-06,"2021-05-06 23:10:02",2.74245295976323
2021-05-06,"2021-05-06 23:20:03",2.74362430993396
2021-05-06,"2021-05-06 23:30:03",2.74370648982915
2021-05-06,"2021-05-06 23:40:02",2.74155439990462
2021-05-06,"2021-05-06 23:50:02",2.84849314289281
2021-05-07,"2021-05-07 00:00:04",2.84891182187536
2021-05-07,"2021-05-07 00:10:02",2.84872578866627
2021-05-07,"2021-05-07 00:20:03",2.84751560819443
2021-05-07,"2021-05-07 00:30:03",2.84911690042352
2021-05-07,"2021-05-07 00:40:03",3.12027833397369
2021-05-07,"2021-05-07 00:50:02",3.08926737166111
2021-05-07,"2021-05-07 01:00:03",3.08926737182932
2021-05-07,"2021-05-07 01:10:02",3.0888186902004
2021-05-07,"2021-05-07 01:20:03",3.085295925585
2021-05-07,"2021-05-07 01:30:02",3.07695772973661
2021-05-07,"2021-05-07 01:40:02",3.07695772973661
2021-05-07,"2021-05-07 01:50:02",3.07562404132872
2021-05-07,"2021-05-07 02:00:03",3.06498798973422
2021-05-07,"2021-05-07 02:10:11",3.06277862156146
2021-05-07,"2021-05-07 02:20:03",3.06277862136617
2021-05-07,"2021-05-07 02:30:03",2.73223058435146
2021-05-07,"2021-05-07 02:40:02",2.76818711454412
2021-05-07,"2021-05-07 02:50:02",2.76939399655682
2021-05-07,"2021-05-07 03:00:03",2.76939399655682
2021-05-07,"2021-05-07 03:10:02",2.77860736287373
2021-05-07,"2021-05-07 03:20:03",2.77860736287373
2021-05-07,"2021-05-07 03:30:03",2.91908759203371
2021-05-07,"2021-05-07 03:40:02",2.90879248136633
2021-05-07,"2021-05-07 03:50:03",2.90879248136633
2021-05-07,"2021-05-07 04:00:03",2.87821320170547
2021-05-07,"2021-05-07 04:10:03",2.87821320170547
2021-05-07,"2021-05-07 04:20:02",2.87821320170547
2021-05-07,"2021-05-07 04:30:02",2.87146085479896
2021-05-07,"2021-05-07 04:40:03",2.87182856559683
2021-05-07,"2021-05-07 04:50:02",2.87182856559683
2021-05-07,"2021-05-07 05:00:03",2.87182856559683
2021-05-07,"2021-05-07 05:10:03",2.87182856559683
2021-05-07,"2021-05-07 05:20:03",2.87323169052137
2021-05-07,"2021-05-07 05:30:02",3.98014420432671
2021-05-07,"2021-05-07 05:40:02",2.8732316906539
2021-05-07,"2021-05-07 05:50:02",2.8732316906539
2021-05-07,"2021-05-07 06:00:03",2.87519568927596
2021-05-07,"2021-05-07 06:10:02",2.87519568927596
2021-05-07,"2021-05-07 06:20:03",2.88249641023994
2021-05-07,"2021-05-07 06:30:02",2.80115691352277
2021-05-07,"2021-05-07 06:40:03",2.726319141574
2021-05-07,"2021-05-07 06:50:02",2.69866966099267
2021-05-07,"2021-05-07 07:00:03",2.72095354155115
2021-05-07,"2021-05-07 07:10:02",2.72428261451539
2021-05-07,"2021-05-07 07:20:02",2.52904314911022
2021-05-07,"2021-05-07 07:30:03",2.60008590372334
2021-05-07,"2021-05-07 07:40:03",2.6335449749811
2021-05-07,"2021-05-07 07:50:03",2.63945584939246
2021-05-07,"2021-05-07 08:00:03",2.63989208034151
2021-05-07,"2021-05-07 08:10:03",2.66009415699287
2021-05-07,"2021-05-07 08:20:02",2.66566320148448
2021-05-07,"2021-05-07 08:30:02",2.65302551684905
2021-05-07,"2021-05-07 08:40:02",2.68007632338102
2021-05-07,"2021-05-07 08:50:02",2.64068386047222
2021-05-07,"2021-05-07 09:00:03",2.67665363018622
2021-05-07,"2021-05-07 09:10:02",2.67658117707844
2021-05-07,"2021-05-07 09:20:02",2.67896914785845
2021-05-07,"2021-05-07 09:30:03",2.68981241410503
2021-05-07,"2021-05-07 09:40:02",2.68981241410503
2021-05-07,"2021-05-07 09:50:02",2.68981241410503
2021-05-07,"2021-05-07 10:00:03",2.61796645336153
2021-05-07,"2021-05-07 10:10:02",2.62966140195071
2021-05-07,"2021-05-07 10:20:02",2.62966140195071
2021-05-07,"2021-05-07 10:30:02",2.63173497947581
2021-05-07,"2021-05-07 10:40:02",2.67886331303396
2021-05-07,"2021-05-07 10:50:02",2.68048214188569
2021-05-07,"2021-05-07 11:00:03",2.64694540265723
2021-05-07,"2021-05-07 11:10:03",2.6335390706054
2021-05-07,"2021-05-07 11:20:03",2.63372630119023
2021-05-07,"2021-05-07 11:30:02",2.64041747324052
2021-05-07,"2021-05-07 11:40:03",2.64041747324052
2021-05-07,"2021-05-07 11:50:03",2.65313784905132
2021-05-07,"2021-05-07 12:00:03",2.70710102035209
2021-05-07,"2021-05-07 12:10:02",2.85603796771236
2021-05-07,"2021-05-07 12:20:03",2.84692033655854
2021-05-07,"2021-05-07 12:30:03",2.84719841677515
2021-05-07,"2021-05-07 12:40:03",2.85415441013716
2021-05-07,"2021-05-07 12:50:03",2.84952806255258
2021-05-07,"2021-05-07 13:00:04",2.87741424546034
2021-05-07,"2021-05-07 13:10:02",2.8809095402167
2021-05-07,"2021-05-07 13:20:03",2.86534956159153
2021-05-07,"2021-05-07 13:30:03",2.84412500625779
2021-05-07,"2021-05-07 13:40:03",2.85326413770387
2021-05-07,"2021-05-07 13:50:02",2.86022735319219
2021-05-07,"2021-05-07 14:00:03",2.86801605788064
2021-05-07,"2021-05-07 14:10:02",2.86801605788064
2021-05-07,"2021-05-07 14:20:02",2.8694080097685
2021-05-07,"2021-05-07 14:30:03",2.87127122651572
2021-05-07,"2021-05-07 14:40:02",2.87164232230682
2021-05-07,"2021-05-07 14:50:02",2.87164313285158
2021-05-07,"2021-05-07 15:00:03",2.87772551031638
2021-05-07,"2021-05-07 15:10:03",2.87837162245235
2021-05-07,"2021-05-07 15:20:02",2.83865569392404
2021-05-07,"2021-05-07 15:30:02",2.82479314586664
2021-05-07,"2021-05-07 15:40:03",2.78114132727806
2021-05-07,"2021-05-07 15:50:02",2.88843711183834
2021-05-07,"2021-05-07 16:00:03",2.95570111998425
2021-05-07,"2021-05-07 16:10:03",2.93669974580153
2021-05-07,"2021-05-07 16:20:03",2.95081093270417
2021-05-07,"2021-05-07 16:30:02",2.98795224527853
2021-05-07,"2021-05-07 16:40:02",2.95832812809946
2021-05-07,"2021-05-07 16:50:03",2.95297875070958
2021-05-07,"2021-05-07 17:00:03",2.93364416447756
2021-05-07,"2021-05-07 17:10:02",2.93365120251499
2021-05-07,"2021-05-07 17:20:03",2.91311222244209
2021-05-07,"2021-05-07 17:30:02",2.89684326148136
2021-05-07,"2021-05-07 17:40:02",2.90664281440046
2021-05-07,"2021-05-07 17:50:03",2.89887457603278
2021-05-07,"2021-05-07 18:00:03",2.89887457603278
2021-05-07,"2021-05-07 18:10:03",2.90055735153913
2021-05-07,"2021-05-07 18:20:02",2.88045371025112
2021-05-07,"2021-05-07 18:30:03",2.88652174040302
2021-05-07,"2021-05-07 18:40:02",2.88585545808892
2021-05-07,"2021-05-07 18:50:03",2.88579502568054
2021-05-07,"2021-05-07 19:00:03",2.88579502568054
2021-05-07,"2021-05-07 19:10:02",2.88579502568054
2021-05-07,"2021-05-07 19:20:03",2.88498944146324
2021-05-07,"2021-05-07 19:30:03",2.92596320744347
2021-05-07,"2021-05-07 19:40:03",2.95414542686608
2021-05-07,"2021-05-07 19:50:02",2.94162462481778
2021-05-07,"2021-05-07 20:00:03",2.94256110671812
2021-05-07,"2021-05-07 20:10:03",2.94090372721988
2021-05-07,"2021-05-07 20:20:02",2.92112392783131
2021-05-07,"2021-05-07 20:30:02",2.9109009341848
2021-05-07,"2021-05-07 20:40:02",2.89965099780496
2021-05-07,"2021-05-07 20:50:02",2.943296082825
2021-05-07,"2021-05-07 21:00:03",2.94768614630744
2021-05-07,"2021-05-07 21:10:02",2.94727060155593
2021-05-07,"2021-05-07 21:20:02",3.01906153256743
2021-05-07,"2021-05-07 21:30:02",3.07101687984347
2021-05-07,"2021-05-07 21:40:02",3.07116062833994
2021-05-07,"2021-05-07 21:50:02",3.04926039861091
2021-05-07,"2021-05-07 22:00:03",3.02406765252543
2021-05-07,"2021-05-07 22:10:02",3.01057455769194
2021-05-07,"2021-05-07 22:20:03",3.16108612979308
2021-05-07,"2021-05-07 22:30:02",3.1593935947656
2021-05-07,"2021-05-07 22:40:02",3.1305314807904
