"date_utc","date_time_utc","usds_price"
2021-05-01,"2021-05-01 18:14:28",0.20066384382523
2021-05-01,"2021-05-01 18:20:03",0.20066384382523
2021-05-01,"2021-05-01 18:30:03",0.20066384382523
2021-05-01,"2021-05-01 18:40:03",0.20066384382523
2021-05-01,"2021-05-01 18:50:03",0.20066384382523
2021-05-01,"2021-05-01 19:00:03",0.20066384382523
2021-05-01,"2021-05-01 19:10:02",0.20066384382523
2021-05-01,"2021-05-01 19:20:03",0.20066384382523
2021-05-01,"2021-05-01 19:30:03",0.20066384382523
2021-05-01,"2021-05-01 19:40:03",0.20066384382523
2021-05-01,"2021-05-01 19:50:02",0.20066384382523
2021-05-01,"2021-05-01 20:00:04",0.20066384382523
2021-05-01,"2021-05-01 20:10:03",0.20066384382523
2021-05-01,"2021-05-01 20:20:03",0.20066384382523
2021-05-01,"2021-05-01 20:30:03",0.20066384382523
2021-05-01,"2021-05-01 20:40:03",0.20066384382523
2021-05-01,"2021-05-01 20:50:03",0.20066384382523
2021-05-01,"2021-05-01 21:00:03",0.20066384382523
2021-05-01,"2021-05-01 21:10:03",0.20066384382523
2021-05-01,"2021-05-01 21:20:03",0.20066384382523
2021-05-01,"2021-05-01 21:30:03",0.20066384382523
2021-05-01,"2021-05-01 21:40:03",0.20066384382523
2021-05-01,"2021-05-01 21:50:03",0.20066384382523
2021-05-01,"2021-05-01 22:00:04",0.20066384382523
2021-05-01,"2021-05-01 22:10:03",0.20066384382523
2021-05-01,"2021-05-01 22:20:02",0.200664076673057
2021-05-01,"2021-05-01 22:30:03",0.200664076673057
2021-05-01,"2021-05-01 22:40:03",0.200664076673057
2021-05-01,"2021-05-01 22:50:03",0.200664076673057
2021-05-01,"2021-05-01 23:00:04",0.200664076673057
2021-05-01,"2021-05-01 23:10:03",0.200664076673057
2021-05-01,"2021-05-01 23:20:02",0.200664076673057
2021-05-01,"2021-05-01 23:30:03",0.200664076673057
2021-05-01,"2021-05-01 23:40:03",0.200664076673057
2021-05-01,"2021-05-01 23:50:03",0.200664076673057
2021-05-02,"2021-05-02 00:00:03",0.200664076673057
2021-05-02,"2021-05-02 00:10:03",0.200664076673057
2021-05-02,"2021-05-02 00:20:03",0.200664076673057
2021-05-02,"2021-05-02 00:30:03",0.200713806746423
2021-05-02,"2021-05-02 00:40:03",0.200713806746423
2021-05-02,"2021-05-02 00:50:03",0.200713806746423
2021-05-02,"2021-05-02 01:00:03",0.200713806746423
2021-05-02,"2021-05-02 01:10:03",0.200713806746423
2021-05-02,"2021-05-02 01:20:02",0.200713806746423
2021-05-02,"2021-05-02 01:30:03",0.200713806746423
2021-05-02,"2021-05-02 01:40:03",0.200713806746423
2021-05-02,"2021-05-02 01:50:03",0.200713806746423
2021-05-02,"2021-05-02 02:00:03",0.200713806746423
2021-05-02,"2021-05-02 02:10:03",0.200713806746423
2021-05-02,"2021-05-02 02:20:03",0.200713806746423
2021-05-02,"2021-05-02 02:30:03",0.200713806746423
2021-05-02,"2021-05-02 02:40:03",0.200713806746423
2021-05-02,"2021-05-02 02:50:03",0.200713806746423
2021-05-02,"2021-05-02 03:00:04",0.200713806746423
2021-05-02,"2021-05-02 03:10:03",0.200713806746423
2021-05-02,"2021-05-02 03:20:03",0.200713806746423
2021-05-02,"2021-05-02 03:30:02",0.200713806746423
2021-05-02,"2021-05-02 03:40:03",0.200713806746423
2021-05-02,"2021-05-02 03:50:03",0.200713806746423
2021-05-02,"2021-05-02 04:00:03",0.200713806746423
2021-05-02,"2021-05-02 04:10:03",0.200713806746423
2021-05-02,"2021-05-02 04:20:03",0.200713806746423
2021-05-02,"2021-05-02 04:30:03",0.200713806746423
2021-05-02,"2021-05-02 04:40:03",0.200713806746423
2021-05-02,"2021-05-02 04:50:03",0.200713806746423
2021-05-02,"2021-05-02 05:00:04",0.200713806746423
2021-05-02,"2021-05-02 05:10:03",0.200713806746423
2021-05-02,"2021-05-02 05:20:03",0.200713806746423
2021-05-02,"2021-05-02 05:30:03",0.200713806746423
2021-05-02,"2021-05-02 05:40:03",0.200713806746423
2021-05-02,"2021-05-02 05:50:03",0.200713806746423
2021-05-02,"2021-05-02 06:00:04",0.200713806746423
2021-05-02,"2021-05-02 06:10:02",0.200713806746423
2021-05-02,"2021-05-02 06:20:03",0.200713806746423
2021-05-02,"2021-05-02 06:30:03",0.200713806746423
2021-05-02,"2021-05-02 06:40:03",0.200713806746423
2021-05-02,"2021-05-02 06:50:03",0.200713806746423
2021-05-02,"2021-05-02 07:00:04",0.200713806746423
2021-05-02,"2021-05-02 07:10:03",0.200713806746423
2021-05-02,"2021-05-02 07:20:03",0.200713806746423
2021-05-02,"2021-05-02 07:30:03",0.200713806746423
2021-05-02,"2021-05-02 07:40:03",0.200713806746423
2021-05-02,"2021-05-02 07:50:03",0.200713806746423
2021-05-02,"2021-05-02 08:00:03",0.200713806746423
2021-05-02,"2021-05-02 08:10:03",0.200713806746423
2021-05-02,"2021-05-02 08:20:03",0.200713806746423
2021-05-02,"2021-05-02 08:30:03",0.200713806746423
2021-05-02,"2021-05-02 08:40:03",0.200713806746423
2021-05-02,"2021-05-02 08:50:02",0.200713806746423
2021-05-02,"2021-05-02 09:00:03",0.200713806746423
2021-05-02,"2021-05-02 09:10:02",0.200713806746423
2021-05-02,"2021-05-02 09:20:05",0.200713806746423
2021-05-02,"2021-05-02 09:30:03",0.200713806746423
2021-05-02,"2021-05-02 09:40:03",0.200713806746423
2021-05-02,"2021-05-02 09:50:03",0.200713806746423
2021-05-02,"2021-05-02 10:00:03",0.200713806746423
2021-05-02,"2021-05-02 10:10:03",0.200713806746423
2021-05-02,"2021-05-02 10:20:03",0.200713806746423
2021-05-02,"2021-05-02 10:30:03",0.200713806746423
2021-05-02,"2021-05-02 10:40:03",0.200713806746423
2021-05-02,"2021-05-02 10:50:03",0.200713806746423
2021-05-02,"2021-05-02 11:00:03",0.200713806746423
2021-05-02,"2021-05-02 11:10:03",0.200713806746423
2021-05-02,"2021-05-02 11:20:03",0.200713806746423
2021-05-02,"2021-05-02 11:30:03",0.200713806746423
2021-05-02,"2021-05-02 11:40:03",0.200713806746423
2021-05-02,"2021-05-02 11:50:03",0.200713806746423
2021-05-02,"2021-05-02 12:00:03",0.200713806746423
2021-05-02,"2021-05-02 12:10:03",0.200713806746423
2021-05-02,"2021-05-02 12:20:03",0.200713806746423
2021-05-02,"2021-05-02 12:30:03",0.200713806746423
2021-05-02,"2021-05-02 12:40:03",0.200713806746423
2021-05-02,"2021-05-02 12:50:03",0.200713806746423
2021-05-02,"2021-05-02 13:00:04",0.200713806746423
2021-05-02,"2021-05-02 13:10:03",0.200713806746423
2021-05-02,"2021-05-02 13:20:03",0.200713806746423
2021-05-02,"2021-05-02 13:30:03",0.200713806746423
2021-05-02,"2021-05-02 13:40:03",0.200713806746423
2021-05-02,"2021-05-02 13:50:03",0.200713806746423
2021-05-02,"2021-05-02 14:00:03",0.200713806746423
2021-05-02,"2021-05-02 14:10:03",0.200713806746423
2021-05-02,"2021-05-02 14:20:03",0.200713806746423
2021-05-02,"2021-05-02 14:30:03",0.200713806746423
2021-05-02,"2021-05-02 14:40:03",0.200713806746423
2021-05-02,"2021-05-02 14:50:03",0.200713806746423
2021-05-02,"2021-05-02 15:00:04",0.200713806746423
2021-05-02,"2021-05-02 15:10:03",0.200713806746423
2021-05-02,"2021-05-02 15:20:03",0.200713806746423
2021-05-02,"2021-05-02 15:30:02",0.200713806746423
2021-05-02,"2021-05-02 15:40:03",0.200713806746423
2021-05-02,"2021-05-02 15:50:03",0.200713806746423
2021-05-02,"2021-05-02 16:00:03",0.200713806746423
2021-05-02,"2021-05-02 16:10:03",0.200713806746423
2021-05-02,"2021-05-02 16:20:03",0.200713806746423
2021-05-02,"2021-05-02 16:30:03",0.200713806746423
2021-05-02,"2021-05-02 16:40:03",0.200713806746423
2021-05-02,"2021-05-02 16:50:03",0.192094212966166
2021-05-02,"2021-05-02 17:00:03",0.192094212966166
2021-05-02,"2021-05-02 17:10:02",0.192094212966166
2021-05-02,"2021-05-02 17:20:03",0.192094212966166
2021-05-02,"2021-05-02 17:30:03",0.192094212966166
2021-05-02,"2021-05-02 17:40:03",0.192094212966166
2021-05-02,"2021-05-02 17:50:02",0.192094212966166
2021-05-02,"2021-05-02 18:00:03",0.192094212966166
2021-05-02,"2021-05-02 18:10:03",0.192094212966166
2021-05-02,"2021-05-02 18:20:03",0.192094212966166
2021-05-02,"2021-05-02 18:30:13",0.192094212966166
2021-05-02,"2021-05-02 18:40:03",0.192094212966166
2021-05-02,"2021-05-02 18:50:04",0.191630729423641
2021-05-02,"2021-05-02 19:00:04",0.191630729423641
2021-05-02,"2021-05-02 19:10:03",0.191630729423641
2021-05-02,"2021-05-02 19:20:03",0.191630729423641
2021-05-02,"2021-05-02 19:30:03",0.191630729423641
2021-05-02,"2021-05-02 19:40:03",0.191630729423641
2021-05-02,"2021-05-02 19:50:03",0.191630729423641
2021-05-02,"2021-05-02 20:00:03",0.191630729423641
2021-05-02,"2021-05-02 20:10:03",0.191630729423641
2021-05-02,"2021-05-02 20:20:03",0.191630729423641
2021-05-02,"2021-05-02 20:30:03",0.191630729423641
2021-05-02,"2021-05-02 20:40:03",0.191630729423641
2021-05-02,"2021-05-02 20:50:03",0.191630729423641
2021-05-02,"2021-05-02 21:00:03",0.191630729423641
2021-05-02,"2021-05-02 21:10:03",0.191630729423641
2021-05-02,"2021-05-02 21:20:03",0.191630729423641
2021-05-02,"2021-05-02 21:30:03",0.191630729423641
2021-05-02,"2021-05-02 21:40:03",0.191630729423641
2021-05-02,"2021-05-02 21:50:03",0.191630729423641
2021-05-02,"2021-05-02 22:00:04",0.191630729423641
2021-05-02,"2021-05-02 22:10:03",0.191630729423641
2021-05-02,"2021-05-02 22:20:03",0.191630729423641
2021-05-02,"2021-05-02 22:30:03",0.191630729423641
2021-05-02,"2021-05-02 22:40:03",0.191630729423641
2021-05-02,"2021-05-02 22:50:03",0.191630729423641
2021-05-02,"2021-05-02 23:00:03",0.191630729423641
2021-05-02,"2021-05-02 23:10:03",0.191630729423641
2021-05-02,"2021-05-02 23:20:03",0.191630729423641
2021-05-02,"2021-05-02 23:30:02",0.191630729423641
2021-05-02,"2021-05-02 23:40:03",0.191630729423641
2021-05-02,"2021-05-02 23:50:03",0.191630729423641
2021-05-03,"2021-05-03 00:00:04",0.191630729423641
2021-05-03,"2021-05-03 00:10:03",0.191630729423641
2021-05-03,"2021-05-03 00:20:03",0.191630729423641
2021-05-03,"2021-05-03 00:30:03",0.191630729423641
2021-05-03,"2021-05-03 00:40:03",0.191630729423641
2021-05-03,"2021-05-03 00:50:03",0.191630729423641
2021-05-03,"2021-05-03 01:00:03",0.191630729423641
2021-05-03,"2021-05-03 01:10:03",0.191630729423641
2021-05-03,"2021-05-03 01:20:03",0.191630729423641
2021-05-03,"2021-05-03 01:30:03",0.191630729423641
2021-05-03,"2021-05-03 01:40:03",0.191630729423641
2021-05-03,"2021-05-03 01:50:03",0.191630729423641
2021-05-03,"2021-05-03 02:00:04",0.191630729423641
2021-05-03,"2021-05-03 02:10:02",0.191630729423641
2021-05-03,"2021-05-03 02:20:03",0.191630729423641
2021-05-03,"2021-05-03 02:30:03",0.191630729423641
2021-05-03,"2021-05-03 02:40:03",0.191630729423641
2021-05-03,"2021-05-03 02:50:03",0.191630729423641
2021-05-03,"2021-05-03 03:00:03",0.191630729423641
2021-05-03,"2021-05-03 03:10:03",0.191630729423641
2021-05-03,"2021-05-03 03:20:03",0.191630729423641
2021-05-03,"2021-05-03 03:30:03",0.191630729423641
2021-05-03,"2021-05-03 03:40:03",0.191630729423641
2021-05-03,"2021-05-03 03:50:03",0.191630729423641
2021-05-03,"2021-05-03 04:00:04",0.191640069769628
2021-05-03,"2021-05-03 04:10:03",0.191640069769628
2021-05-03,"2021-05-03 04:20:03",0.191640069769628
2021-05-03,"2021-05-03 04:30:03",0.191640069769628
2021-05-03,"2021-05-03 04:40:03",0.191640069769628
2021-05-03,"2021-05-03 04:50:03",0.191640069769628
2021-05-03,"2021-05-03 05:00:03",0.191640069769628
2021-05-03,"2021-05-03 05:10:03",0.191640069769628
2021-05-03,"2021-05-03 05:20:03",0.191640069769628
2021-05-03,"2021-05-03 05:30:03",0.191640069769628
2021-05-03,"2021-05-03 05:40:02",0.191640069769628
2021-05-03,"2021-05-03 05:50:03",0.191640069769628
2021-05-03,"2021-05-03 06:00:03",0.191640069769628
2021-05-03,"2021-05-03 06:10:03",0.191640069769628
2021-05-03,"2021-05-03 06:20:03",0.191640069769628
2021-05-03,"2021-05-03 06:30:03",0.191640069769628
2021-05-03,"2021-05-03 06:40:03",0.191640069769628
2021-05-03,"2021-05-03 06:50:03",0.191640069769628
2021-05-03,"2021-05-03 07:00:04",0.191640069769628
2021-05-03,"2021-05-03 07:10:03",0.191640069769628
2021-05-03,"2021-05-03 07:20:03",0.191640069769628
2021-05-03,"2021-05-03 07:30:03",0.191640069769628
2021-05-03,"2021-05-03 07:40:03",0.191640069769628
2021-05-03,"2021-05-03 07:50:03",0.191640069769628
2021-05-03,"2021-05-03 08:00:03",0.191640069769628
2021-05-03,"2021-05-03 08:10:03",0.191640069769628
2021-05-03,"2021-05-03 08:20:03",0.191640069769628
2021-05-03,"2021-05-03 08:30:03",0.191640069769628
2021-05-03,"2021-05-03 08:40:03",0.191640069769628
2021-05-03,"2021-05-03 08:50:03",0.191640069769628
2021-05-03,"2021-05-03 09:00:04",0.191640069769628
2021-05-03,"2021-05-03 09:10:03",0.191640069769628
2021-05-03,"2021-05-03 09:20:03",0.191640069769628
2021-05-03,"2021-05-03 09:30:03",0.191640069769628
2021-05-03,"2021-05-03 09:40:03",0.191640069769628
2021-05-03,"2021-05-03 09:50:03",0.191640069769628
2021-05-03,"2021-05-03 10:00:04",0.191640069769628
2021-05-03,"2021-05-03 10:10:03",0.191640069769628
2021-05-03,"2021-05-03 10:20:03",0.191640069769628
2021-05-03,"2021-05-03 10:30:03",0.191640069769628
2021-05-03,"2021-05-03 10:40:03",0.191640069769628
2021-05-03,"2021-05-03 10:50:03",0.191640069769628
2021-05-03,"2021-05-03 11:00:04",0.191640069769628
2021-05-03,"2021-05-03 11:10:03",0.191640069769628
2021-05-03,"2021-05-03 11:20:03",0.191640069769628
2021-05-03,"2021-05-03 11:30:03",0.191640069769628
2021-05-03,"2021-05-03 11:40:03",0.191640069769628
2021-05-03,"2021-05-03 11:50:03",0.191640069769628
2021-05-03,"2021-05-03 12:00:04",0.191640069769628
2021-05-03,"2021-05-03 12:10:02",0.191640069769628
2021-05-03,"2021-05-03 12:20:03",0.191640069769628
2021-05-03,"2021-05-03 12:30:03",0.191640069769628
2021-05-03,"2021-05-03 12:40:02",0.191640069769628
2021-05-03,"2021-05-03 12:50:02",0.191640069769628
2021-05-03,"2021-05-03 13:00:04",0.191640069769628
2021-05-03,"2021-05-03 13:10:02",0.191640069769628
2021-05-03,"2021-05-03 13:20:03",0.191640069769628
2021-05-03,"2021-05-03 13:30:03",0.191640069769628
2021-05-03,"2021-05-03 13:40:03",0.191640069769628
2021-05-03,"2021-05-03 13:50:03",0.191640069769628
2021-05-03,"2021-05-03 14:00:04",0.191640069769628
2021-05-03,"2021-05-03 14:10:03",0.191640069769628
2021-05-03,"2021-05-03 14:20:03",0.191640069769628
2021-05-03,"2021-05-03 14:30:03",0.191640069769628
2021-05-03,"2021-05-03 14:40:03",0.191640069769628
2021-05-03,"2021-05-03 14:50:03",0.191640069769628
2021-05-03,"2021-05-03 15:00:04",0.191640069769628
2021-05-03,"2021-05-03 15:10:03",0.191640069769628
2021-05-03,"2021-05-03 15:20:02",0.191640069769628
2021-05-03,"2021-05-03 15:30:03",0.191640069769628
2021-05-03,"2021-05-03 15:40:03",0.191640069769628
2021-05-03,"2021-05-03 15:50:03",0.191640069769628
2021-05-03,"2021-05-03 16:00:04",0.191640069769628
2021-05-03,"2021-05-03 16:10:03",0.191640069769628
2021-05-03,"2021-05-03 16:20:03",0.191640069769628
2021-05-03,"2021-05-03 16:30:02",0.191640069769628
2021-05-03,"2021-05-03 16:40:03",0.191640069769628
2021-05-03,"2021-05-03 16:50:03",0.191640069769628
2021-05-03,"2021-05-03 17:00:03",0.191640069769628
2021-05-03,"2021-05-03 17:10:02",0.191640069769628
2021-05-03,"2021-05-03 17:20:03",0.191640069769628
2021-05-03,"2021-05-03 17:30:03",0.191640069769628
2021-05-03,"2021-05-03 17:40:03",0.191630757455335
2021-05-03,"2021-05-03 17:50:03",0.191630757455335
2021-05-03,"2021-05-03 18:00:03",0.191630757455335
2021-05-03,"2021-05-03 18:10:02",0.191630757455335
2021-05-03,"2021-05-03 18:20:03",0.191630757455335
2021-05-03,"2021-05-03 18:30:03",0.191630757455335
2021-05-03,"2021-05-03 18:40:03",0.191630757455335
2021-05-03,"2021-05-03 18:50:03",0.181777281115469
2021-05-03,"2021-05-03 19:00:03",0.181777281115469
2021-05-03,"2021-05-03 19:10:03",0.177092670750642
2021-05-03,"2021-05-03 19:20:03",0.177092670750642
2021-05-03,"2021-05-03 19:30:03",0.177092670750642
2021-05-03,"2021-05-03 19:40:03",0.177092670750642
2021-05-03,"2021-05-03 19:50:03",0.177092670750642
2021-05-03,"2021-05-03 20:00:03",0.177092670750642
2021-05-03,"2021-05-03 20:10:03",0.177092670750642
2021-05-03,"2021-05-03 20:20:03",0.177092670750642
2021-05-03,"2021-05-03 20:30:03",0.177092670750642
2021-05-03,"2021-05-03 20:40:02",0.177092670750642
2021-05-03,"2021-05-03 20:50:03",0.177092670750642
2021-05-03,"2021-05-03 21:00:03",0.177092670750642
2021-05-03,"2021-05-03 21:10:03",0.177092670750642
2021-05-03,"2021-05-03 21:20:03",0.177092670750642
2021-05-03,"2021-05-03 21:30:03",0.177092670750642
2021-05-03,"2021-05-03 21:40:03",0.177092670750642
2021-05-03,"2021-05-03 21:50:03",0.177092670750642
2021-05-03,"2021-05-03 22:00:04",0.177092670750642
2021-05-03,"2021-05-03 22:10:03",0.177092670750642
2021-05-03,"2021-05-03 22:20:03",0.177092670750642
2021-05-03,"2021-05-03 22:30:03",0.177092670750642
2021-05-03,"2021-05-03 22:40:03",0.177092670750642
2021-05-03,"2021-05-03 22:50:02",0.177092670750642
2021-05-03,"2021-05-03 23:00:03",0.177092670750642
2021-05-03,"2021-05-03 23:10:03",0.177092670750642
2021-05-03,"2021-05-03 23:20:03",0.177092670750642
2021-05-03,"2021-05-03 23:30:03",0.177092670750642
2021-05-03,"2021-05-03 23:40:03",0.177092670750642
2021-05-03,"2021-05-03 23:50:02",0.177092670750642
2021-05-04,"2021-05-04 00:00:03",0.177092670750642
2021-05-04,"2021-05-04 00:10:03",0.177092670750642
2021-05-04,"2021-05-04 00:20:03",0.177092670750642
2021-05-04,"2021-05-04 00:30:03",0.177092670750642
2021-05-04,"2021-05-04 00:40:03",0.177092670750642
2021-05-04,"2021-05-04 00:50:03",0.177092670750642
2021-05-04,"2021-05-04 01:00:03",0.177092670750642
2021-05-04,"2021-05-04 01:10:02",0.177092670750642
2021-05-04,"2021-05-04 01:20:03",0.177092670750642
2021-05-04,"2021-05-04 01:30:03",0.177092670750642
2021-05-04,"2021-05-04 01:40:03",0.177092670750642
2021-05-04,"2021-05-04 01:50:03",0.177092670750642
2021-05-04,"2021-05-04 02:00:04",0.177092670750642
2021-05-04,"2021-05-04 02:10:02",0.177092670750642
2021-05-04,"2021-05-04 02:20:02",0.177092670750642
2021-05-04,"2021-05-04 02:30:03",0.177092670750642
2021-05-04,"2021-05-04 02:40:03",0.177092670750642
2021-05-04,"2021-05-04 02:50:03",0.177092670750642
2021-05-04,"2021-05-04 03:00:03",0.177092670750642
2021-05-04,"2021-05-04 03:10:03",0.177092670750642
2021-05-04,"2021-05-04 03:20:03",0.177092670750642
2021-05-04,"2021-05-04 03:30:02",0.177092670750642
2021-05-04,"2021-05-04 03:40:03",0.177092670750642
2021-05-04,"2021-05-04 03:50:03",0.177092670750642
2021-05-04,"2021-05-04 04:00:03",0.177092670750642
2021-05-04,"2021-05-04 04:10:03",0.177092670750642
2021-05-04,"2021-05-04 04:20:03",0.176886251795226
2021-05-04,"2021-05-04 04:30:03",0.176886251795226
2021-05-04,"2021-05-04 04:40:03",0.176886251795226
2021-05-04,"2021-05-04 04:50:03",0.176886251795226
2021-05-04,"2021-05-04 05:00:04",0.176886251795226
2021-05-04,"2021-05-04 05:10:03",0.176886251795226
2021-05-04,"2021-05-04 05:20:03",0.176886251795226
2021-05-04,"2021-05-04 05:30:03",0.176886251795226
2021-05-04,"2021-05-04 05:40:02",0.176886251795226
2021-05-04,"2021-05-04 05:50:03",0.177119746296346
2021-05-04,"2021-05-04 06:00:03",0.177119746296346
2021-05-04,"2021-05-04 06:10:03",0.177119746296346
2021-05-04,"2021-05-04 06:20:03",0.177119746296346
2021-05-04,"2021-05-04 06:30:03",0.177119746296346
2021-05-04,"2021-05-04 06:40:03",0.177119746296346
2021-05-04,"2021-05-04 06:50:03",0.177119746296346
2021-05-04,"2021-05-04 07:00:04",0.177119746296346
2021-05-04,"2021-05-04 07:10:03",0.177119746296346
2021-05-04,"2021-05-04 07:20:02",0.177119746296346
2021-05-04,"2021-05-04 07:30:03",0.177119746296346
2021-05-04,"2021-05-04 07:40:03",0.177119746296346
2021-05-04,"2021-05-04 07:50:03",0.177119746296346
2021-05-04,"2021-05-04 08:00:10",0.177119746296346
2021-05-04,"2021-05-04 08:10:03",0.177119746296346
2021-05-04,"2021-05-04 08:20:03",0.177119746296346
2021-05-04,"2021-05-04 08:30:03",0.177119746296346
2021-05-04,"2021-05-04 08:40:03",0.177119746296346
2021-05-04,"2021-05-04 08:50:03",0.177119746296346
2021-05-04,"2021-05-04 09:00:03",0.177119746296346
2021-05-04,"2021-05-04 09:10:03",0.177119746296346
2021-05-04,"2021-05-04 09:20:03",0.177119746296346
2021-05-04,"2021-05-04 09:30:03",0.177119746296346
2021-05-04,"2021-05-04 09:40:02",0.177119746296346
2021-05-04,"2021-05-04 09:50:03",0.177119746296346
2021-05-04,"2021-05-04 10:00:04",0.177119746296346
2021-05-04,"2021-05-04 10:10:03",0.177119746296346
2021-05-04,"2021-05-04 10:20:03",0.177119746296346
2021-05-04,"2021-05-04 10:30:03",0.177119746296346
2021-05-04,"2021-05-04 10:40:03",0.177119746296346
2021-05-04,"2021-05-04 10:50:03",0.177119746296346
2021-05-04,"2021-05-04 11:00:03",0.177119746296346
2021-05-04,"2021-05-04 11:10:03",0.177119746296346
2021-05-04,"2021-05-04 11:20:03",0.177119746296346
2021-05-04,"2021-05-04 11:30:03",0.177119746296346
2021-05-04,"2021-05-04 11:40:03",0.177119746296346
2021-05-04,"2021-05-04 11:50:03",0.177119746296346
2021-05-04,"2021-05-04 12:00:04",0.177119746296346
2021-05-04,"2021-05-04 12:10:03",0.177119746296346
2021-05-04,"2021-05-04 12:20:03",0.177119746296346
2021-05-04,"2021-05-04 12:30:03",0.177119746296346
2021-05-04,"2021-05-04 12:40:03",0.177119746296346
2021-05-04,"2021-05-04 12:50:03",0.177119746296346
2021-05-04,"2021-05-04 13:00:03",0.177119746296346
2021-05-04,"2021-05-04 13:10:03",0.177119746296346
2021-05-04,"2021-05-04 13:20:03",0.177119746296346
2021-05-04,"2021-05-04 13:30:03",0.177119746296346
2021-05-04,"2021-05-04 13:40:03",0.177119746296346
2021-05-04,"2021-05-04 13:50:03",0.177119746296346
2021-05-04,"2021-05-04 14:00:03",0.177119746296346
2021-05-04,"2021-05-04 14:10:03",0.177119746296346
2021-05-04,"2021-05-04 14:20:02",0.177119746296346
2021-05-04,"2021-05-04 14:30:03",0.177119746296346
2021-05-04,"2021-05-04 14:40:03",0.177119746296346
2021-05-04,"2021-05-04 14:50:03",0.177119746296346
2021-05-04,"2021-05-04 15:00:04",0.177119746296346
2021-05-04,"2021-05-04 15:10:03",0.177119746296346
2021-05-04,"2021-05-04 15:20:03",0.177119746296346
2021-05-04,"2021-05-04 15:30:03",0.177119746296346
2021-05-04,"2021-05-04 15:40:03",0.177119746296346
2021-05-04,"2021-05-04 15:50:03",0.177119746296346
2021-05-04,"2021-05-04 16:00:03",0.177119746296346
2021-05-04,"2021-05-04 16:10:03",0.177119746296346
2021-05-04,"2021-05-04 16:20:03",0.177119746296346
2021-05-04,"2021-05-04 16:30:03",0.177119746296346
2021-05-04,"2021-05-04 16:40:03",0.177119746296346
2021-05-04,"2021-05-04 16:50:02",0.177120446565723
2021-05-04,"2021-05-04 17:00:04",0.177120446565723
2021-05-04,"2021-05-04 17:10:03",0.177120446565723
2021-05-04,"2021-05-04 17:20:03",0.177120446565723
2021-05-04,"2021-05-04 17:30:03",0.177120446565723
2021-05-04,"2021-05-04 17:40:03",0.177120446565723
2021-05-04,"2021-05-04 17:50:03",0.177120446565723
2021-05-04,"2021-05-04 18:00:03",0.177120446565723
2021-05-04,"2021-05-04 18:10:03",0.177120446565723
2021-05-04,"2021-05-04 18:20:03",0.177120446565723
2021-05-04,"2021-05-04 18:30:03",0.177120446565723
2021-05-04,"2021-05-04 18:40:03",0.177120446565723
2021-05-04,"2021-05-04 18:50:03",0.177120446565723
2021-05-04,"2021-05-04 19:00:04",0.177120446565723
2021-05-04,"2021-05-04 19:10:02",0.177120446565723
2021-05-04,"2021-05-04 19:20:03",0.177120446565723
2021-05-04,"2021-05-04 19:30:03",0.177120446565723
2021-05-04,"2021-05-04 19:40:03",0.177120446565723
2021-05-04,"2021-05-04 19:50:03",0.177120446565723
2021-05-04,"2021-05-04 20:00:03",0.177120446565723
2021-05-04,"2021-05-04 20:10:03",0.177120446565723
2021-05-04,"2021-05-04 20:20:03",0.177120446565723
2021-05-04,"2021-05-04 20:30:03",0.177120446565723
2021-05-04,"2021-05-04 20:40:03",0.177120446565723
2021-05-04,"2021-05-04 20:50:02",0.177120446565723
2021-05-04,"2021-05-04 21:00:03",0.177120446565723
2021-05-04,"2021-05-04 21:10:04",0.177064051116296
2021-05-04,"2021-05-04 21:20:03",0.176899872942466
2021-05-04,"2021-05-04 21:30:03",0.176899872942466
2021-05-04,"2021-05-04 21:40:03",0.176899872942466
2021-05-04,"2021-05-04 21:50:03",0.176899872942466
2021-05-04,"2021-05-04 22:00:03",0.176899872942466
2021-05-04,"2021-05-04 22:10:03",0.176899872942466
2021-05-04,"2021-05-04 22:20:03",0.176899872942466
2021-05-04,"2021-05-04 22:30:03",0.176899872942466
2021-05-04,"2021-05-04 22:40:03",0.176899872942466
2021-05-04,"2021-05-04 22:50:03",0.176899872942466
2021-05-04,"2021-05-04 23:00:03",0.176899872942466
2021-05-04,"2021-05-04 23:10:03",0.176899872942466
2021-05-04,"2021-05-04 23:20:02",0.176899872942466
2021-05-04,"2021-05-04 23:30:03",0.176899872942466
2021-05-04,"2021-05-04 23:40:03",0.176899872942466
2021-05-04,"2021-05-04 23:50:03",0.176899872942466
2021-05-05,"2021-05-05 00:00:03",0.176899872942466
2021-05-05,"2021-05-05 00:10:03",0.176899872942466
2021-05-05,"2021-05-05 00:20:02",0.176899872942466
2021-05-05,"2021-05-05 00:30:03",0.176899872942466
2021-05-05,"2021-05-05 00:40:04",0.176899872942466
2021-05-05,"2021-05-05 00:50:03",0.176899872942466
2021-05-05,"2021-05-05 01:00:03",0.176899872942466
2021-05-05,"2021-05-05 01:10:02",0.176899872942466
2021-05-05,"2021-05-05 01:20:03",0.176899872942466
2021-05-05,"2021-05-05 01:30:03",0.176899872942466
2021-05-05,"2021-05-05 01:40:03",0.176899872942466
2021-05-05,"2021-05-05 01:50:03",0.176899872942466
2021-05-05,"2021-05-05 02:00:03",0.176899872942466
2021-05-05,"2021-05-05 02:10:03",0.176899872942466
2021-05-05,"2021-05-05 02:20:03",0.176899872942466
2021-05-05,"2021-05-05 02:30:03",0.176899872942466
2021-05-05,"2021-05-05 02:40:03",0.176899872942466
2021-05-05,"2021-05-05 02:50:03",0.176899872942466
2021-05-05,"2021-05-05 03:00:04",0.176899872942466
2021-05-05,"2021-05-05 03:10:03",0.176899872942466
2021-05-05,"2021-05-05 03:20:03",0.176899872942466
2021-05-05,"2021-05-05 03:30:03",0.176899872942466
2021-05-05,"2021-05-05 03:40:03",0.176899872942466
2021-05-05,"2021-05-05 03:50:03",0.176899872942466
2021-05-05,"2021-05-05 04:00:03",0.176899872942466
2021-05-05,"2021-05-05 04:10:03",0.176899872942466
2021-05-05,"2021-05-05 04:20:03",0.176899872942466
2021-05-05,"2021-05-05 04:30:03",0.176899872942466
2021-05-05,"2021-05-05 04:40:03",0.176899872942466
2021-05-05,"2021-05-05 04:50:03",0.176899872942466
2021-05-05,"2021-05-05 05:00:03",0.176899872942466
2021-05-05,"2021-05-05 05:10:03",0.176899872942466
2021-05-05,"2021-05-05 05:20:03",0.176899872942466
2021-05-05,"2021-05-05 05:30:03",0.176899872942466
2021-05-05,"2021-05-05 05:40:03",0.176899872942466
2021-05-05,"2021-05-05 05:50:03",0.176899872942466
2021-05-05,"2021-05-05 06:00:04",0.176899872942466
2021-05-05,"2021-05-05 06:10:03",0.176899872942466
2021-05-05,"2021-05-05 06:20:03",0.176899872942466
2021-05-05,"2021-05-05 06:30:03",0.176899872942466
2021-05-05,"2021-05-05 06:40:03",0.176899872942466
2021-05-05,"2021-05-05 06:50:03",0.176899872942466
2021-05-05,"2021-05-05 07:00:03",0.176899872942466
2021-05-05,"2021-05-05 07:10:03",0.176899872942466
2021-05-05,"2021-05-05 07:20:03",0.176899872942466
2021-05-05,"2021-05-05 07:30:04",0.176899872942466
2021-05-05,"2021-05-05 07:40:03",0.176899872942466
2021-05-05,"2021-05-05 07:50:12",0.176899872942466
2021-05-05,"2021-05-05 08:00:03",0.176899872942466
2021-05-05,"2021-05-05 08:10:02",0.176899872942466
2021-05-05,"2021-05-05 08:20:03",0.176899872942466
2021-05-05,"2021-05-05 08:30:03",0.176899872942466
2021-05-05,"2021-05-05 08:40:03",0.176899872942466
2021-05-05,"2021-05-05 08:50:02",0.176899872942466
2021-05-05,"2021-05-05 09:00:03",0.176899872942466
2021-05-05,"2021-05-05 09:10:03",0.176899872942466
2021-05-05,"2021-05-05 09:20:03",0.176899872942466
2021-05-05,"2021-05-05 09:30:03",0.176899872942466
2021-05-05,"2021-05-05 09:40:03",0.176899872942466
2021-05-05,"2021-05-05 09:50:03",0.176899872942466
2021-05-05,"2021-05-05 10:00:04",0.176899872942466
2021-05-05,"2021-05-05 10:10:03",0.176899872942466
2021-05-05,"2021-05-05 10:20:03",0.176899872942466
2021-05-05,"2021-05-05 10:30:03",0.176899872942466
2021-05-05,"2021-05-05 10:40:03",0.176899872942466
2021-05-05,"2021-05-05 10:50:03",0.176899872942466
2021-05-05,"2021-05-05 11:00:04",0.176899872942466
2021-05-05,"2021-05-05 11:10:03",0.176899872942466
2021-05-05,"2021-05-05 11:20:02",0.176899872942466
2021-05-05,"2021-05-05 11:30:03",0.176899872942466
2021-05-05,"2021-05-05 11:40:03",0.176899872942466
2021-05-05,"2021-05-05 11:50:03",0.176899872942466
2021-05-05,"2021-05-05 12:00:04",0.176899872942466
2021-05-05,"2021-05-05 12:10:03",0.176899872942466
2021-05-05,"2021-05-05 12:20:03",0.176899872942466
2021-05-05,"2021-05-05 12:30:03",0.176899872942466
2021-05-05,"2021-05-05 12:40:03",0.176899872942466
2021-05-05,"2021-05-05 12:50:03",0.176899872942466
2021-05-05,"2021-05-05 13:00:04",0.176899872942466
2021-05-05,"2021-05-05 13:10:03",0.176899872942466
2021-05-05,"2021-05-05 13:20:03",0.176899872942466
2021-05-05,"2021-05-05 13:30:03",0.176899872942466
2021-05-05,"2021-05-05 13:40:03",0.176899872942466
2021-05-05,"2021-05-05 13:50:03",0.176899872942466
2021-05-05,"2021-05-05 14:00:03",0.176899872942466
2021-05-05,"2021-05-05 14:10:03",0.176899872942466
2021-05-05,"2021-05-05 14:20:03",0.176899872942466
2021-05-05,"2021-05-05 14:30:03",0.176899872942466
2021-05-05,"2021-05-05 14:40:03",0.176899872942466
2021-05-05,"2021-05-05 14:50:03",0.176899872942466
2021-05-05,"2021-05-05 15:00:04",0.176899872942466
2021-05-05,"2021-05-05 15:10:03",0.176899872942466
2021-05-05,"2021-05-05 15:20:03",0.176899872942466
2021-05-05,"2021-05-05 15:30:03",0.176899872942466
2021-05-05,"2021-05-05 15:40:03",0.176899872942466
2021-05-05,"2021-05-05 15:50:03",0.176899872942466
2021-05-05,"2021-05-05 16:00:03",0.176899872942466
2021-05-05,"2021-05-05 16:10:03",0.176899872942466
2021-05-05,"2021-05-05 16:20:03",0.176899872942466
2021-05-05,"2021-05-05 16:30:02",0.176899872942466
2021-05-05,"2021-05-05 16:40:03",0.176899872942466
2021-05-05,"2021-05-05 16:50:03",0.176899872942466
2021-05-05,"2021-05-05 17:00:03",0.176899872942466
2021-05-05,"2021-05-05 17:10:03",0.176899872942466
2021-05-05,"2021-05-05 17:20:03",0.176899872942466
2021-05-05,"2021-05-05 17:30:03",0.176899872942466
2021-05-05,"2021-05-05 17:40:03",0.176899872942466
2021-05-05,"2021-05-05 17:50:03",0.176899872942466
2021-05-05,"2021-05-05 18:00:04",0.176899872942466
2021-05-05,"2021-05-05 18:10:03",0.176899872942466
2021-05-05,"2021-05-05 18:20:03",0.176899872942466
2021-05-05,"2021-05-05 18:30:03",0.176899872942466
2021-05-05,"2021-05-05 18:40:03",0.176899872942466
2021-05-05,"2021-05-05 18:50:03",0.176899872942466
2021-05-05,"2021-05-05 19:00:03",0.176899872942466
2021-05-05,"2021-05-05 19:10:03",0.176899872942466
2021-05-05,"2021-05-05 19:20:03",0.176899872942466
2021-05-05,"2021-05-05 19:30:03",0.176861874467305
2021-05-05,"2021-05-05 19:40:03",0.176861874467305
2021-05-05,"2021-05-05 19:50:03",0.176861874467305
2021-05-05,"2021-05-05 20:00:04",0.176861874467305
2021-05-05,"2021-05-05 20:10:03",0.176861874467305
2021-05-05,"2021-05-05 20:20:03",0.176861874467305
2021-05-05,"2021-05-05 20:30:03",0.176861874467305
2021-05-05,"2021-05-05 20:40:03",0.176861874467305
2021-05-05,"2021-05-05 20:50:03",0.176861874467305
2021-05-05,"2021-05-05 21:00:03",0.176861874467305
2021-05-05,"2021-05-05 21:10:03",0.176861874467305
2021-05-05,"2021-05-05 21:20:03",0.176861874467305
2021-05-05,"2021-05-05 21:30:02",0.176861874467305
2021-05-05,"2021-05-05 21:40:03",0.176861874467305
2021-05-05,"2021-05-05 21:50:02",0.176861874467305
2021-05-05,"2021-05-05 22:00:04",0.176861874467305
2021-05-05,"2021-05-05 22:10:03",0.176861874467305
2021-05-05,"2021-05-05 22:20:03",0.176861874467305
2021-05-05,"2021-05-05 22:30:03",0.176861874467305
2021-05-05,"2021-05-05 22:40:03",0.176861874467305
2021-05-05,"2021-05-05 22:50:03",0.176861874467305
2021-05-05,"2021-05-05 23:00:03",0.176861874467305
2021-05-05,"2021-05-05 23:10:02",0.176861874467305
2021-05-05,"2021-05-05 23:20:03",0.176861874467305
2021-05-05,"2021-05-05 23:30:03",0.176861874467305
2021-05-05,"2021-05-05 23:40:03",0.176861874467305
2021-05-05,"2021-05-05 23:50:03",0.176861874467305
2021-05-06,"2021-05-06 00:00:03",0.176861874467305
2021-05-06,"2021-05-06 00:10:03",0.176861874467305
2021-05-06,"2021-05-06 00:20:02",0.176861874467305
2021-05-06,"2021-05-06 00:30:03",0.176861874467305
2021-05-06,"2021-05-06 00:40:03",0.176861874467305
2021-05-06,"2021-05-06 00:50:03",0.176861874467305
2021-05-06,"2021-05-06 01:00:04",0.176861874467305
2021-05-06,"2021-05-06 01:10:03",0.176861874467305
2021-05-06,"2021-05-06 01:20:03",0.176861874467305
2021-05-06,"2021-05-06 01:30:03",0.176861874467305
2021-05-06,"2021-05-06 01:40:03",0.176861874467305
2021-05-06,"2021-05-06 01:50:03",0.176861874467305
2021-05-06,"2021-05-06 02:00:03",0.176861874467305
2021-05-06,"2021-05-06 02:10:03",0.176861874467305
2021-05-06,"2021-05-06 02:20:03",0.176861874467305
2021-05-06,"2021-05-06 02:30:03",0.176861874467305
2021-05-06,"2021-05-06 02:40:03",0.176861874467305
2021-05-06,"2021-05-06 02:50:03",0.176861874467305
2021-05-06,"2021-05-06 03:00:04",0.176861874467305
2021-05-06,"2021-05-06 03:10:03",0.176861874467305
2021-05-06,"2021-05-06 03:20:03",0.176861874467305
2021-05-06,"2021-05-06 03:30:03",0.176861874467305
2021-05-06,"2021-05-06 03:40:03",0.176861874467305
2021-05-06,"2021-05-06 03:50:03",0.176861874467305
2021-05-06,"2021-05-06 04:00:03",0.176861874467305
2021-05-06,"2021-05-06 04:10:03",0.176861874467305
2021-05-06,"2021-05-06 04:20:03",0.176861874467305
2021-05-06,"2021-05-06 04:30:03",0.176861874467305
2021-05-06,"2021-05-06 04:40:03",0.176861874467305
2021-05-06,"2021-05-06 04:50:03",0.176861874467305
2021-05-06,"2021-05-06 05:00:04",0.176861874467305
2021-05-06,"2021-05-06 05:10:03",0.176861874467305
2021-05-06,"2021-05-06 05:20:03",0.176861874467305
2021-05-06,"2021-05-06 05:30:03",0.176861874467305
2021-05-06,"2021-05-06 05:40:03",0.176861874467305
2021-05-06,"2021-05-06 05:50:03",0.176861874467305
2021-05-06,"2021-05-06 06:00:03",0.176861874467305
2021-05-06,"2021-05-06 06:10:03",0.176861874467305
2021-05-06,"2021-05-06 06:20:03",0.176861874467305
2021-05-06,"2021-05-06 06:30:03",0.176861874467305
2021-05-06,"2021-05-06 06:40:03",0.176861874467305
2021-05-06,"2021-05-06 06:50:03",0.176861874467305
2021-05-06,"2021-05-06 07:00:04",0.176861874467305
2021-05-06,"2021-05-06 07:10:03",0.176861874467305
2021-05-06,"2021-05-06 07:20:03",0.176861874467305
2021-05-06,"2021-05-06 07:30:03",0.176861874467305
2021-05-06,"2021-05-06 07:40:03",0.176861874467305
2021-05-06,"2021-05-06 07:50:03",0.176861874467305
2021-05-06,"2021-05-06 08:00:04",0.176861874467305
2021-05-06,"2021-05-06 08:10:02",0.176861874467305
2021-05-06,"2021-05-06 08:20:03",0.176861874467305
2021-05-06,"2021-05-06 08:30:03",0.176861874467305
2021-05-06,"2021-05-06 08:40:03",0.176861874467305
2021-05-06,"2021-05-06 08:50:02",0.176861874467305
2021-05-06,"2021-05-06 09:00:03",0.176861874467305
2021-05-06,"2021-05-06 09:10:03",0.176861874467305
2021-05-06,"2021-05-06 09:20:02",0.176861874467305
2021-05-06,"2021-05-06 09:30:03",0.176861874467305
2021-05-06,"2021-05-06 09:40:03",0.176861874467305
2021-05-06,"2021-05-06 09:50:03",0.176861874467305
2021-05-06,"2021-05-06 10:00:03",0.176861874472142
2021-05-06,"2021-05-06 10:10:03",0.176861874472142
2021-05-06,"2021-05-06 10:20:03",0.176861874472142
2021-05-06,"2021-05-06 10:30:03",0.176861874472142
2021-05-06,"2021-05-06 10:40:03",0.176861874472142
2021-05-06,"2021-05-06 10:50:03",0.176861874472142
2021-05-06,"2021-05-06 11:00:04",0.176861874472142
2021-05-06,"2021-05-06 11:10:03",0.176861874472142
2021-05-06,"2021-05-06 11:20:03",0.176861874472142
2021-05-06,"2021-05-06 11:30:03",0.176861874472142
2021-05-06,"2021-05-06 11:40:03",0.176861874472142
2021-05-06,"2021-05-06 11:50:03",0.176861874472142
2021-05-06,"2021-05-06 12:00:03",0.176861874472142
2021-05-06,"2021-05-06 12:10:03",0.176617108115618
2021-05-06,"2021-05-06 12:20:03",0.176617108115618
2021-05-06,"2021-05-06 12:30:03",0.176617108115618
2021-05-06,"2021-05-06 12:40:03",0.176617108115618
2021-05-06,"2021-05-06 12:50:03",0.176617108115618
2021-05-06,"2021-05-06 13:00:04",0.176617108115618
2021-05-06,"2021-05-06 13:10:03",0.176617108115618
2021-05-06,"2021-05-06 13:20:03",0.176617108115618
2021-05-06,"2021-05-06 13:30:03",0.176617108115618
2021-05-06,"2021-05-06 13:40:03",0.176617108115618
2021-05-06,"2021-05-06 13:50:03",0.176617108115618
2021-05-06,"2021-05-06 14:00:04",0.176617108115618
2021-05-06,"2021-05-06 14:10:02",0.176617108115618
2021-05-06,"2021-05-06 14:20:03",0.176617108115618
2021-05-06,"2021-05-06 14:30:03",0.176617108115618
2021-05-06,"2021-05-06 14:40:03",0.176617108115618
2021-05-06,"2021-05-06 14:50:03",0.176617108115618
2021-05-06,"2021-05-06 15:00:03",0.176617108115618
2021-05-06,"2021-05-06 15:10:03",0.176617108115618
2021-05-06,"2021-05-06 15:20:02",0.176617108115618
2021-05-06,"2021-05-06 15:30:03",0.176617108115618
2021-05-06,"2021-05-06 15:40:03",0.176617108115618
2021-05-06,"2021-05-06 15:50:03",0.176617108115618
2021-05-06,"2021-05-06 16:00:05",0.176617108115618
2021-05-06,"2021-05-06 16:10:03",0.176617108115618
2021-05-06,"2021-05-06 16:20:03",0.176617108115618
2021-05-06,"2021-05-06 16:30:03",0.176617108115618
2021-05-06,"2021-05-06 16:40:04",0.176617108115618
2021-05-06,"2021-05-06 16:50:03",0.176617108115618
2021-05-06,"2021-05-06 17:00:03",0.176617108115618
2021-05-06,"2021-05-06 17:10:03",0.176617108115618
2021-05-06,"2021-05-06 17:20:03",0.176617108115618
2021-05-06,"2021-05-06 17:30:03",0.176617108115618
2021-05-06,"2021-05-06 17:40:03",0.176617108115618
2021-05-06,"2021-05-06 17:50:03",0.176617108115618
2021-05-06,"2021-05-06 18:00:04",0.176617108115618
2021-05-06,"2021-05-06 18:10:03",0.177404490135211
2021-05-06,"2021-05-06 18:20:03",0.177404490135211
2021-05-06,"2021-05-06 18:30:03",0.177404490135211
2021-05-06,"2021-05-06 18:40:03",0.177404490135211
2021-05-06,"2021-05-06 18:50:03",0.177404490135211
2021-05-06,"2021-05-06 19:00:03",0.177404490135211
2021-05-06,"2021-05-06 19:10:03",0.177404490135211
2021-05-06,"2021-05-06 19:20:03",0.177404490135211
2021-05-06,"2021-05-06 19:30:03",0.177404490135211
2021-05-06,"2021-05-06 19:40:03",0.177404490135211
2021-05-06,"2021-05-06 19:50:03",0.177404490135211
2021-05-06,"2021-05-06 20:00:04",0.177404490135211
2021-05-06,"2021-05-06 20:10:03",0.177404490135211
2021-05-06,"2021-05-06 20:20:03",0.177404490135211
2021-05-06,"2021-05-06 20:30:03",0.177404490135211
2021-05-06,"2021-05-06 20:40:03",0.177404490135211
2021-05-06,"2021-05-06 20:50:03",0.177404490135211
2021-05-06,"2021-05-06 21:00:04",0.177404490135211
2021-05-06,"2021-05-06 21:10:03",0.177404490135211
2021-05-06,"2021-05-06 21:20:03",0.177404490135211
2021-05-06,"2021-05-06 21:30:03",0.177404490135211
2021-05-06,"2021-05-06 21:40:03",0.177404490135211
2021-05-06,"2021-05-06 21:50:03",0.177404490135211
2021-05-06,"2021-05-06 22:00:03",0.177404490135211
2021-05-06,"2021-05-06 22:10:03",0.177404490135211
2021-05-06,"2021-05-06 22:20:03",0.177404490135211
2021-05-06,"2021-05-06 22:30:03",0.177404490135211
2021-05-06,"2021-05-06 22:40:03",0.177404490135211
2021-05-06,"2021-05-06 22:50:03",0.177404490135211
