"date_utc","date_time_utc","kusd_price"
2021-05-01,"2021-05-01 18:14:28",0.168888128761576
2021-05-01,"2021-05-01 18:20:03",0.168888128766273
2021-05-01,"2021-05-01 18:30:03",0.167100525614887
2021-05-01,"2021-05-01 18:40:03",0.164381079104523
2021-05-01,"2021-05-01 18:50:03",0.163772260523922
2021-05-01,"2021-05-01 19:00:03",0.163194897866095
2021-05-01,"2021-05-01 19:10:02",0.163206070700245
2021-05-01,"2021-05-01 19:20:03",0.16325014519232
2021-05-01,"2021-05-01 19:30:03",0.165528623275106
2021-05-01,"2021-05-01 19:40:03",0.165988959212591
2021-05-01,"2021-05-01 19:50:02",0.166067335473773
2021-05-01,"2021-05-01 20:00:03",0.165046794490795
2021-05-01,"2021-05-01 20:10:03",0.163495676193408
2021-05-01,"2021-05-01 20:20:03",0.163805079634567
2021-05-01,"2021-05-01 20:30:03",0.163939693954422
2021-05-01,"2021-05-01 20:40:03",0.163939693954422
2021-05-01,"2021-05-01 20:50:03",0.164074363481205
2021-05-01,"2021-05-01 21:00:03",0.163128802740564
2021-05-01,"2021-05-01 21:10:03",0.162248939738285
2021-05-01,"2021-05-01 21:20:03",0.162248939738285
2021-05-01,"2021-05-01 21:30:03",0.169014963266618
2021-05-01,"2021-05-01 21:40:03",0.165586618219555
2021-05-01,"2021-05-01 21:50:03",0.166263823320102
2021-05-01,"2021-05-01 22:00:03",0.166263823320102
2021-05-01,"2021-05-01 22:10:03",0.166263823320102
2021-05-01,"2021-05-01 22:20:02",0.166263823320102
2021-05-01,"2021-05-01 22:30:03",0.166953307054095
2021-05-01,"2021-05-01 22:40:03",0.16688954807798
2021-05-01,"2021-05-01 22:50:02",0.167580985459165
2021-05-01,"2021-05-01 23:00:04",0.166891615988436
2021-05-01,"2021-05-01 23:10:03",0.166891615988436
2021-05-01,"2021-05-01 23:20:02",0.166891615988436
2021-05-01,"2021-05-01 23:30:03",0.166891615988436
2021-05-01,"2021-05-01 23:40:03",0.166891615988436
2021-05-01,"2021-05-01 23:50:03",0.165519849606041
2021-05-02,"2021-05-02 00:00:03",0.165519849606041
2021-05-02,"2021-05-02 00:10:03",0.165519849606041
2021-05-02,"2021-05-02 00:20:03",0.165519849606041
2021-05-02,"2021-05-02 00:30:03",0.165519849606041
2021-05-02,"2021-05-02 00:40:03",0.165519849606041
2021-05-02,"2021-05-02 00:50:03",0.165519849606041
2021-05-02,"2021-05-02 01:00:03",0.165519849606041
2021-05-02,"2021-05-02 01:10:02",0.165519849606041
2021-05-02,"2021-05-02 01:20:02",0.167066602498364
2021-05-02,"2021-05-02 01:30:03",0.167066602498364
2021-05-02,"2021-05-02 01:40:03",0.167066602498364
2021-05-02,"2021-05-02 01:50:03",0.16706660249989
2021-05-02,"2021-05-02 02:00:03",0.16706660249989
2021-05-02,"2021-05-02 02:10:03",0.16706660249989
2021-05-02,"2021-05-02 02:20:03",0.16706660249989
2021-05-02,"2021-05-02 02:30:03",0.16706660249989
2021-05-02,"2021-05-02 02:40:02",0.16706660249989
2021-05-02,"2021-05-02 02:50:03",0.16706660249989
2021-05-02,"2021-05-02 03:00:04",0.16706660249989
2021-05-02,"2021-05-02 03:10:02",0.16706660249989
2021-05-02,"2021-05-02 03:20:03",0.16706660249989
2021-05-02,"2021-05-02 03:30:02",0.16706660249989
2021-05-02,"2021-05-02 03:40:03",0.16706660249989
2021-05-02,"2021-05-02 03:50:03",0.16706660249989
2021-05-02,"2021-05-02 04:00:03",0.16706660249989
2021-05-02,"2021-05-02 04:10:03",0.16706660249989
2021-05-02,"2021-05-02 04:20:03",0.16706660249989
2021-05-02,"2021-05-02 04:30:03",0.16706660249989
2021-05-02,"2021-05-02 04:40:03",0.16706660249989
2021-05-02,"2021-05-02 04:50:03",0.16706660249989
2021-05-02,"2021-05-02 05:00:04",0.166999852562037
2021-05-02,"2021-05-02 05:10:03",0.166999852562037
2021-05-02,"2021-05-02 05:20:03",0.166999852562037
2021-05-02,"2021-05-02 05:30:03",0.166999852562037
2021-05-02,"2021-05-02 05:40:03",0.166999852562037
2021-05-02,"2021-05-02 05:50:03",0.166777641511535
2021-05-02,"2021-05-02 06:00:03",0.16696404023318
2021-05-02,"2021-05-02 06:10:02",0.16696404023318
2021-05-02,"2021-05-02 06:20:03",0.16696404023318
2021-05-02,"2021-05-02 06:30:03",0.16696404023318
2021-05-02,"2021-05-02 06:40:03",0.16696404023318
2021-05-02,"2021-05-02 06:50:03",0.166964048229258
2021-05-02,"2021-05-02 07:00:04",0.166964048229258
2021-05-02,"2021-05-02 07:10:03",0.166870362798737
2021-05-02,"2021-05-02 07:20:02",0.166616739986991
2021-05-02,"2021-05-02 07:30:03",0.166616739986991
2021-05-02,"2021-05-02 07:40:02",0.166616739986991
2021-05-02,"2021-05-02 07:50:03",0.166616739986991
2021-05-02,"2021-05-02 08:00:03",0.166616739986991
2021-05-02,"2021-05-02 08:10:03",0.166616739986991
2021-05-02,"2021-05-02 08:20:03",0.166616739986991
2021-05-02,"2021-05-02 08:30:03",0.16611163816656
2021-05-02,"2021-05-02 08:40:03",0.165329288808481
2021-05-02,"2021-05-02 08:50:02",0.164799055186482
2021-05-02,"2021-05-02 09:00:03",0.164799055186482
2021-05-02,"2021-05-02 09:10:02",0.164799055186482
2021-05-02,"2021-05-02 09:20:05",0.166124825561321
2021-05-02,"2021-05-02 09:30:03",0.166457096068024
2021-05-02,"2021-05-02 09:40:03",0.166603400036306
2021-05-02,"2021-05-02 09:50:03",0.167042664500646
2021-05-02,"2021-05-02 10:00:03",0.167442526346459
2021-05-02,"2021-05-02 10:10:02",0.167802810096248
2021-05-02,"2021-05-02 10:20:03",0.168511158182418
2021-05-02,"2021-05-02 10:30:03",0.16927462907622
2021-05-02,"2021-05-02 10:40:03",0.169499977953631
2021-05-02,"2021-05-02 10:50:03",0.169875895327929
2021-05-02,"2021-05-02 11:00:03",0.168740643793371
2021-05-02,"2021-05-02 11:10:03",0.168740643793371
2021-05-02,"2021-05-02 11:20:03",0.168740643793371
2021-05-02,"2021-05-02 11:30:03",0.168740643793371
2021-05-02,"2021-05-02 11:40:03",0.168740643793371
2021-05-02,"2021-05-02 11:50:03",0.168740643793371
2021-05-02,"2021-05-02 12:00:03",0.169450953527181
2021-05-02,"2021-05-02 12:10:03",0.170208565301735
2021-05-02,"2021-05-02 12:20:03",0.170989320436619
2021-05-02,"2021-05-02 12:30:03",0.171663816944648
2021-05-02,"2021-05-02 12:40:03",0.171256381011176
2021-05-02,"2021-05-02 12:50:03",0.171256381011176
2021-05-02,"2021-05-02 13:00:04",0.170712224237254
2021-05-02,"2021-05-02 13:10:03",0.170712224237254
2021-05-02,"2021-05-02 13:20:03",0.171171051916436
2021-05-02,"2021-05-02 13:30:03",0.171171051916436
2021-05-02,"2021-05-02 13:40:03",0.170621960714338
2021-05-02,"2021-05-02 13:50:02",0.171174345679054
2021-05-02,"2021-05-02 14:00:03",0.170623613874169
2021-05-02,"2021-05-02 14:10:02",0.170623613874169
2021-05-02,"2021-05-02 14:20:03",0.17048588206092
2021-05-02,"2021-05-02 14:30:03",0.17048588206092
2021-05-02,"2021-05-02 14:40:02",0.17048588206092
2021-05-02,"2021-05-02 14:50:03",0.169913791583599
2021-05-02,"2021-05-02 15:00:03",0.170192230679529
2021-05-02,"2021-05-02 15:10:02",0.170288980668713
2021-05-02,"2021-05-02 15:20:03",0.170013283198204
2021-05-02,"2021-05-02 15:30:02",0.170102903351975
2021-05-02,"2021-05-02 15:40:03",0.169959998692306
2021-05-02,"2021-05-02 15:50:03",0.17036193448557
2021-05-02,"2021-05-02 16:00:03",0.169883349657326
2021-05-02,"2021-05-02 16:10:02",0.170056287923084
2021-05-02,"2021-05-02 16:20:03",0.170129905861931
2021-05-02,"2021-05-02 16:30:03",0.170264098406888
2021-05-02,"2021-05-02 16:40:03",0.171096485480803
2021-05-02,"2021-05-02 16:50:03",0.171133426737327
2021-05-02,"2021-05-02 17:00:03",0.171089833178577
2021-05-02,"2021-05-02 17:10:02",0.171175250402714
2021-05-02,"2021-05-02 17:20:03",0.171215499003293
2021-05-02,"2021-05-02 17:30:03",0.169644528020337
2021-05-02,"2021-05-02 17:40:03",0.169502165402879
2021-05-02,"2021-05-02 17:50:02",0.169130053511723
2021-05-02,"2021-05-02 18:00:03",0.168863102177868
2021-05-02,"2021-05-02 18:10:03",0.168863102177868
2021-05-02,"2021-05-02 18:20:02",0.168863102177868
2021-05-02,"2021-05-02 18:30:10",0.169266915774621
2021-05-02,"2021-05-02 18:40:03",0.169266915779226
2021-05-02,"2021-05-02 18:50:04",0.169266915779226
2021-05-02,"2021-05-02 19:00:03",0.169266915779226
2021-05-02,"2021-05-02 19:10:03",0.167919791181087
2021-05-02,"2021-05-02 19:20:03",0.167919791181087
2021-05-02,"2021-05-02 19:30:03",0.167919791181087
2021-05-02,"2021-05-02 19:40:03",0.167919791181087
2021-05-02,"2021-05-02 19:50:03",0.167919791181087
2021-05-02,"2021-05-02 20:00:03",0.167919791181087
2021-05-02,"2021-05-02 20:10:03",0.166578056674473
2021-05-02,"2021-05-02 20:20:03",0.166578056674473
2021-05-02,"2021-05-02 20:30:03",0.166578056674473
2021-05-02,"2021-05-02 20:40:03",0.166578056674473
2021-05-02,"2021-05-02 20:50:03",0.166578056674473
2021-05-02,"2021-05-02 21:00:03",0.166845168867581
2021-05-02,"2021-05-02 21:10:03",0.166845168867581
2021-05-02,"2021-05-02 21:20:03",0.166845168867581
2021-05-02,"2021-05-02 21:30:03",0.166845168867581
2021-05-02,"2021-05-02 21:40:03",0.166845168867581
2021-05-02,"2021-05-02 21:50:02",0.166845168867581
2021-05-02,"2021-05-02 22:00:03",0.164165115951546
2021-05-02,"2021-05-02 22:10:03",0.160933497575742
2021-05-02,"2021-05-02 22:20:03",0.162203221533617
2021-05-02,"2021-05-02 22:30:03",0.16264661599818
2021-05-02,"2021-05-02 22:40:03",0.16200487783484
2021-05-02,"2021-05-02 22:50:02",0.16200487783484
2021-05-02,"2021-05-02 23:00:03",0.16200487783484
2021-05-02,"2021-05-02 23:10:03",0.162663794125885
2021-05-02,"2021-05-02 23:20:03",0.162663794125885
2021-05-02,"2021-05-02 23:30:02",0.162663794125885
2021-05-02,"2021-05-02 23:40:03",0.162663794125885
2021-05-02,"2021-05-02 23:50:03",0.162663794125885
2021-05-03,"2021-05-03 00:00:04",0.162792959891829
2021-05-03,"2021-05-03 00:10:03",0.162792959891829
2021-05-03,"2021-05-03 00:20:02",0.162792959891829
2021-05-03,"2021-05-03 00:30:03",0.162792959891829
2021-05-03,"2021-05-03 00:40:03",0.16280220021495
2021-05-03,"2021-05-03 00:50:03",0.162780716971218
2021-05-03,"2021-05-03 01:00:03",0.162780716971218
2021-05-03,"2021-05-03 01:10:03",0.162780716971218
2021-05-03,"2021-05-03 01:20:03",0.16377533140551
2021-05-03,"2021-05-03 01:30:03",0.16377533140551
2021-05-03,"2021-05-03 01:40:03",0.16377533140551
2021-05-03,"2021-05-03 01:50:02",0.16377533140551
2021-05-03,"2021-05-03 02:00:04",0.16377533140551
2021-05-03,"2021-05-03 02:10:02",0.16377533140551
2021-05-03,"2021-05-03 02:20:03",0.163992982216948
2021-05-03,"2021-05-03 02:30:03",0.163992982216948
2021-05-03,"2021-05-03 02:40:03",0.163992982216948
2021-05-03,"2021-05-03 02:50:03",0.163992982216948
2021-05-03,"2021-05-03 03:00:03",0.163992982216948
2021-05-03,"2021-05-03 03:10:03",0.163992982216948
2021-05-03,"2021-05-03 03:20:03",0.163992982216948
2021-05-03,"2021-05-03 03:30:03",0.156461837534514
2021-05-03,"2021-05-03 03:40:03",0.157083567132136
2021-05-03,"2021-05-03 03:50:03",0.157407534833722
2021-05-03,"2021-05-03 04:00:04",0.160015445404239
2021-05-03,"2021-05-03 04:10:03",0.160015445404239
2021-05-03,"2021-05-03 04:20:03",0.160015445404239
2021-05-03,"2021-05-03 04:30:03",0.160015445404239
2021-05-03,"2021-05-03 04:40:03",0.160015445404239
2021-05-03,"2021-05-03 04:50:03",0.160015445404239
2021-05-03,"2021-05-03 05:00:03",0.160015445404239
2021-05-03,"2021-05-03 05:10:03",0.160015445404239
2021-05-03,"2021-05-03 05:20:03",0.160015445404239
2021-05-03,"2021-05-03 05:30:03",0.160015445404239
2021-05-03,"2021-05-03 05:40:02",0.159971677054628
2021-05-03,"2021-05-03 05:50:02",0.159971677054628
2021-05-03,"2021-05-03 06:00:03",0.16133466342621
2021-05-03,"2021-05-03 06:10:03",0.161334663431453
2021-05-03,"2021-05-03 06:20:03",0.161334663431453
2021-05-03,"2021-05-03 06:30:03",0.161334663431453
2021-05-03,"2021-05-03 06:40:02",0.161334663431453
2021-05-03,"2021-05-03 06:50:02",0.162566320469311
2021-05-03,"2021-05-03 07:00:03",0.162566320469311
2021-05-03,"2021-05-03 07:10:03",0.162566320469311
2021-05-03,"2021-05-03 07:20:03",0.162566320469311
2021-05-03,"2021-05-03 07:30:03",0.163881729705105
2021-05-03,"2021-05-03 07:40:03",0.163881729705105
2021-05-03,"2021-05-03 07:50:03",0.163881729705105
2021-05-03,"2021-05-03 08:00:03",0.163881729705105
2021-05-03,"2021-05-03 08:10:03",0.163881729705105
2021-05-03,"2021-05-03 08:20:03",0.163881729705105
2021-05-03,"2021-05-03 08:30:03",0.163881729705105
2021-05-03,"2021-05-03 08:40:03",0.163881729705105
2021-05-03,"2021-05-03 08:50:03",0.163881729705105
2021-05-03,"2021-05-03 09:00:03",0.163881729705105
2021-05-03,"2021-05-03 09:10:03",0.163881729705105
2021-05-03,"2021-05-03 09:20:03",0.163683439885189
2021-05-03,"2021-05-03 09:30:03",0.163683439885189
2021-05-03,"2021-05-03 09:40:02",0.163683439885189
2021-05-03,"2021-05-03 09:50:03",0.163683439885189
2021-05-03,"2021-05-03 10:00:04",0.163683439885189
2021-05-03,"2021-05-03 10:10:03",0.162824386367781
2021-05-03,"2021-05-03 10:20:03",0.162824386367781
2021-05-03,"2021-05-03 10:30:03",0.162824386367781
2021-05-03,"2021-05-03 10:40:03",0.1628902793354
2021-05-03,"2021-05-03 10:50:03",0.162825450001782
2021-05-03,"2021-05-03 11:00:03",0.162825450001782
2021-05-03,"2021-05-03 11:10:03",0.160474589157384
2021-05-03,"2021-05-03 11:20:03",0.160879031801619
2021-05-03,"2021-05-03 11:30:03",0.158570077000666
2021-05-03,"2021-05-03 11:40:03",0.159870245117339
2021-05-03,"2021-05-03 11:50:03",0.159870245117339
2021-05-03,"2021-05-03 12:00:04",0.159870245117339
2021-05-03,"2021-05-03 12:10:02",0.15993534028393
2021-05-03,"2021-05-03 12:20:02",0.159935340290103
2021-05-03,"2021-05-03 12:30:02",0.160895745260595
2021-05-03,"2021-05-03 12:40:02",0.160895745260595
2021-05-03,"2021-05-03 12:50:02",0.160782073354722
2021-05-03,"2021-05-03 13:00:04",0.160782073354722
2021-05-03,"2021-05-03 13:10:02",0.160782073354722
2021-05-03,"2021-05-03 13:20:03",0.160782073354722
2021-05-03,"2021-05-03 13:30:03",0.160782073354722
2021-05-03,"2021-05-03 13:40:03",0.162747206922354
2021-05-03,"2021-05-03 13:50:02",0.162747206922354
2021-05-03,"2021-05-03 14:00:03",0.162747206922354
2021-05-03,"2021-05-03 14:10:03",0.162747206922354
2021-05-03,"2021-05-03 14:20:03",0.162747206922354
2021-05-03,"2021-05-03 14:30:02",0.162747206922354
2021-05-03,"2021-05-03 14:40:03",0.162812916350686
2021-05-03,"2021-05-03 14:50:03",0.163036497355147
2021-05-03,"2021-05-03 15:00:04",0.162991427391351
2021-05-03,"2021-05-03 15:10:02",0.162817577762489
2021-05-03,"2021-05-03 15:20:02",0.163108921105072
2021-05-03,"2021-05-03 15:30:02",0.163433054618445
2021-05-03,"2021-05-03 15:40:03",0.163090160917296
2021-05-03,"2021-05-03 15:50:03",0.164408144702966
2021-05-03,"2021-05-03 16:00:04",0.164376372726688
2021-05-03,"2021-05-03 16:10:03",0.163675694606938
2021-05-03,"2021-05-03 16:20:03",0.163552074712351
2021-05-03,"2021-05-03 16:30:02",0.163218367543226
2021-05-03,"2021-05-03 16:40:03",0.163561921572441
2021-05-03,"2021-05-03 16:50:02",0.163561921572441
2021-05-03,"2021-05-03 17:00:03",0.16306190366549
2021-05-03,"2021-05-03 17:10:02",0.163009472214752
2021-05-03,"2021-05-03 17:20:02",0.163011109430577
2021-05-03,"2021-05-03 17:30:03",0.163010281211203
2021-05-03,"2021-05-03 17:40:03",0.163034220518054
2021-05-03,"2021-05-03 17:50:02",0.161967237176565
2021-05-03,"2021-05-03 18:00:03",0.161748127905827
2021-05-03,"2021-05-03 18:10:02",0.160748804054335
2021-05-03,"2021-05-03 18:20:03",0.158322900409309
2021-05-03,"2021-05-03 18:30:03",0.157885216933675
2021-05-03,"2021-05-03 18:40:03",0.156450280556897
2021-05-03,"2021-05-03 18:50:03",0.15834210279806
2021-05-03,"2021-05-03 19:00:03",0.160402091191771
2021-05-03,"2021-05-03 19:10:03",0.160969222078719
2021-05-03,"2021-05-03 19:20:03",0.163290749627005
2021-05-03,"2021-05-03 19:30:03",0.163421093862864
2021-05-03,"2021-05-03 19:40:03",0.162307294209904
2021-05-03,"2021-05-03 19:50:03",0.162307294209904
2021-05-03,"2021-05-03 20:00:03",0.183574772243889
2021-05-03,"2021-05-03 20:10:03",0.162024688538182
2021-05-03,"2021-05-03 20:20:03",0.157868924435137
2021-05-03,"2021-05-03 20:30:03",0.157856148343846
2021-05-03,"2021-05-03 20:40:02",0.158033345235287
2021-05-03,"2021-05-03 20:50:03",0.157775776560253
2021-05-03,"2021-05-03 21:00:03",0.15756012075046
2021-05-03,"2021-05-03 21:10:03",0.15756012075046
2021-05-03,"2021-05-03 21:20:03",0.15756012075046
2021-05-03,"2021-05-03 21:30:03",0.15756012075046
2021-05-03,"2021-05-03 21:40:03",0.15756012075046
2021-05-03,"2021-05-03 21:50:03",0.15756012075046
2021-05-03,"2021-05-03 22:00:04",0.157893216770584
2021-05-03,"2021-05-03 22:10:03",0.157895208140146
2021-05-03,"2021-05-03 22:20:03",0.157895208140146
2021-05-03,"2021-05-03 22:30:03",0.157895208140146
2021-05-03,"2021-05-03 22:40:03",0.157895208140146
2021-05-03,"2021-05-03 22:50:02",0.157895208140146
2021-05-03,"2021-05-03 23:00:03",0.156894282874281
2021-05-03,"2021-05-03 23:10:03",0.157989304603023
2021-05-03,"2021-05-03 23:20:03",0.157989304603023
2021-05-03,"2021-05-03 23:30:02",0.157989304603023
2021-05-03,"2021-05-03 23:40:03",0.157989304603023
2021-05-03,"2021-05-03 23:50:02",0.157989304603023
2021-05-04,"2021-05-04 00:00:03",0.157989304603023
2021-05-04,"2021-05-04 00:10:02",0.157989304603023
2021-05-04,"2021-05-04 00:20:02",0.159280774841192
2021-05-04,"2021-05-04 00:30:03",0.159493952191246
2021-05-04,"2021-05-04 00:40:03",0.160544751111755
2021-05-04,"2021-05-04 00:50:03",0.161195004617349
2021-05-04,"2021-05-04 01:00:03",0.161846570343667
2021-05-04,"2021-05-04 01:10:02",0.163153640401919
2021-05-04,"2021-05-04 01:20:03",0.157334013678566
2021-05-04,"2021-05-04 01:30:03",0.159969283632536
2021-05-04,"2021-05-04 01:40:03",0.16104474258903
2021-05-04,"2021-05-04 01:50:03",0.160452579423774
2021-05-04,"2021-05-04 02:00:04",0.160452579423774
2021-05-04,"2021-05-04 02:10:02",0.160452579423774
2021-05-04,"2021-05-04 02:20:02",0.161383988744296
2021-05-04,"2021-05-04 02:30:03",0.162677386699628
2021-05-04,"2021-05-04 02:40:03",0.162677386699628
2021-05-04,"2021-05-04 02:50:03",0.16314596231261
2021-05-04,"2021-05-04 03:00:03",0.16314596231261
2021-05-04,"2021-05-04 03:10:03",0.16314596231261
2021-05-04,"2021-05-04 03:20:03",0.16314596231261
2021-05-04,"2021-05-04 03:30:02",0.16314596231261
2021-05-04,"2021-05-04 03:40:03",0.16314596231261
2021-05-04,"2021-05-04 03:50:03",0.16314596231261
2021-05-04,"2021-05-04 04:00:03",0.16314596231261
2021-05-04,"2021-05-04 04:10:03",0.16314596231261
2021-05-04,"2021-05-04 04:20:03",0.16314596231261
2021-05-04,"2021-05-04 04:30:03",0.16314596231261
2021-05-04,"2021-05-04 04:40:03",0.16314596231261
2021-05-04,"2021-05-04 04:50:03",0.16314596231261
2021-05-04,"2021-05-04 05:00:03",0.16314596231261
2021-05-04,"2021-05-04 05:10:03",0.16314596231261
2021-05-04,"2021-05-04 05:20:03",0.16314596231261
2021-05-04,"2021-05-04 05:30:03",0.163168707324041
2021-05-04,"2021-05-04 05:40:02",0.163147046944343
2021-05-04,"2021-05-04 05:50:02",0.162078098028698
2021-05-04,"2021-05-04 06:00:03",0.162078098028698
2021-05-04,"2021-05-04 06:10:03",0.162132381315513
2021-05-04,"2021-05-04 06:20:03",0.162132429323731
2021-05-04,"2021-05-04 06:30:03",0.162133496657192
2021-05-04,"2021-05-04 06:40:03",0.162133496657192
2021-05-04,"2021-05-04 06:50:03",0.164089530668323
2021-05-04,"2021-05-04 07:00:04",0.166367012627794
2021-05-04,"2021-05-04 07:10:03",0.165806932846366
2021-05-04,"2021-05-04 07:20:02",0.165806932846366
2021-05-04,"2021-05-04 07:30:03",0.166143599098897
2021-05-04,"2021-05-04 07:40:03",0.166754387854117
2021-05-04,"2021-05-04 07:50:03",0.17194871357362
2021-05-04,"2021-05-04 08:00:10",0.169856808159077
2021-05-04,"2021-05-04 08:10:03",0.169856808159077
2021-05-04,"2021-05-04 08:20:02",0.168941555131392
2021-05-04,"2021-05-04 08:30:03",0.168941555131392
2021-05-04,"2021-05-04 08:40:02",0.168941555131392
2021-05-04,"2021-05-04 08:50:03",0.168941555131392
2021-05-04,"2021-05-04 09:00:03",0.168941555131392
2021-05-04,"2021-05-04 09:10:03",0.169268514345737
2021-05-04,"2021-05-04 09:20:03",0.169155161580742
2021-05-04,"2021-05-04 09:30:03",0.16957057716906
2021-05-04,"2021-05-04 09:40:02",0.165969862715167
2021-05-04,"2021-05-04 09:50:02",0.159668690588379
2021-05-04,"2021-05-04 10:00:03",0.161009373218111
2021-05-04,"2021-05-04 10:10:02",0.160790895018095
2021-05-04,"2021-05-04 10:20:03",0.160790895018095
2021-05-04,"2021-05-04 10:30:03",0.162108527484881
2021-05-04,"2021-05-04 10:40:03",0.162108527484881
2021-05-04,"2021-05-04 10:50:03",0.162108527484881
2021-05-04,"2021-05-04 11:00:03",0.162108527484881
2021-05-04,"2021-05-04 11:10:03",0.162108527484881
2021-05-04,"2021-05-04 11:20:02",0.162108527484881
2021-05-04,"2021-05-04 11:30:03",0.162174589454695
2021-05-04,"2021-05-04 11:40:02",0.162109473541557
2021-05-04,"2021-05-04 11:50:03",0.155162079166281
2021-05-04,"2021-05-04 12:00:04",0.156289957277333
2021-05-04,"2021-05-04 12:10:03",0.15691482211752
2021-05-04,"2021-05-04 12:20:03",0.157565646614761
2021-05-04,"2021-05-04 12:30:03",0.157306246823622
2021-05-04,"2021-05-04 12:40:03",0.157832703904431
2021-05-04,"2021-05-04 12:50:03",0.157832703904431
2021-05-04,"2021-05-04 13:00:03",0.157832703904431
2021-05-04,"2021-05-04 13:10:03",0.157832703904431
2021-05-04,"2021-05-04 13:20:03",0.15809392087702
2021-05-04,"2021-05-04 13:30:02",0.15783426492652
2021-05-04,"2021-05-04 13:40:03",0.159138593321088
2021-05-04,"2021-05-04 13:50:03",0.159177805855545
2021-05-04,"2021-05-04 14:00:03",0.159635642262736
2021-05-04,"2021-05-04 14:10:03",0.159635642262736
2021-05-04,"2021-05-04 14:20:02",0.159419071548144
2021-05-04,"2021-05-04 14:30:03",0.164028835881824
2021-05-04,"2021-05-04 14:40:03",0.163756937205725
2021-05-04,"2021-05-04 14:50:03",0.163757012744393
2021-05-04,"2021-05-04 15:00:03",0.163757846934702
2021-05-04,"2021-05-04 15:10:03",0.163690592545982
2021-05-04,"2021-05-04 15:20:03",0.165077054462933
2021-05-04,"2021-05-04 15:30:03",0.165744136581763
2021-05-04,"2021-05-04 15:40:03",0.165744935883638
2021-05-04,"2021-05-04 15:50:03",0.165744935883638
2021-05-04,"2021-05-04 16:00:03",0.167073644231196
2021-05-04,"2021-05-04 16:10:02",0.167128253103636
2021-05-04,"2021-05-04 16:20:03",0.167128253105171
2021-05-04,"2021-05-04 16:30:03",0.164346847278148
2021-05-04,"2021-05-04 16:40:03",0.164347006496442
2021-05-04,"2021-05-04 16:50:02",0.164347722556814
2021-05-04,"2021-05-04 17:00:03",0.164347722556814
2021-05-04,"2021-05-04 17:10:02",0.16768192689061
2021-05-04,"2021-05-04 17:20:02",0.166711398255674
2021-05-04,"2021-05-04 17:30:03",0.166711398255674
2021-05-04,"2021-05-04 17:40:03",0.166711398255674
2021-05-04,"2021-05-04 17:50:02",0.166711398255674
2021-05-04,"2021-05-04 18:00:03",0.166738128681307
2021-05-04,"2021-05-04 18:10:03",0.166712379873503
2021-05-04,"2021-05-04 18:20:03",0.16684112361862
2021-05-04,"2021-05-04 18:30:03",0.166574850622882
2021-05-04,"2021-05-04 18:40:03",0.164550872480761
2021-05-04,"2021-05-04 18:50:03",0.164643907085773
2021-05-04,"2021-05-04 19:00:03",0.164630892972438
2021-05-04,"2021-05-04 19:10:02",0.164566933678056
2021-05-04,"2021-05-04 19:20:03",0.16456558386768
2021-05-04,"2021-05-04 19:30:03",0.16456558386768
2021-05-04,"2021-05-04 19:40:03",0.16456558386768
2021-05-04,"2021-05-04 19:50:03",0.16456558386768
2021-05-04,"2021-05-04 20:00:03",0.164566380209102
2021-05-04,"2021-05-04 20:10:03",0.163966282528695
2021-05-04,"2021-05-04 20:20:03",0.164242647142942
2021-05-04,"2021-05-04 20:30:03",0.163885661862401
2021-05-04,"2021-05-04 20:40:03",0.163885661862401
2021-05-04,"2021-05-04 20:50:02",0.163885661862401
2021-05-04,"2021-05-04 21:00:03",0.164723378768016
2021-05-04,"2021-05-04 21:10:03",0.164823874689349
2021-05-04,"2021-05-04 21:20:03",0.165169680085213
2021-05-04,"2021-05-04 21:30:03",0.165369347767054
2021-05-04,"2021-05-04 21:40:03",0.165821485110109
2021-05-04,"2021-05-04 21:50:03",0.166328537909711
2021-05-04,"2021-05-04 22:00:03",0.165627182354868
2021-05-04,"2021-05-04 22:10:03",0.166187321352783
2021-05-04,"2021-05-04 22:20:03",0.166794699142193
2021-05-04,"2021-05-04 22:30:03",0.166805757559874
2021-05-04,"2021-05-04 22:40:03",0.166805757559874
2021-05-04,"2021-05-04 22:50:03",0.166805757559874
2021-05-04,"2021-05-04 23:00:03",0.166805757559874
2021-05-04,"2021-05-04 23:10:03",0.166805757559874
2021-05-04,"2021-05-04 23:20:02",0.166805757559874
2021-05-04,"2021-05-04 23:30:03",0.166805757559874
2021-05-04,"2021-05-04 23:40:03",0.166805757559874
2021-05-04,"2021-05-04 23:50:03",0.166805757559874
2021-05-05,"2021-05-05 00:00:03",0.166806112494469
2021-05-05,"2021-05-05 00:10:03",0.166806112494469
2021-05-05,"2021-05-05 00:20:02",0.166806112494469
2021-05-05,"2021-05-05 00:30:02",0.166693621228644
2021-05-05,"2021-05-05 00:40:04",0.164245209160174
2021-05-05,"2021-05-05 00:50:03",0.164245209160174
2021-05-05,"2021-05-05 01:00:03",0.164245209160174
2021-05-05,"2021-05-05 01:10:02",0.164245209160174
2021-05-05,"2021-05-05 01:20:02",0.164245209160174
2021-05-05,"2021-05-05 01:30:03",0.164246004804015
2021-05-05,"2021-05-05 01:40:03",0.164246004804015
2021-05-05,"2021-05-05 01:50:03",0.164246004804015
2021-05-05,"2021-05-05 02:00:03",0.16423277658234
2021-05-05,"2021-05-05 02:10:03",0.16423277658234
2021-05-05,"2021-05-05 02:20:03",0.16423277658234
2021-05-05,"2021-05-05 02:30:03",0.16423277658234
2021-05-05,"2021-05-05 02:40:03",0.16423277658234
2021-05-05,"2021-05-05 02:50:03",0.16423277658234
2021-05-05,"2021-05-05 03:00:03",0.161838217798202
2021-05-05,"2021-05-05 03:10:03",0.161627388820205
2021-05-05,"2021-05-05 03:20:02",0.161627388820205
2021-05-05,"2021-05-05 03:30:03",0.162946369504453
2021-05-05,"2021-05-05 03:40:02",0.163013172012598
2021-05-05,"2021-05-05 03:50:02",0.163092496874485
2021-05-05,"2021-05-05 04:00:03",0.16294751868705
2021-05-05,"2021-05-05 04:10:02",0.16294751868705
2021-05-05,"2021-05-05 04:20:03",0.16294751868705
2021-05-05,"2021-05-05 04:30:03",0.16294751868705
2021-05-05,"2021-05-05 04:40:03",0.16294751868705
2021-05-05,"2021-05-05 04:50:03",0.16294751868705
2021-05-05,"2021-05-05 05:00:03",0.16294751868705
2021-05-05,"2021-05-05 05:10:03",0.16294751868705
2021-05-05,"2021-05-05 05:20:03",0.16294751868705
2021-05-05,"2021-05-05 05:30:03",0.160580962779096
2021-05-05,"2021-05-05 05:40:03",0.160580962779096
2021-05-05,"2021-05-05 05:50:03",0.160580962779096
2021-05-05,"2021-05-05 06:00:03",0.160580962779096
2021-05-05,"2021-05-05 06:10:03",0.160580962779096
2021-05-05,"2021-05-05 06:20:03",0.159591923749776
2021-05-05,"2021-05-05 06:30:02",0.159591923749776
2021-05-05,"2021-05-05 06:40:03",0.160243630177629
2021-05-05,"2021-05-05 06:50:03",0.160243630177629
2021-05-05,"2021-05-05 07:00:03",0.160243630177629
2021-05-05,"2021-05-05 07:10:03",0.160481815886509
2021-05-05,"2021-05-05 07:20:03",0.157038404927144
2021-05-05,"2021-05-05 07:30:03",0.15462132138733
2021-05-05,"2021-05-05 07:40:03",0.155905579895598
2021-05-05,"2021-05-05 07:50:10",0.155905579895598
2021-05-05,"2021-05-05 08:00:03",0.155905579895598
2021-05-05,"2021-05-05 08:10:02",0.155909050269906
2021-05-05,"2021-05-05 08:20:03",0.155910207061342
2021-05-05,"2021-05-05 08:30:03",0.154115768348394
2021-05-05,"2021-05-05 08:40:03",0.153925633721945
2021-05-05,"2021-05-05 08:50:02",0.152338832989195
2021-05-05,"2021-05-05 09:00:03",0.152251388048837
2021-05-05,"2021-05-05 09:10:03",0.152557886503168
2021-05-05,"2021-05-05 09:20:03",0.152443686228552
2021-05-05,"2021-05-05 09:30:03",0.151156333055149
2021-05-05,"2021-05-05 09:40:03",0.152534346144729
2021-05-05,"2021-05-05 09:50:03",0.153072354093759
2021-05-05,"2021-05-05 10:00:03",0.153341967652359
2021-05-05,"2021-05-05 10:10:02",0.153073659351572
2021-05-05,"2021-05-05 10:20:03",0.153172005589367
2021-05-05,"2021-05-05 10:30:03",0.153172005589367
2021-05-05,"2021-05-05 10:40:03",0.153172005589367
2021-05-05,"2021-05-05 10:50:03",0.153172005593456
2021-05-05,"2021-05-05 11:00:04",0.153699572848533
2021-05-05,"2021-05-05 11:10:03",0.153699572848533
2021-05-05,"2021-05-05 11:20:02",0.153699572848533
2021-05-05,"2021-05-05 11:30:03",0.153699572848533
2021-05-05,"2021-05-05 11:40:03",0.15258961195976
2021-05-05,"2021-05-05 11:50:03",0.15157014409679
2021-05-05,"2021-05-05 12:00:04",0.147491403457512
2021-05-05,"2021-05-05 12:10:03",0.149284358917664
2021-05-05,"2021-05-05 12:20:03",0.149286960714301
2021-05-05,"2021-05-05 12:30:03",0.149286960714301
2021-05-05,"2021-05-05 12:40:03",0.149286960714301
2021-05-05,"2021-05-05 12:50:03",0.149534854769296
2021-05-05,"2021-05-05 13:00:03",0.149534854769296
2021-05-05,"2021-05-05 13:10:03",0.151373640406128
2021-05-05,"2021-05-05 13:20:03",0.150088745408288
2021-05-05,"2021-05-05 13:30:03",0.15033653129734
2021-05-05,"2021-05-05 13:40:03",0.150374534313284
2021-05-05,"2021-05-05 13:50:03",0.150659775541883
2021-05-05,"2021-05-05 14:00:03",0.150611172102144
2021-05-05,"2021-05-05 14:10:03",0.1506111721038
2021-05-05,"2021-05-05 14:20:03",0.150407653960934
2021-05-05,"2021-05-05 14:30:03",0.150280158222414
2021-05-05,"2021-05-05 14:40:02",0.152143646980329
2021-05-05,"2021-05-05 14:50:03",0.151729832524175
2021-05-05,"2021-05-05 15:00:04",0.151729832524175
2021-05-05,"2021-05-05 15:10:03",0.151296478844661
2021-05-05,"2021-05-05 15:20:03",0.150738184887693
2021-05-05,"2021-05-05 15:30:03",0.151291894849011
2021-05-05,"2021-05-05 15:40:03",0.151288083861057
2021-05-05,"2021-05-05 15:50:03",0.150741481740789
2021-05-05,"2021-05-05 16:00:03",0.151284455426801
2021-05-05,"2021-05-05 16:10:03",0.151280842711131
2021-05-05,"2021-05-05 16:20:03",0.150745390684654
2021-05-05,"2021-05-05 16:30:02",0.149450410165217
2021-05-05,"2021-05-05 16:40:03",0.152769214653165
2021-05-05,"2021-05-05 16:50:03",0.150121573295384
2021-05-05,"2021-05-05 17:00:03",0.150723373920123
2021-05-05,"2021-05-05 17:10:02",0.14817873740871
2021-05-05,"2021-05-05 17:20:02",0.148781716964753
2021-05-05,"2021-05-05 17:30:03",0.148781716964753
2021-05-05,"2021-05-05 17:40:03",0.146109519806104
2021-05-05,"2021-05-05 17:50:02",0.147332744534957
2021-05-05,"2021-05-05 18:00:04",0.147146891569656
2021-05-05,"2021-05-05 18:10:03",0.147146891569656
2021-05-05,"2021-05-05 18:20:03",0.147146891569656
2021-05-05,"2021-05-05 18:30:03",0.147146891569656
2021-05-05,"2021-05-05 18:40:03",0.147146891569656
2021-05-05,"2021-05-05 18:50:03",0.147146891569656
2021-05-05,"2021-05-05 19:00:03",0.14806614774069
2021-05-05,"2021-05-05 19:10:03",0.147204656713645
2021-05-05,"2021-05-05 19:20:03",0.147204656713645
2021-05-05,"2021-05-05 19:30:03",0.147204656713645
2021-05-05,"2021-05-05 19:40:03",0.147204656713645
2021-05-05,"2021-05-05 19:50:03",0.146915098787112
2021-05-05,"2021-05-05 20:00:04",0.146792355187346
2021-05-05,"2021-05-05 20:10:03",0.146792355187346
2021-05-05,"2021-05-05 20:20:03",0.148152783728539
2021-05-05,"2021-05-05 20:30:03",0.148152783728539
2021-05-05,"2021-05-05 20:40:02",0.148152783728539
2021-05-05,"2021-05-05 20:50:03",0.148152783728539
2021-05-05,"2021-05-05 21:00:03",0.148152783728539
2021-05-05,"2021-05-05 21:10:03",0.147224392277049
2021-05-05,"2021-05-05 21:20:03",0.147285662795501
2021-05-05,"2021-05-05 21:30:02",0.147225637879605
2021-05-05,"2021-05-05 21:40:02",0.147225637879605
2021-05-05,"2021-05-05 21:50:02",0.147225637879605
2021-05-05,"2021-05-05 22:00:04",0.147225637879605
2021-05-05,"2021-05-05 22:10:03",0.147207600218797
2021-05-05,"2021-05-05 22:20:02",0.147207600218797
2021-05-05,"2021-05-05 22:30:03",0.146593795510717
2021-05-05,"2021-05-05 22:40:03",0.146593795510717
2021-05-05,"2021-05-05 22:50:03",0.146593795510717
2021-05-05,"2021-05-05 23:00:03",0.146593795510717
2021-05-05,"2021-05-05 23:10:02",0.146593795510717
2021-05-05,"2021-05-05 23:20:03",0.146593795510717
2021-05-05,"2021-05-05 23:30:03",0.146593795510717
2021-05-05,"2021-05-05 23:40:03",0.146593795510717
2021-05-05,"2021-05-05 23:50:03",0.146593795510717
2021-05-06,"2021-05-06 00:00:03",0.146593795510717
2021-05-06,"2021-05-06 00:10:03",0.146593795510717
2021-05-06,"2021-05-06 00:20:02",0.145302970300708
2021-05-06,"2021-05-06 00:30:03",0.145302970300708
2021-05-06,"2021-05-06 00:40:03",0.143838021464941
2021-05-06,"2021-05-06 00:50:03",0.144080339671771
2021-05-06,"2021-05-06 01:00:04",0.1430443633484
2021-05-06,"2021-05-06 01:10:03",0.1430443633484
2021-05-06,"2021-05-06 01:20:02",0.142671347169504
2021-05-06,"2021-05-06 01:30:03",0.143880045585477
2021-05-06,"2021-05-06 01:40:03",0.143880045585477
2021-05-06,"2021-05-06 01:50:03",0.143880045585477
2021-05-06,"2021-05-06 02:00:03",0.144073909239582
2021-05-06,"2021-05-06 02:10:03",0.144487247894126
2021-05-06,"2021-05-06 02:20:03",0.144487247894126
2021-05-06,"2021-05-06 02:30:03",0.144487247894126
2021-05-06,"2021-05-06 02:40:03",0.144487247894126
2021-05-06,"2021-05-06 02:50:03",0.144553095432246
2021-05-06,"2021-05-06 03:00:04",0.1444882305132
2021-05-06,"2021-05-06 03:10:03",0.1444882305132
2021-05-06,"2021-05-06 03:20:03",0.1444882305132
2021-05-06,"2021-05-06 03:30:03",0.144488230517078
2021-05-06,"2021-05-06 03:40:02",0.144488230517078
2021-05-06,"2021-05-06 03:50:03",0.143572274212032
2021-05-06,"2021-05-06 04:00:03",0.143572274212032
2021-05-06,"2021-05-06 04:10:03",0.143170700002796
2021-05-06,"2021-05-06 04:20:03",0.143170700002796
2021-05-06,"2021-05-06 04:30:03",0.143170700002796
2021-05-06,"2021-05-06 04:40:03",0.143170700002796
2021-05-06,"2021-05-06 04:50:02",0.143170700002796
2021-05-06,"2021-05-06 05:00:03",0.143170700002796
2021-05-06,"2021-05-06 05:10:03",0.143170700002796
2021-05-06,"2021-05-06 05:20:03",0.143170700002796
2021-05-06,"2021-05-06 05:30:03",0.143170700002796
2021-05-06,"2021-05-06 05:40:03",0.143170700002796
2021-05-06,"2021-05-06 05:50:02",0.143170700002796
2021-05-06,"2021-05-06 06:00:03",0.143170700002796
2021-05-06,"2021-05-06 06:10:03",0.143170700002796
2021-05-06,"2021-05-06 06:20:03",0.143170700002796
2021-05-06,"2021-05-06 06:30:03",0.143170700002796
2021-05-06,"2021-05-06 06:40:03",0.143170700002796
2021-05-06,"2021-05-06 06:50:02",0.143170700002796
2021-05-06,"2021-05-06 07:00:04",0.143170700002796
2021-05-06,"2021-05-06 07:10:03",0.143170700002796
2021-05-06,"2021-05-06 07:20:03",0.143170700002796
2021-05-06,"2021-05-06 07:30:03",0.143170700002796
2021-05-06,"2021-05-06 07:40:03",0.145250213423536
2021-05-06,"2021-05-06 07:50:03",0.145250213423536
2021-05-06,"2021-05-06 08:00:03",0.145250213423536
2021-05-06,"2021-05-06 08:10:02",0.145250213423536
2021-05-06,"2021-05-06 08:20:03",0.145250213423536
2021-05-06,"2021-05-06 08:30:03",0.145250213423536
2021-05-06,"2021-05-06 08:40:03",0.145250213423536
2021-05-06,"2021-05-06 08:50:02",0.145250213423536
2021-05-06,"2021-05-06 09:00:03",0.145250213423536
2021-05-06,"2021-05-06 09:10:03",0.145250213423536
2021-05-06,"2021-05-06 09:20:02",0.145250213423536
2021-05-06,"2021-05-06 09:30:03",0.145250213423536
2021-05-06,"2021-05-06 09:40:03",0.14325955874167
2021-05-06,"2021-05-06 09:50:03",0.14325955874167
2021-05-06,"2021-05-06 10:00:03",0.14325955874167
2021-05-06,"2021-05-06 10:10:02",0.142650472524012
2021-05-06,"2021-05-06 10:20:03",0.142648752696398
2021-05-06,"2021-05-06 10:30:03",0.142648752696398
2021-05-06,"2021-05-06 10:40:03",0.142648752696398
2021-05-06,"2021-05-06 10:50:03",0.142648752696398
2021-05-06,"2021-05-06 11:00:04",0.142648752696398
2021-05-06,"2021-05-06 11:10:03",0.142648752696398
2021-05-06,"2021-05-06 11:20:02",0.141423744698652
2021-05-06,"2021-05-06 11:30:03",0.141471766145988
2021-05-06,"2021-05-06 11:40:02",0.14022204512507
2021-05-06,"2021-05-06 11:50:03",0.139436765119628
2021-05-06,"2021-05-06 12:00:03",0.140272101129751
2021-05-06,"2021-05-06 12:10:03",0.14116000404647
2021-05-06,"2021-05-06 12:20:02",0.141185064337724
2021-05-06,"2021-05-06 12:30:03",0.141185729476849
2021-05-06,"2021-05-06 12:40:02",0.141402361424446
2021-05-06,"2021-05-06 12:50:02",0.138275519970886
2021-05-06,"2021-05-06 13:00:04",0.136235289020219
2021-05-06,"2021-05-06 13:10:03",0.136235289021318
2021-05-06,"2021-05-06 13:20:03",0.136235289021318
2021-05-06,"2021-05-06 13:30:03",0.136235289021318
2021-05-06,"2021-05-06 13:40:03",0.136235289021318
2021-05-06,"2021-05-06 13:50:03",0.136235289021318
2021-05-06,"2021-05-06 14:00:04",0.136235289021318
2021-05-06,"2021-05-06 14:10:02",0.133526568485955
2021-05-06,"2021-05-06 14:20:03",0.133640193483467
2021-05-06,"2021-05-06 14:30:03",0.140498887152707
2021-05-06,"2021-05-06 14:40:03",0.133830235444288
2021-05-06,"2021-05-06 14:50:03",0.134805015479492
2021-05-06,"2021-05-06 15:00:03",0.135828801814132
2021-05-06,"2021-05-06 15:10:02",0.135342378027192
2021-05-06,"2021-05-06 15:20:02",0.133932047488352
2021-05-06,"2021-05-06 15:30:02",0.131746768804676
2021-05-06,"2021-05-06 15:40:03",0.131687271426772
2021-05-06,"2021-05-06 15:50:03",0.131687271426772
2021-05-06,"2021-05-06 16:00:05",0.130773870524692
2021-05-06,"2021-05-06 16:10:02",0.130773870524692
2021-05-06,"2021-05-06 16:20:03",0.129216960366555
2021-05-06,"2021-05-06 16:30:02",0.125415880930597
2021-05-06,"2021-05-06 16:40:03",0.125873661672284
2021-05-06,"2021-05-06 16:50:03",0.126556981386139
2021-05-06,"2021-05-06 17:00:03",0.129155086851483
2021-05-06,"2021-05-06 17:10:03",0.12777932765364
2021-05-06,"2021-05-06 17:20:03",0.132793613139381
2021-05-06,"2021-05-06 17:30:03",0.126775675775455
2021-05-06,"2021-05-06 17:40:03",0.126200475652906
2021-05-06,"2021-05-06 17:50:03",0.126200475652906
2021-05-06,"2021-05-06 18:00:04",0.127338603066401
2021-05-06,"2021-05-06 18:10:03",0.127260846117578
2021-05-06,"2021-05-06 18:20:03",0.127260846117578
2021-05-06,"2021-05-06 18:30:03",0.127260846117578
2021-05-06,"2021-05-06 18:40:03",0.127260846117578
2021-05-06,"2021-05-06 18:50:03",0.138695028249531
2021-05-06,"2021-05-06 19:00:03",0.136469218725016
2021-05-06,"2021-05-06 19:10:03",0.136469218725016
2021-05-06,"2021-05-06 19:20:03",0.136469218725016
2021-05-06,"2021-05-06 19:30:03",0.136469218725016
2021-05-06,"2021-05-06 19:40:03",0.136469218725016
2021-05-06,"2021-05-06 19:50:03",0.134439801960564
2021-05-06,"2021-05-06 20:00:04",0.132676306716174
2021-05-06,"2021-05-06 20:10:03",0.133259113981122
2021-05-06,"2021-05-06 20:20:03",0.133259113981122
2021-05-06,"2021-05-06 20:30:03",0.132044516602282
2021-05-06,"2021-05-06 20:40:03",0.132202354137658
2021-05-06,"2021-05-06 20:50:03",0.13265019592571
2021-05-06,"2021-05-06 21:00:04",0.13265019592571
2021-05-06,"2021-05-06 21:10:03",0.132225432216288
2021-05-06,"2021-05-06 21:20:03",0.131391421751658
2021-05-06,"2021-05-06 21:30:03",0.129992182478493
2021-05-06,"2021-05-06 21:40:03",0.129560037465919
2021-05-06,"2021-05-06 21:50:03",0.129560037465919
2021-05-06,"2021-05-06 22:00:03",0.127625340135726
2021-05-06,"2021-05-06 22:10:03",0.128196704636566
2021-05-06,"2021-05-06 22:20:03",0.128196704636566
2021-05-06,"2021-05-06 22:30:03",0.128213872097275
2021-05-06,"2021-05-06 22:40:02",0.128500146487479
2021-05-06,"2021-05-06 22:50:03",0.128500146487479
2021-05-06,"2021-05-06 23:00:03",0.128500146487479
2021-05-06,"2021-05-06 23:10:03",0.12878673963181
2021-05-06,"2021-05-06 23:20:03",0.12878673963181
2021-05-06,"2021-05-06 23:30:03",0.128685998497841
2021-05-06,"2021-05-06 23:40:03",0.127979601290593
2021-05-06,"2021-05-06 23:50:02",0.128551706261943
2021-05-07,"2021-05-07 00:00:04",0.128551706261943
2021-05-07,"2021-05-07 00:10:03",0.128964575771568
2021-05-07,"2021-05-07 00:20:03",0.127375385283109
2021-05-07,"2021-05-07 00:30:03",0.125490367245754
2021-05-07,"2021-05-07 00:40:03",0.126850475224841
2021-05-07,"2021-05-07 00:50:02",0.124692846260676
2021-05-07,"2021-05-07 01:00:03",0.126388463989366
2021-05-07,"2021-05-07 01:10:03",0.123893425235463
2021-05-07,"2021-05-07 01:20:03",0.12099198878234
2021-05-07,"2021-05-07 01:30:03",0.122490779576474
2021-05-07,"2021-05-07 01:40:03",0.122490779576474
2021-05-07,"2021-05-07 01:50:02",0.122630849886523
2021-05-07,"2021-05-07 02:00:03",0.12133104005509
2021-05-07,"2021-05-07 02:10:11",0.122663298335977
2021-05-07,"2021-05-07 02:20:03",0.122884842268328
2021-05-07,"2021-05-07 02:30:03",0.122884842268328
2021-05-07,"2021-05-07 02:40:03",0.122884842268328
2021-05-07,"2021-05-07 02:50:03",0.122884842268328
2021-05-07,"2021-05-07 03:00:04",0.122884842268328
2021-05-07,"2021-05-07 03:10:03",0.122884842268328
2021-05-07,"2021-05-07 03:20:03",0.122884842268328
2021-05-07,"2021-05-07 03:30:03",0.117785480219934
2021-05-07,"2021-05-07 03:40:03",0.11935091635109
2021-05-07,"2021-05-07 03:50:03",0.12066383279329
2021-05-07,"2021-05-07 04:00:04",0.11933771371706
2021-05-07,"2021-05-07 04:10:03",0.11933771371706
2021-05-07,"2021-05-07 04:20:03",0.120074563007424
2021-05-07,"2021-05-07 04:30:03",0.122218598355269
2021-05-07,"2021-05-07 04:40:03",0.123597269796676
2021-05-07,"2021-05-07 04:50:03",0.123370475140978
2021-05-07,"2021-05-07 05:00:03",0.123370475140978
2021-05-07,"2021-05-07 05:10:03",0.122793340823162
2021-05-07,"2021-05-07 05:20:03",0.122793340823162
2021-05-07,"2021-05-07 05:30:03",0.166806112494469
2021-05-07,"2021-05-07 05:40:02",0.124964107489116
2021-05-07,"2021-05-07 05:50:03",0.123841954171995
2021-05-07,"2021-05-07 06:00:04",0.123841954171995
2021-05-07,"2021-05-07 06:10:03",0.123837208540415
2021-05-07,"2021-05-07 06:20:03",0.1243991111697
2021-05-07,"2021-05-07 06:30:02",0.125526726413107
2021-05-07,"2021-05-07 06:40:03",0.125526726413107
