"date_utc","date_time_utc","tz10x_price"
2021-05-02,"2021-05-02 13:40:03",0.000269397287095027
2021-05-02,"2021-05-02 13:50:03",0.000269397287095027
2021-05-02,"2021-05-02 14:00:04",0.000269397287095027
2021-05-02,"2021-05-02 14:10:03",0.000278649376375916
2021-05-02,"2021-05-02 14:20:03",0.000278649376375916
2021-05-02,"2021-05-02 14:30:04",0.000278649376375916
2021-05-02,"2021-05-02 14:40:03",0.000278649376375916
2021-05-02,"2021-05-02 14:50:03",0.000278649376375916
2021-05-02,"2021-05-02 15:00:04",0.000278649376375916
2021-05-02,"2021-05-02 15:10:03",0.000278649376375916
2021-05-02,"2021-05-02 15:20:03",0.000278649376375916
2021-05-02,"2021-05-02 15:30:03",0.000278113029987052
2021-05-02,"2021-05-02 15:40:04",0.000278113029987052
2021-05-02,"2021-05-02 15:50:04",0.000278113029987052
2021-05-02,"2021-05-02 16:00:04",0.000278113029987052
2021-05-02,"2021-05-02 16:10:03",0.000278113029987052
2021-05-02,"2021-05-02 16:20:03",0.000278113029987052
2021-05-02,"2021-05-02 16:30:04",0.000278113029987052
2021-05-02,"2021-05-02 16:40:04",0.000278113029987052
2021-05-02,"2021-05-02 16:50:04",0.000278113029987052
2021-05-02,"2021-05-02 17:00:04",0.000273000007398988
2021-05-02,"2021-05-02 17:10:03",0.000273000007398988
2021-05-02,"2021-05-02 17:20:04",0.000273000007398988
2021-05-02,"2021-05-02 17:30:03",0.000273000007398988
2021-05-02,"2021-05-02 17:40:04",0.000273000007398988
2021-05-02,"2021-05-02 17:50:03",0.000273000007398988
2021-05-02,"2021-05-02 18:00:04",0.000271820181131651
2021-05-02,"2021-05-02 18:10:04",0.000271820181131651
2021-05-02,"2021-05-02 18:20:03",0.000271820181131651
2021-05-02,"2021-05-02 18:30:14",0.000271820181131651
2021-05-02,"2021-05-02 18:40:03",0.000271820181131651
2021-05-02,"2021-05-02 18:50:05",0.000271820181131651
2021-05-02,"2021-05-02 19:00:04",0.000271820181131651
2021-05-02,"2021-05-02 19:10:03",0.000271820181131651
2021-05-02,"2021-05-02 19:20:04",0.000271820181131651
2021-05-02,"2021-05-02 19:30:03",0.000271820181131651
2021-05-02,"2021-05-02 19:40:03",0.000271820181131651
2021-05-02,"2021-05-02 19:50:03",0.000271820181131651
2021-05-02,"2021-05-02 20:00:04",0.000271820181131651
2021-05-02,"2021-05-02 20:10:03",0.000271820181131651
2021-05-02,"2021-05-02 20:20:03",0.000271820181131651
2021-05-02,"2021-05-02 20:30:03",0.000271820305670914
2021-05-02,"2021-05-02 20:40:03",0.000271820289143755
2021-05-02,"2021-05-02 20:50:03",0.000271820289143755
2021-05-02,"2021-05-02 21:00:03",0.000271820289143755
2021-05-02,"2021-05-02 21:10:04",0.000252019434810242
2021-05-02,"2021-05-02 21:20:03",0.000256473602100434
2021-05-02,"2021-05-02 21:30:03",0.000256473602100434
2021-05-02,"2021-05-02 21:40:03",0.000256473602100434
2021-05-02,"2021-05-02 21:50:03",0.000256473602100434
2021-05-02,"2021-05-02 22:00:04",0.000256473602100434
2021-05-02,"2021-05-02 22:10:03",0.000256473602100434
2021-05-02,"2021-05-02 22:20:03",0.000256400873204772
2021-05-02,"2021-05-02 22:30:04",0.000256400873204772
2021-05-02,"2021-05-02 22:40:03",0.000256400873204772
2021-05-02,"2021-05-02 22:50:03",0.000256400873204772
2021-05-02,"2021-05-02 23:00:04",0.000256400873204772
2021-05-02,"2021-05-02 23:10:04",0.000256400873204772
2021-05-02,"2021-05-02 23:20:04",0.000256400873204772
2021-05-02,"2021-05-02 23:30:03",0.000256400873204772
2021-05-02,"2021-05-02 23:40:03",0.000256400873204772
2021-05-02,"2021-05-02 23:50:03",0.000256400873204772
2021-05-03,"2021-05-03 00:00:04",0.000256400873204772
2021-05-03,"2021-05-03 00:10:04",0.000256400873204772
2021-05-03,"2021-05-03 00:20:03",0.000256400873204772
2021-05-03,"2021-05-03 00:30:04",0.000251582002763644
2021-05-03,"2021-05-03 00:40:03",0.000251582002763644
2021-05-03,"2021-05-03 00:50:03",0.000251582002763644
2021-05-03,"2021-05-03 01:00:04",0.000297840662542272
2021-05-03,"2021-05-03 01:10:04",0.000297840662542272
2021-05-03,"2021-05-03 01:20:04",0.000297840662542272
2021-05-03,"2021-05-03 01:30:04",0.000297840662542272
2021-05-03,"2021-05-03 01:40:04",0.000297840662542272
2021-05-03,"2021-05-03 01:50:03",0.000297840662542272
2021-05-03,"2021-05-03 02:00:05",0.000286500817680458
2021-05-03,"2021-05-03 02:10:03",0.000286500817680458
2021-05-03,"2021-05-03 02:20:03",0.000286500817680458
2021-05-03,"2021-05-03 02:30:04",0.000298593487586419
2021-05-03,"2021-05-03 02:40:04",0.000298593487586419
2021-05-03,"2021-05-03 02:50:03",0.000298593487586419
2021-05-03,"2021-05-03 03:00:04",0.000298593487586419
2021-05-03,"2021-05-03 03:10:04",0.000298593487586419
2021-05-03,"2021-05-03 03:20:03",0.000298593487586419
2021-05-03,"2021-05-03 03:30:03",0.000298593487586419
2021-05-03,"2021-05-03 03:40:03",0.000298593487586419
2021-05-03,"2021-05-03 03:50:04",0.000298593487586419
2021-05-03,"2021-05-03 04:00:04",0.000298593487586419
2021-05-03,"2021-05-03 04:10:03",0.000298593487586419
2021-05-03,"2021-05-03 04:20:03",0.000298593487586419
2021-05-03,"2021-05-03 04:30:04",0.00029859362790537
2021-05-03,"2021-05-03 04:40:04",0.000349622456835548
2021-05-03,"2021-05-03 04:50:04",0.000349622456835548
2021-05-03,"2021-05-03 05:00:03",0.000347486467205551
2021-05-03,"2021-05-03 05:10:03",0.000343680961224862
2021-05-03,"2021-05-03 05:20:04",0.000343680961224862
2021-05-03,"2021-05-03 05:30:03",0.000343680961224862
2021-05-03,"2021-05-03 05:40:03",0.000343680961224862
2021-05-03,"2021-05-03 05:50:03",0.000343680961224862
2021-05-03,"2021-05-03 06:00:04",0.000343680961224862
2021-05-03,"2021-05-03 06:10:03",0.000343680961224862
2021-05-03,"2021-05-03 06:20:04",0.000343680961224862
2021-05-03,"2021-05-03 06:30:03",0.000343680961224862
2021-05-03,"2021-05-03 06:40:03",0.000343680961224862
2021-05-03,"2021-05-03 06:50:03",0.000343680961224862
2021-05-03,"2021-05-03 07:00:04",0.000343680801861986
2021-05-03,"2021-05-03 07:10:03",0.000344714125615693
2021-05-03,"2021-05-03 07:20:03",0.000344714125615693
2021-05-03,"2021-05-03 07:30:04",0.000344714125615693
2021-05-03,"2021-05-03 07:40:03",0.000266365313690086
2021-05-03,"2021-05-03 07:50:03",0.000266365313690086
2021-05-03,"2021-05-03 08:00:03",0.000266365313690086
2021-05-03,"2021-05-03 08:10:03",0.000266365313690086
2021-05-03,"2021-05-03 08:20:04",0.000266365313690086
2021-05-03,"2021-05-03 08:30:04",0.000266365313690086
2021-05-03,"2021-05-03 08:40:03",0.000266365313690086
2021-05-03,"2021-05-03 08:50:04",0.000266365313690086
2021-05-03,"2021-05-03 09:00:04",0.000266365313690086
2021-05-03,"2021-05-03 09:10:04",0.000261588323620006
2021-05-03,"2021-05-03 09:20:03",0.000261588323620006
2021-05-03,"2021-05-03 09:30:03",0.000261588323620006
2021-05-03,"2021-05-03 09:40:03",0.000261588323620006
2021-05-03,"2021-05-03 09:50:04",0.000261588323620006
2021-05-03,"2021-05-03 10:00:05",0.000261588323620006
2021-05-03,"2021-05-03 10:10:03",0.000261588323620006
2021-05-03,"2021-05-03 10:20:03",0.000261588323620006
2021-05-03,"2021-05-03 10:30:03",0.000261588323620006
2021-05-03,"2021-05-03 10:40:04",0.000261588323620006
2021-05-03,"2021-05-03 10:50:03",0.000251167350156962
2021-05-03,"2021-05-03 11:00:04",0.000251167350156962
2021-05-03,"2021-05-03 11:10:04",0.000251167350156962
2021-05-03,"2021-05-03 11:20:04",0.000251167350156962
2021-05-03,"2021-05-03 11:30:04",0.000251167350156962
2021-05-03,"2021-05-03 11:40:03",0.000251167350156962
2021-05-03,"2021-05-03 11:50:03",0.000251167350156962
2021-05-03,"2021-05-03 12:00:04",0.000251167350156962
2021-05-03,"2021-05-03 12:10:03",0.000245715767833468
2021-05-03,"2021-05-03 12:20:03",0.000245715767833468
2021-05-03,"2021-05-03 12:30:03",0.00024571587406957
2021-05-03,"2021-05-03 12:40:03",0.000246587610127635
2021-05-03,"2021-05-03 12:50:03",0.000292144503261124
2021-05-03,"2021-05-03 13:00:04",0.000292144503261124
2021-05-03,"2021-05-03 13:10:03",0.000292144503261124
2021-05-03,"2021-05-03 13:20:03",0.00028762347908225
2021-05-03,"2021-05-03 13:30:03",0.00028762347908225
2021-05-03,"2021-05-03 13:40:03",0.00028762347908225
2021-05-03,"2021-05-03 13:50:03",0.00028762347908225
2021-05-03,"2021-05-03 14:00:04",0.00028762347908225
2021-05-03,"2021-05-03 14:10:04",0.00028762347908225
2021-05-03,"2021-05-03 14:20:04",0.00028762347908225
2021-05-03,"2021-05-03 14:30:03",0.00028762347908225
2021-05-03,"2021-05-03 14:40:04",0.00028762347908225
2021-05-03,"2021-05-03 14:50:04",0.00028762347908225
2021-05-03,"2021-05-03 15:00:04",0.00028762347908225
2021-05-03,"2021-05-03 15:10:03",0.000314314036551732
2021-05-03,"2021-05-03 15:20:03",0.000314283081947357
2021-05-03,"2021-05-03 15:30:03",0.000314283081947357
2021-05-03,"2021-05-03 15:40:03",0.000314283081947357
2021-05-03,"2021-05-03 15:50:04",0.000278892507149188
2021-05-03,"2021-05-03 16:00:04",0.000226479352198591
2021-05-03,"2021-05-03 16:10:03",0.000238928881989714
2021-05-03,"2021-05-03 16:20:03",0.000251695656087196
2021-05-03,"2021-05-03 16:30:03",0.000251695656087196
2021-05-03,"2021-05-03 16:40:03",0.000251695656087196
2021-05-03,"2021-05-03 16:50:03",0.000251695656087196
2021-05-03,"2021-05-03 17:00:04",0.000251695656087196
2021-05-03,"2021-05-03 17:10:03",0.000251695656087196
2021-05-03,"2021-05-03 17:20:03",0.000251695656087196
2021-05-03,"2021-05-03 17:30:03",0.000251695656087196
2021-05-03,"2021-05-03 17:40:03",0.000251695656087196
2021-05-03,"2021-05-03 17:50:03",0.00023942743863161
2021-05-03,"2021-05-03 18:00:04",0.00023942743863161
2021-05-03,"2021-05-03 18:10:03",0.00025692173551041
2021-05-03,"2021-05-03 18:20:03",0.00025692173551041
2021-05-03,"2021-05-03 18:30:04",0.000243416601346372
2021-05-03,"2021-05-03 18:40:04",0.000243416601346372
2021-05-03,"2021-05-03 18:50:04",0.000246022277848401
2021-05-03,"2021-05-03 19:00:04",0.000246022277848401
2021-05-03,"2021-05-03 19:10:04",0.000246022277848401
2021-05-03,"2021-05-03 19:20:03",0.000246022277848401
2021-05-03,"2021-05-03 19:30:04",0.000246022277848401
2021-05-03,"2021-05-03 19:40:04",0.000246022277848401
2021-05-03,"2021-05-03 19:50:04",0.000246022277848401
2021-05-03,"2021-05-03 20:00:04",0.000233822387644092
2021-05-03,"2021-05-03 20:10:03",0.000239802960441061
2021-05-03,"2021-05-03 20:20:03",0.00023621693095016
2021-05-03,"2021-05-03 20:30:03",0.00023621693095016
2021-05-03,"2021-05-03 20:40:03",0.000234799083713754
2021-05-03,"2021-05-03 20:50:04",0.000234799083713754
2021-05-03,"2021-05-03 21:00:03",0.000234799083713754
2021-05-03,"2021-05-03 21:10:03",0.000234799083713754
2021-05-03,"2021-05-03 21:20:03",0.000234112899260096
2021-05-03,"2021-05-03 21:30:03",0.000234112899260096
2021-05-03,"2021-05-03 21:40:03",0.000234112899260096
2021-05-03,"2021-05-03 21:50:03",0.000234112899260096
2021-05-03,"2021-05-03 22:00:04",0.000234112899260096
2021-05-03,"2021-05-03 22:10:04",0.000234112899260096
2021-05-03,"2021-05-03 22:20:04",0.000234112899260096
2021-05-03,"2021-05-03 22:30:03",0.00023669964479036
2021-05-03,"2021-05-03 22:40:04",0.00023669964479036
2021-05-03,"2021-05-03 22:50:03",0.00023669964479036
2021-05-03,"2021-05-03 23:00:04",0.00023669964479036
2021-05-03,"2021-05-03 23:10:04",0.00023669964479036
2021-05-03,"2021-05-03 23:20:03",0.00023669964479036
2021-05-03,"2021-05-03 23:30:03",0.00023669964479036
2021-05-03,"2021-05-03 23:40:03",0.00023669964479036
2021-05-03,"2021-05-03 23:50:03",0.00023669964479036
2021-05-04,"2021-05-04 00:00:04",0.00023669964479036
2021-05-04,"2021-05-04 00:10:03",0.000235836095032831
2021-05-04,"2021-05-04 00:20:03",0.000235836095032831
2021-05-04,"2021-05-04 00:30:04",0.000235836095032831
2021-05-04,"2021-05-04 00:40:03",0.000280963212872924
2021-05-04,"2021-05-04 00:50:04",0.00025526689650274
2021-05-04,"2021-05-04 01:00:03",0.00025526689650274
2021-05-04,"2021-05-04 01:10:03",0.00025526689650274
2021-05-04,"2021-05-04 01:20:04",0.00025526689650274
2021-05-04,"2021-05-04 01:30:03",0.00025526689650274
2021-05-04,"2021-05-04 01:40:04",0.00025526689650274
2021-05-04,"2021-05-04 01:50:03",0.00025526689650274
2021-05-04,"2021-05-04 02:00:04",0.000252990610807685
2021-05-04,"2021-05-04 02:10:03",0.000252990610807685
2021-05-04,"2021-05-04 02:20:03",0.000252990610807685
2021-05-04,"2021-05-04 02:30:03",0.000252990610807685
2021-05-04,"2021-05-04 02:40:04",0.000252990610807685
2021-05-04,"2021-05-04 02:50:04",0.000252990610807685
2021-05-04,"2021-05-04 03:00:04",0.000252990610807685
2021-05-04,"2021-05-04 03:10:04",0.000252990610807685
2021-05-04,"2021-05-04 03:20:03",0.000252990610807685
2021-05-04,"2021-05-04 03:30:03",0.000238995435553619
2021-05-04,"2021-05-04 03:40:03",0.000244235489030978
2021-05-04,"2021-05-04 03:50:04",0.000245994665913564
2021-05-04,"2021-05-04 04:00:04",0.000214614682275254
2021-05-04,"2021-05-04 04:10:03",0.000220413976884768
2021-05-04,"2021-05-04 04:20:03",0.000225446227335504
2021-05-04,"2021-05-04 04:30:04",0.000225446227335504
2021-05-04,"2021-05-04 04:40:03",0.000214275030808447
2021-05-04,"2021-05-04 04:50:03",0.000214275030808447
2021-05-04,"2021-05-04 05:00:04",0.000222576327189
2021-05-04,"2021-05-04 05:10:03",0.000226786005188754
2021-05-04,"2021-05-04 05:20:04",0.000226786005188754
2021-05-04,"2021-05-04 05:30:04",0.000226786005188754
2021-05-04,"2021-05-04 05:40:03",0.000226786005188754
2021-05-04,"2021-05-04 05:50:03",0.000226786005188754
2021-05-04,"2021-05-04 06:00:04",0.000231346256819894
2021-05-04,"2021-05-04 06:10:04",0.000231346353965024
2021-05-04,"2021-05-04 06:20:03",0.000231346353965024
2021-05-04,"2021-05-04 06:30:04",0.000231346353965024
2021-05-04,"2021-05-04 06:40:04",0.000261809539346666
2021-05-04,"2021-05-04 06:50:03",0.000261809539346666
2021-05-04,"2021-05-04 07:00:04",0.000261809539346666
2021-05-04,"2021-05-04 07:10:03",0.000251140841345666
2021-05-04,"2021-05-04 07:20:03",0.000251140841345666
2021-05-04,"2021-05-04 07:30:03",0.000251140841345666
2021-05-04,"2021-05-04 07:40:04",0.000251140841345666
2021-05-04,"2021-05-04 07:50:04",0.000251140841345666
2021-05-04,"2021-05-04 08:00:11",0.000251140841345666
2021-05-04,"2021-05-04 08:10:03",0.000251140841345666
2021-05-04,"2021-05-04 08:20:03",0.000251140841345666
2021-05-04,"2021-05-04 08:30:04",0.000251140841345666
2021-05-04,"2021-05-04 08:40:03",0.000251140841345666
2021-05-04,"2021-05-04 08:50:04",0.000251140841345666
2021-05-04,"2021-05-04 09:00:04",0.000251140841345666
2021-05-04,"2021-05-04 09:10:04",0.000251140841345666
2021-05-04,"2021-05-04 09:20:03",0.000251140841345666
2021-05-04,"2021-05-04 09:30:04",0.000251140841345666
2021-05-04,"2021-05-04 09:40:03",0.000251140841345666
2021-05-04,"2021-05-04 09:50:03",0.000251140841345666
2021-05-04,"2021-05-04 10:00:04",0.000251140841345666
2021-05-04,"2021-05-04 10:10:03",0.000251140841345666
2021-05-04,"2021-05-04 10:20:04",0.000251140841345666
2021-05-04,"2021-05-04 10:30:03",0.000251140841345666
2021-05-04,"2021-05-04 10:40:04",0.000240425105589859
2021-05-04,"2021-05-04 10:50:04",0.000240425105589859
2021-05-04,"2021-05-04 11:00:04",0.000240425105589859
2021-05-04,"2021-05-04 11:10:03",0.000240425105589859
2021-05-04,"2021-05-04 11:20:03",0.000240425105589859
2021-05-04,"2021-05-04 11:30:03",0.000240425105589859
2021-05-04,"2021-05-04 11:40:03",0.000240425105589859
2021-05-04,"2021-05-04 11:50:04",0.000240425105589859
2021-05-04,"2021-05-04 12:00:04",0.000240425208512906
2021-05-04,"2021-05-04 12:10:04",0.000240425208512906
2021-05-04,"2021-05-04 12:20:04",0.000240425208512906
2021-05-04,"2021-05-04 12:30:04",0.000240425208512906
2021-05-04,"2021-05-04 12:40:03",0.000240425208512906
2021-05-04,"2021-05-04 12:50:04",0.000240425208512906
2021-05-04,"2021-05-04 13:00:03",0.000240425208512906
2021-05-04,"2021-05-04 13:10:03",0.000241287023190276
2021-05-04,"2021-05-04 13:20:03",0.000249990334708478
2021-05-04,"2021-05-04 13:30:03",0.000249990334708478
2021-05-04,"2021-05-04 13:40:04",0.000249990334708478
2021-05-04,"2021-05-04 13:50:03",0.000249908701823766
2021-05-04,"2021-05-04 14:00:04",0.000249908701823766
2021-05-04,"2021-05-04 14:10:03",0.000249908701823766
2021-05-04,"2021-05-04 14:20:03",0.000249908701823766
2021-05-04,"2021-05-04 14:30:04",0.000249908701823766
2021-05-04,"2021-05-04 14:40:04",0.000249908701823766
2021-05-04,"2021-05-04 14:50:04",0.000224354230735912
2021-05-04,"2021-05-04 15:00:04",0.000224354230735912
2021-05-04,"2021-05-04 15:10:03",0.000234833478415557
2021-05-04,"2021-05-04 15:20:03",0.000234833478415557
2021-05-04,"2021-05-04 15:30:04",0.000234833478415557
2021-05-04,"2021-05-04 15:40:03",0.0002345178844092
2021-05-04,"2021-05-04 15:50:04",0.000234767337564574
2021-05-04,"2021-05-04 16:00:04",0.000234767337564574
2021-05-04,"2021-05-04 16:10:03",0.000234767337564574
2021-05-04,"2021-05-04 16:20:04",0.0002424865982247
2021-05-04,"2021-05-04 16:30:04",0.00024682889882489
2021-05-04,"2021-05-04 16:40:04",0.00024682889882489
2021-05-04,"2021-05-04 16:50:03",0.000284824647024629
2021-05-04,"2021-05-04 17:00:04",0.000286231713844406
2021-05-04,"2021-05-04 17:10:03",0.000286231713844406
2021-05-04,"2021-05-04 17:20:03",0.000286231713844406
2021-05-04,"2021-05-04 17:30:03",0.000286231713844406
2021-05-04,"2021-05-04 17:40:03",0.000286231713844406
2021-05-04,"2021-05-04 17:50:03",0.000286231713844406
2021-05-04,"2021-05-04 18:00:04",0.000286231713844406
2021-05-04,"2021-05-04 18:10:04",0.000285517118743033
2021-05-04,"2021-05-04 18:20:04",0.000285517118743033
2021-05-04,"2021-05-04 18:30:04",0.000285517118743033
2021-05-04,"2021-05-04 18:40:04",0.000288338247144166
2021-05-04,"2021-05-04 18:50:03",0.000288338247144166
2021-05-04,"2021-05-04 19:00:04",0.000291173187588025
2021-05-04,"2021-05-04 19:10:03",0.000291173187588025
2021-05-04,"2021-05-04 19:20:03",0.000291173187588025
2021-05-04,"2021-05-04 19:30:04",0.000291173187588025
2021-05-04,"2021-05-04 19:40:04",0.000291173187588025
2021-05-04,"2021-05-04 19:50:04",0.000291173187588025
2021-05-04,"2021-05-04 20:00:04",0.000291173187588025
2021-05-04,"2021-05-04 20:10:03",0.000291173187588025
2021-05-04,"2021-05-04 20:20:03",0.000291173187588025
2021-05-04,"2021-05-04 20:30:04",0.000291173187588025
2021-05-04,"2021-05-04 20:40:04",0.000291173187588025
2021-05-04,"2021-05-04 20:50:03",0.000291173187588025
2021-05-04,"2021-05-04 21:00:04",0.000291173187588025
2021-05-04,"2021-05-04 21:10:04",0.000277856450304231
2021-05-04,"2021-05-04 21:20:04",0.000277856450304231
2021-05-04,"2021-05-04 21:30:04",0.000277856450304231
2021-05-04,"2021-05-04 21:40:03",0.000277856450304231
2021-05-04,"2021-05-04 21:50:03",0.000277856450304231
2021-05-04,"2021-05-04 22:00:04",0.000277856523492026
2021-05-04,"2021-05-04 22:10:04",0.000281037422720978
2021-05-04,"2021-05-04 22:20:04",0.000280875825465044
2021-05-04,"2021-05-04 22:30:04",0.000280875825465044
2021-05-04,"2021-05-04 22:40:04",0.000280875825465044
2021-05-04,"2021-05-04 22:50:04",0.000266245587518915
2021-05-04,"2021-05-04 23:00:04",0.000266245587518915
2021-05-04,"2021-05-04 23:10:04",0.000267800185755022
2021-05-04,"2021-05-04 23:20:03",0.000267800185755022
2021-05-04,"2021-05-04 23:30:04",0.000267800185755022
2021-05-04,"2021-05-04 23:40:04",0.000267800185755022
2021-05-04,"2021-05-04 23:50:04",0.000267800185755022
2021-05-05,"2021-05-05 00:00:04",0.000259496355275972
2021-05-05,"2021-05-05 00:10:03",0.000259496355275972
2021-05-05,"2021-05-05 00:20:03",0.000259496355275972
2021-05-05,"2021-05-05 00:30:03",0.000259496355275972
2021-05-05,"2021-05-05 00:40:04",0.000259496355275972
2021-05-05,"2021-05-05 00:50:04",0.000259496355275972
2021-05-05,"2021-05-05 01:00:04",0.000259496355275972
2021-05-05,"2021-05-05 01:10:03",0.000259496355275972
2021-05-05,"2021-05-05 01:20:03",0.00025949641884676
2021-05-05,"2021-05-05 01:30:03",0.00025949641884676
2021-05-05,"2021-05-05 01:40:04",0.00025949641884676
2021-05-05,"2021-05-05 01:50:04",0.000260979209329417
2021-05-05,"2021-05-05 02:00:03",0.000260979209329417
2021-05-05,"2021-05-05 02:10:03",0.000264953957063787
2021-05-05,"2021-05-05 02:20:03",0.000247087462586655
2021-05-05,"2021-05-05 02:30:04",0.000247087462586655
2021-05-05,"2021-05-05 02:40:04",0.000247087462586655
2021-05-05,"2021-05-05 02:50:04",0.000247087462586655
2021-05-05,"2021-05-05 03:00:04",0.000247087462586655
2021-05-05,"2021-05-05 03:10:03",0.000247087462586655
2021-05-05,"2021-05-05 03:20:03",0.000247087462586655
2021-05-05,"2021-05-05 03:30:04",0.000247087462586655
2021-05-05,"2021-05-05 03:40:03",0.000247087462586655
2021-05-05,"2021-05-05 03:50:03",0.000249985253394075
2021-05-05,"2021-05-05 04:00:04",0.000249985253394075
2021-05-05,"2021-05-05 04:10:03",0.000249985253394075
2021-05-05,"2021-05-05 04:20:03",0.000249985253394075
2021-05-05,"2021-05-05 04:30:03",0.00026417960456995
2021-05-05,"2021-05-05 04:40:04",0.00026417960456995
2021-05-05,"2021-05-05 04:50:04",0.00026417960456995
2021-05-05,"2021-05-05 05:00:04",0.00026417960456995
2021-05-05,"2021-05-05 05:10:03",0.00026417960456995
2021-05-05,"2021-05-05 05:20:04",0.000260163529299986
2021-05-05,"2021-05-05 05:30:03",0.000260163529299986
2021-05-05,"2021-05-05 05:40:04",0.000260163529299986
2021-05-05,"2021-05-05 05:50:04",0.000260163529299986
2021-05-05,"2021-05-05 06:00:04",0.000260163529299986
2021-05-05,"2021-05-05 06:10:03",0.000260163529299986
2021-05-05,"2021-05-05 06:20:03",0.000260163529299986
2021-05-05,"2021-05-05 06:30:03",0.000260163529299986
2021-05-05,"2021-05-05 06:40:03",0.000260163529299986
2021-05-05,"2021-05-05 06:50:04",0.000260163529299986
2021-05-05,"2021-05-05 07:00:03",0.000260163529299986
2021-05-05,"2021-05-05 07:10:04",0.000260163529299986
2021-05-05,"2021-05-05 07:20:04",0.000260163529299986
2021-05-05,"2021-05-05 07:30:04",0.000260163529299986
2021-05-05,"2021-05-05 07:40:03",0.000260163529299986
2021-05-05,"2021-05-05 07:50:21",0.000260163529299986
2021-05-05,"2021-05-05 08:00:04",0.000259847991982321
2021-05-05,"2021-05-05 08:10:03",0.000259847991982321
2021-05-05,"2021-05-05 08:20:03",0.000259448109462804
2021-05-05,"2021-05-05 08:30:04",0.000259448109462804
2021-05-05,"2021-05-05 08:40:04",0.000259448109462804
2021-05-05,"2021-05-05 08:50:03",0.000259448109462804
2021-05-05,"2021-05-05 09:00:03",0.000259448109462804
2021-05-05,"2021-05-05 09:10:04",0.000259448109462804
2021-05-05,"2021-05-05 09:20:04",0.000259448109462804
2021-05-05,"2021-05-05 09:30:03",0.000259448109462804
2021-05-05,"2021-05-05 09:40:03",0.000259448109462804
2021-05-05,"2021-05-05 09:50:04",0.000259448109462804
2021-05-05,"2021-05-05 10:00:04",0.000259448109462804
2021-05-05,"2021-05-05 10:10:03",0.000259448109462804
2021-05-05,"2021-05-05 10:20:04",0.000259448109462804
2021-05-05,"2021-05-05 10:30:04",0.000259448109462804
2021-05-05,"2021-05-05 10:40:04",0.000259448109462804
2021-05-05,"2021-05-05 10:50:04",0.000259448109462804
2021-05-05,"2021-05-05 11:00:04",0.000259448109462804
2021-05-05,"2021-05-05 11:10:04",0.000259448109462804
2021-05-05,"2021-05-05 11:20:03",0.000259448109462804
2021-05-05,"2021-05-05 11:30:03",0.000259448109462804
2021-05-05,"2021-05-05 11:40:04",0.000259448109462804
2021-05-05,"2021-05-05 11:50:04",0.000259448109462804
2021-05-05,"2021-05-05 12:00:04",0.000259448109462804
2021-05-05,"2021-05-05 12:10:03",0.000259448109462804
2021-05-05,"2021-05-05 12:20:04",0.000259448109462804
2021-05-05,"2021-05-05 12:30:03",0.000259448109462804
2021-05-05,"2021-05-05 12:40:04",0.000259448109462804
2021-05-05,"2021-05-05 12:50:03",0.000259448109462804
2021-05-05,"2021-05-05 13:00:04",0.000259448109462804
2021-05-05,"2021-05-05 13:10:03",0.000259134362940274
2021-05-05,"2021-05-05 13:20:03",0.000259134362940274
2021-05-05,"2021-05-05 13:30:03",0.000259134362940274
2021-05-05,"2021-05-05 13:40:03",0.000259134362940274
2021-05-05,"2021-05-05 13:50:04",0.000123563941177603
2021-05-05,"2021-05-05 14:00:04",0.000125271430049557
2021-05-05,"2021-05-05 14:10:04",0.000133452180753576
2021-05-05,"2021-05-05 14:20:04",0.000151720993677644
2021-05-05,"2021-05-05 14:30:03",0.000165566508379828
2021-05-05,"2021-05-05 14:40:03",0.000176292320967053
2021-05-05,"2021-05-05 14:50:04",0.000180598583948672
2021-05-05,"2021-05-05 15:00:04",0.000191376917474725
2021-05-05,"2021-05-05 15:10:04",0.000191376917474725
2021-05-05,"2021-05-05 15:20:03",0.000191376917474725
2021-05-05,"2021-05-05 15:30:04",0.000191376917474725
2021-05-05,"2021-05-05 15:40:03",0.000191376917474725
2021-05-05,"2021-05-05 15:50:04",0.000191376917474725
2021-05-05,"2021-05-05 16:00:04",0.000191376917474725
2021-05-05,"2021-05-05 16:10:03",0.000191376917474725
2021-05-05,"2021-05-05 16:20:04",0.000191376917474725
2021-05-05,"2021-05-05 16:30:03",0.000191376917474725
2021-05-05,"2021-05-05 16:40:03",0.000191376917474725
2021-05-05,"2021-05-05 16:50:04",0.000191376917474725
2021-05-05,"2021-05-05 17:00:04",0.000178806759414169
2021-05-05,"2021-05-05 17:10:03",0.000178806759414169
2021-05-05,"2021-05-05 17:20:03",0.000178806759414169
2021-05-05,"2021-05-05 17:30:04",0.000178806759414169
2021-05-05,"2021-05-05 17:40:03",0.000178806759414169
2021-05-05,"2021-05-05 17:50:03",0.000175487361991288
2021-05-05,"2021-05-05 18:00:04",0.000175487361991288
2021-05-05,"2021-05-05 18:10:04",0.000175487361991288
2021-05-05,"2021-05-05 18:20:03",0.000175487361991288
2021-05-05,"2021-05-05 18:30:03",0.000175487361991288
2021-05-05,"2021-05-05 18:40:04",0.000175487361991288
2021-05-05,"2021-05-05 18:50:03",0.000175487361991288
2021-05-05,"2021-05-05 19:00:04",0.000175487361991288
2021-05-05,"2021-05-05 19:10:04",0.000175487361991288
2021-05-05,"2021-05-05 19:20:04",0.000175487361991288
2021-05-05,"2021-05-05 19:30:04",0.000175487361991288
2021-05-05,"2021-05-05 19:40:04",0.000175487361991288
2021-05-05,"2021-05-05 19:50:04",0.000175487361991288
2021-05-05,"2021-05-05 20:00:04",0.000175487361991288
2021-05-05,"2021-05-05 20:10:04",0.000175487361991288
2021-05-05,"2021-05-05 20:20:03",0.000174091961653274
2021-05-05,"2021-05-05 20:30:04",9.07097148315709e-05
2021-05-05,"2021-05-05 20:40:03",0.000123329646655068
2021-05-05,"2021-05-05 20:50:04",0.000136832071257999
2021-05-05,"2021-05-05 21:00:03",0.000136832071257999
2021-05-05,"2021-05-05 21:10:04",0.000136271470340559
2021-05-05,"2021-05-05 21:20:03",0.000117890996563802
2021-05-05,"2021-05-05 21:30:03",0.000123791956372762
2021-05-05,"2021-05-05 21:40:03",0.00012519061296332
2021-05-05,"2021-05-05 21:50:03",0.00012519061296332
2021-05-05,"2021-05-05 22:00:04",0.00012519061296332
2021-05-05,"2021-05-05 22:10:04",0.000127366313124987
2021-05-05,"2021-05-05 22:20:03",0.000127366313124987
2021-05-05,"2021-05-05 22:30:03",0.000127366313124987
2021-05-05,"2021-05-05 22:40:04",0.000127366313124987
2021-05-05,"2021-05-05 22:50:04",0.000127366313124987
2021-05-05,"2021-05-05 23:00:03",0.000127366313124987
2021-05-05,"2021-05-05 23:10:03",0.000128057332174639
2021-05-05,"2021-05-05 23:20:04",0.000128057332174639
2021-05-05,"2021-05-05 23:30:04",0.000129793071583866
2021-05-05,"2021-05-05 23:40:03",0.000130840111705096
2021-05-05,"2021-05-05 23:50:03",0.000130840111705096
2021-05-06,"2021-05-06 00:00:04",0.000130840111705096
2021-05-06,"2021-05-06 00:10:04",0.000130840111705096
2021-05-06,"2021-05-06 00:20:03",0.000130840111705096
2021-05-06,"2021-05-06 00:30:04",0.000130840111705096
2021-05-06,"2021-05-06 00:40:03",0.000130840111705096
2021-05-06,"2021-05-06 00:50:04",0.000130840111705096
2021-05-06,"2021-05-06 01:00:04",0.000130729953882526
2021-05-06,"2021-05-06 01:10:03",0.000130729953882526
2021-05-06,"2021-05-06 01:20:03",0.000130729953882526
2021-05-06,"2021-05-06 01:30:04",0.000130729953882526
2021-05-06,"2021-05-06 01:40:04",0.000130729953882526
2021-05-06,"2021-05-06 01:50:03",0.000130729953882526
2021-05-06,"2021-05-06 02:00:03",0.000130729953882526
2021-05-06,"2021-05-06 02:10:03",0.000130729953882526
2021-05-06,"2021-05-06 02:20:04",0.000130729953882526
2021-05-06,"2021-05-06 02:30:04",0.000130729953882526
2021-05-06,"2021-05-06 02:40:04",0.000130729953882526
2021-05-06,"2021-05-06 02:50:03",0.000130729953882526
2021-05-06,"2021-05-06 03:00:04",0.000130729953882526
2021-05-06,"2021-05-06 03:10:04",0.000130729953882526
2021-05-06,"2021-05-06 03:20:04",0.000130729953882526
2021-05-06,"2021-05-06 03:30:03",0.000130729953882526
2021-05-06,"2021-05-06 03:40:03",0.000130729953882526
2021-05-06,"2021-05-06 03:50:04",0.000130729953882526
2021-05-06,"2021-05-06 04:00:04",0.000130729953882526
2021-05-06,"2021-05-06 04:10:03",0.000130729953882526
2021-05-06,"2021-05-06 04:20:04",0.000130729953882526
2021-05-06,"2021-05-06 04:30:04",0.000130729953882526
2021-05-06,"2021-05-06 04:40:03",0.000130729953882526
2021-05-06,"2021-05-06 04:50:03",0.000130729953882526
2021-05-06,"2021-05-06 05:00:04",0.000130729953882526
2021-05-06,"2021-05-06 05:10:04",0.000130729953882526
2021-05-06,"2021-05-06 05:20:03",0.000130729953882526
2021-05-06,"2021-05-06 05:30:03",0.000130729953882526
2021-05-06,"2021-05-06 05:40:04",0.000130729953882526
2021-05-06,"2021-05-06 05:50:03",0.000130729953882526
2021-05-06,"2021-05-06 06:00:04",0.000130729953882526
2021-05-06,"2021-05-06 06:10:04",0.000130729953882526
2021-05-06,"2021-05-06 06:20:03",0.000130729953882526
2021-05-06,"2021-05-06 06:30:04",0.000130729953882526
2021-05-06,"2021-05-06 06:40:04",0.000130729953882526
2021-05-06,"2021-05-06 06:50:03",0.000130729953882526
2021-05-06,"2021-05-06 07:00:04",0.000130729953882526
2021-05-06,"2021-05-06 07:10:03",0.000130729953882526
2021-05-06,"2021-05-06 07:20:03",0.000130729953882526
2021-05-06,"2021-05-06 07:30:04",0.000130729953882526
2021-05-06,"2021-05-06 07:40:03",0.000132144758423874
2021-05-06,"2021-05-06 07:50:03",0.000132144758423874
2021-05-06,"2021-05-06 08:00:04",0.000132144758423874
2021-05-06,"2021-05-06 08:10:03",0.000132144758423874
2021-05-06,"2021-05-06 08:20:03",0.000132144758423874
2021-05-06,"2021-05-06 08:30:04",0.000132144758423874
2021-05-06,"2021-05-06 08:40:04",0.000132144758423874
2021-05-06,"2021-05-06 08:50:03",0.000132144758423874
2021-05-06,"2021-05-06 09:00:04",0.000132144758423874
2021-05-06,"2021-05-06 09:10:04",0.000132144758423874
2021-05-06,"2021-05-06 09:20:03",0.000132144758423874
2021-05-06,"2021-05-06 09:30:03",0.000132144758423874
2021-05-06,"2021-05-06 09:40:03",0.000132144758423874
2021-05-06,"2021-05-06 09:50:04",0.000132144758423874
2021-05-06,"2021-05-06 10:00:04",0.000132144758423874
2021-05-06,"2021-05-06 10:10:03",0.000132144758423874
2021-05-06,"2021-05-06 10:20:04",0.00013214474626351
2021-05-06,"2021-05-06 10:30:03",0.00013214474626351
2021-05-06,"2021-05-06 10:40:03",0.00013214474626351
2021-05-06,"2021-05-06 10:50:03",0.00013214474626351
2021-05-06,"2021-05-06 11:00:04",0.000133974882986454
2021-05-06,"2021-05-06 11:10:04",0.000133974882986454
2021-05-06,"2021-05-06 11:20:03",0.000133974882986454
2021-05-06,"2021-05-06 11:30:03",0.000133974882986454
2021-05-06,"2021-05-06 11:40:03",0.000133576165149031
2021-05-06,"2021-05-06 11:50:03",0.000133576165149031
2021-05-06,"2021-05-06 12:00:04",0.000133576165149031
2021-05-06,"2021-05-06 12:10:04",0.000133576165149031
2021-05-06,"2021-05-06 12:20:03",0.000133576165149031
2021-05-06,"2021-05-06 12:30:04",0.000133576165149031
2021-05-06,"2021-05-06 12:40:03",0.000133576165149031
2021-05-06,"2021-05-06 12:50:03",0.000133576165149031
2021-05-06,"2021-05-06 13:00:04",0.000133576165149031
2021-05-06,"2021-05-06 13:10:03",0.000133576165149031
2021-05-06,"2021-05-06 13:20:04",0.000133576165149031
2021-05-06,"2021-05-06 13:30:04",0.000133576165149031
2021-05-06,"2021-05-06 13:40:03",0.000133576165149031
2021-05-06,"2021-05-06 13:50:03",0.000133576165149031
2021-05-06,"2021-05-06 14:00:04",0.000133576165149031
2021-05-06,"2021-05-06 14:10:03",0.000125379185397516
2021-05-06,"2021-05-06 14:20:03",0.000123510809655906
2021-05-06,"2021-05-06 14:30:03",0.000123510809655906
2021-05-06,"2021-05-06 14:40:04",0.000161289944816742
2021-05-06,"2021-05-06 14:50:03",0.000161289944816742
2021-05-06,"2021-05-06 15:00:04",0.000161289944816742
2021-05-06,"2021-05-06 15:10:03",0.000161289944816742
2021-05-06,"2021-05-06 15:20:03",0.000161289944816742
2021-05-06,"2021-05-06 15:30:03",0.000161289944816742
2021-05-06,"2021-05-06 15:40:03",0.000161289944816742
2021-05-06,"2021-05-06 15:50:03",0.000161289944816742
2021-05-06,"2021-05-06 16:00:05",0.000161289944816742
2021-05-06,"2021-05-06 16:10:03",0.000159731898534986
2021-05-06,"2021-05-06 16:20:04",0.000159731898534986
2021-05-06,"2021-05-06 16:30:03",0.000159731898534986
2021-05-06,"2021-05-06 16:40:04",0.000159731898534986
2021-05-06,"2021-05-06 16:50:03",0.000159731898534986
2021-05-06,"2021-05-06 17:00:04",0.000159731898534986
2021-05-06,"2021-05-06 17:10:03",0.000159731898534986
2021-05-06,"2021-05-06 17:20:04",0.000159731898534986
2021-05-06,"2021-05-06 17:30:04",0.000159731898534986
2021-05-06,"2021-05-06 17:40:04",0.000159731898534986
2021-05-06,"2021-05-06 17:50:04",0.000159731898534986
2021-05-06,"2021-05-06 18:00:04",0.000159093404828659
2021-05-06,"2021-05-06 18:10:04",0.000152913702641316
2021-05-06,"2021-05-06 18:20:04",0.000152913702641316
2021-05-06,"2021-05-06 18:30:03",0.000152913702641316
2021-05-06,"2021-05-06 18:40:04",0.000152913702641316
2021-05-06,"2021-05-06 18:50:03",0.000152735828132481
2021-05-06,"2021-05-06 19:00:04",0.000152735828132481
2021-05-06,"2021-05-06 19:10:04",0.000152735828132481
2021-05-06,"2021-05-06 19:20:03",0.000152735828132481
2021-05-06,"2021-05-06 19:30:03",0.000152735828132481
2021-05-06,"2021-05-06 19:40:03",0.000152735828132481
2021-05-06,"2021-05-06 19:50:04",0.000152735828132481
2021-05-06,"2021-05-06 20:00:04",0.000152735828132481
2021-05-06,"2021-05-06 20:10:04",0.000152735828132481
2021-05-06,"2021-05-06 20:20:03",0.000146919552580856
2021-05-06,"2021-05-06 20:30:04",0.000146919552580856
2021-05-06,"2021-05-06 20:40:03",0.000146919552580856
2021-05-06,"2021-05-06 20:50:03",0.000146919552580856
2021-05-06,"2021-05-06 21:00:04",0.000146919552580856
2021-05-06,"2021-05-06 21:10:04",0.000146919552580856
2021-05-06,"2021-05-06 21:20:04",0.000146919552580856
2021-05-06,"2021-05-06 21:30:03",0.000144744142932859
2021-05-06,"2021-05-06 21:40:03",0.000144593491081291
2021-05-06,"2021-05-06 21:50:03",0.000144593491081291
2021-05-06,"2021-05-06 22:00:04",0.000144593491081291
2021-05-06,"2021-05-06 22:10:03",0.000144593491081291
2021-05-06,"2021-05-06 22:20:03",0.000144593491081291
2021-05-06,"2021-05-06 22:30:03",0.000144593491081291
2021-05-06,"2021-05-06 22:40:03",0.000144593491081291
2021-05-06,"2021-05-06 22:50:04",0.000144593491081291
2021-05-06,"2021-05-06 23:00:04",0.000144593491081291
2021-05-06,"2021-05-06 23:10:03",0.000144593491081291
2021-05-06,"2021-05-06 23:20:04",0.000144593491081291
2021-05-06,"2021-05-06 23:30:04",0.000144593491081291
2021-05-06,"2021-05-06 23:40:03",0.000144593491081291
2021-05-06,"2021-05-06 23:50:03",0.000152326784294389
2021-05-07,"2021-05-07 00:00:05",0.000152326784294389
2021-05-07,"2021-05-07 00:10:03",0.000152326784294389
2021-05-07,"2021-05-07 00:20:04",0.000152326784294389
2021-05-07,"2021-05-07 00:30:04",0.000152326784294389
2021-05-07,"2021-05-07 00:40:04",0.000152326784294389
2021-05-07,"2021-05-07 00:50:03",0.000152326784294389
2021-05-07,"2021-05-07 01:00:04",0.000152326784294389
2021-05-07,"2021-05-07 01:10:03",0.000152326784294389
2021-05-07,"2021-05-07 01:20:04",0.000152326784294389
2021-05-07,"2021-05-07 01:30:03",0.000152326784294389
2021-05-07,"2021-05-07 01:40:03",0.000152326784294389
2021-05-07,"2021-05-07 01:50:03",0.000152326784294389
2021-05-07,"2021-05-07 02:00:04",0.000152326784294389
2021-05-07,"2021-05-07 02:10:12",0.000152326784294389
2021-05-07,"2021-05-07 02:20:04",0.000152326784294389
2021-05-07,"2021-05-07 02:30:04",0.000152326784294389
2021-05-07,"2021-05-07 02:40:03",0.000152326784294389
2021-05-07,"2021-05-07 02:50:03",0.0001410600899356
2021-05-07,"2021-05-07 03:00:04",0.0001410600899356
2021-05-07,"2021-05-07 03:10:03",0.0001410600899356
2021-05-07,"2021-05-07 03:20:04",0.0001410600899356
2021-05-07,"2021-05-07 03:30:04",0.000141814895654346
2021-05-07,"2021-05-07 03:40:03",0.000141280481682394
2021-05-07,"2021-05-07 03:50:04",0.000141280481682394
2021-05-07,"2021-05-07 04:00:04",0.000130159037599644
2021-05-07,"2021-05-07 04:10:04",0.000130159037599644
2021-05-07,"2021-05-07 04:20:03",0.000130159037599644
2021-05-07,"2021-05-07 04:30:03",0.000130159037599644
2021-05-07,"2021-05-07 04:40:04",0.000130159037599644
2021-05-07,"2021-05-07 04:50:03",0.000130159037599644
2021-05-07,"2021-05-07 05:00:04",0.000130159037599644
2021-05-07,"2021-05-07 05:10:04",0.000130159037599644
2021-05-07,"2021-05-07 05:20:04",0.000130159037599644
2021-05-07,"2021-05-07 05:30:03",0.000259496355275972
2021-05-07,"2021-05-07 05:40:03",0.000130159037599644
2021-05-07,"2021-05-07 05:50:03",0.000130159037599644
2021-05-07,"2021-05-07 06:00:04",0.000130159037599644
2021-05-07,"2021-05-07 06:10:03",0.000130159037599644
2021-05-07,"2021-05-07 06:20:04",0.000130159037599644
2021-05-07,"2021-05-07 06:30:03",0.000130159037599644
2021-05-07,"2021-05-07 06:40:04",0.000130159037599644
2021-05-07,"2021-05-07 06:50:03",0.000130159037599644
2021-05-07,"2021-05-07 07:00:04",0.000130159037599644
2021-05-07,"2021-05-07 07:10:03",0.000130159037599644
2021-05-07,"2021-05-07 07:20:03",0.000130159037599644
2021-05-07,"2021-05-07 07:30:04",0.000129689110461725
2021-05-07,"2021-05-07 07:40:04",0.000129689110461725
2021-05-07,"2021-05-07 07:50:04",0.000129689110461725
2021-05-07,"2021-05-07 08:00:04",0.000129689110461725
2021-05-07,"2021-05-07 08:10:04",0.000129689110461725
2021-05-07,"2021-05-07 08:20:03",0.000129689110461725
2021-05-07,"2021-05-07 08:30:03",0.000129689110461725
2021-05-07,"2021-05-07 08:40:03",0.000129674349197802
2021-05-07,"2021-05-07 08:50:03",0.000129674349197802
2021-05-07,"2021-05-07 09:00:04",0.000129674349197802
2021-05-07,"2021-05-07 09:10:03",0.000129674349197802
2021-05-07,"2021-05-07 09:20:03",0.000129674349197802
2021-05-07,"2021-05-07 09:30:04",0.000129674349197802
2021-05-07,"2021-05-07 09:40:03",0.000129674349197802
2021-05-07,"2021-05-07 09:50:03",0.000129674349197802
2021-05-07,"2021-05-07 10:00:04",0.000129674349197802
2021-05-07,"2021-05-07 10:10:03",0.000127231872815864
2021-05-07,"2021-05-07 10:20:03",0.000127231872815864
2021-05-07,"2021-05-07 10:30:03",0.000127231872815864
2021-05-07,"2021-05-07 10:40:03",0.000121904014935509
2021-05-07,"2021-05-07 10:50:03",0.000121904014935509
2021-05-07,"2021-05-07 11:00:04",0.000121904014935509
2021-05-07,"2021-05-07 11:10:04",0.000121904014935509
2021-05-07,"2021-05-07 11:20:04",0.000121904014935509
2021-05-07,"2021-05-07 11:30:03",0.000121904014935509
2021-05-07,"2021-05-07 11:40:03",0.000121904014935509
