"date_utc","date_time_utc","ethtz_price"
2021-05-01,"2021-05-01 18:14:28",413.105664551217
2021-05-01,"2021-05-01 18:20:03",413.105664551217
2021-05-01,"2021-05-01 18:30:04",413.105664551217
2021-05-01,"2021-05-01 18:40:03",413.105664551217
2021-05-01,"2021-05-01 18:50:03",413.105664551217
2021-05-01,"2021-05-01 19:00:03",413.105664551217
2021-05-01,"2021-05-01 19:10:03",413.212892909011
2021-05-01,"2021-05-01 19:20:03",413.212892962009
2021-05-01,"2021-05-01 19:30:03",413.212892962009
2021-05-01,"2021-05-01 19:40:03",413.212892962009
2021-05-01,"2021-05-01 19:50:03",413.212892962009
2021-05-01,"2021-05-01 20:00:04",413.212892962009
2021-05-01,"2021-05-01 20:10:03",413.212892962009
2021-05-01,"2021-05-01 20:20:04",413.212892962009
2021-05-01,"2021-05-01 20:30:03",413.212892962009
2021-05-01,"2021-05-01 20:40:03",413.212892962009
2021-05-01,"2021-05-01 20:50:03",413.212892962009
2021-05-01,"2021-05-01 21:00:03",413.212892962009
2021-05-01,"2021-05-01 21:10:03",413.212892962009
2021-05-01,"2021-05-01 21:20:03",413.212892962009
2021-05-01,"2021-05-01 21:30:03",413.212892962009
2021-05-01,"2021-05-01 21:40:03",413.212892962009
2021-05-01,"2021-05-01 21:50:03",413.212892962009
2021-05-01,"2021-05-01 22:00:04",413.212892962009
2021-05-01,"2021-05-01 22:10:03",413.212892962009
2021-05-01,"2021-05-01 22:20:03",413.212892962009
2021-05-01,"2021-05-01 22:30:04",413.212892962009
2021-05-01,"2021-05-01 22:40:03",413.212892962009
2021-05-01,"2021-05-01 22:50:03",413.212892962009
2021-05-01,"2021-05-01 23:00:04",413.212892962009
2021-05-01,"2021-05-01 23:10:03",413.212892962009
2021-05-01,"2021-05-01 23:20:03",413.212892962009
2021-05-01,"2021-05-01 23:30:03",413.212892962009
2021-05-01,"2021-05-01 23:40:03",413.212892962009
2021-05-01,"2021-05-01 23:50:03",413.212892962009
2021-05-02,"2021-05-02 00:00:04",413.212892962009
2021-05-02,"2021-05-02 00:10:03",413.212892962009
2021-05-02,"2021-05-02 00:20:03",413.212892962009
2021-05-02,"2021-05-02 00:30:04",413.212892962009
2021-05-02,"2021-05-02 00:40:03",413.212892962009
2021-05-02,"2021-05-02 00:50:03",413.212892962009
2021-05-02,"2021-05-02 01:00:03",413.212892962009
2021-05-02,"2021-05-02 01:10:03",413.212892962009
2021-05-02,"2021-05-02 01:20:03",413.212892962009
2021-05-02,"2021-05-02 01:30:03",413.212892962009
2021-05-02,"2021-05-02 01:40:03",413.212892962009
2021-05-02,"2021-05-02 01:50:03",413.212892962009
2021-05-02,"2021-05-02 02:00:04",413.212892962009
2021-05-02,"2021-05-02 02:10:03",413.212892962009
2021-05-02,"2021-05-02 02:20:04",413.212892962009
2021-05-02,"2021-05-02 02:30:03",413.212892962009
2021-05-02,"2021-05-02 02:40:03",413.212892962009
2021-05-02,"2021-05-02 02:50:04",413.212892962009
2021-05-02,"2021-05-02 03:00:04",413.212892962009
2021-05-02,"2021-05-02 03:10:03",413.212892962009
2021-05-02,"2021-05-02 03:20:04",413.212892962009
2021-05-02,"2021-05-02 03:30:03",413.212892962009
2021-05-02,"2021-05-02 03:40:03",413.212892962009
2021-05-02,"2021-05-02 03:50:03",413.212892962009
2021-05-02,"2021-05-02 04:00:03",413.212892962009
2021-05-02,"2021-05-02 04:10:03",413.212892962009
2021-05-02,"2021-05-02 04:20:03",413.212892962009
2021-05-02,"2021-05-02 04:30:03",413.212892962009
2021-05-02,"2021-05-02 04:40:03",413.212892962009
2021-05-02,"2021-05-02 04:50:03",413.212892962009
2021-05-02,"2021-05-02 05:00:04",413.212892962009
2021-05-02,"2021-05-02 05:10:03",413.212892962009
2021-05-02,"2021-05-02 05:20:03",413.212892962009
2021-05-02,"2021-05-02 05:30:03",413.212892962009
2021-05-02,"2021-05-02 05:40:03",413.212892962009
2021-05-02,"2021-05-02 05:50:03",413.212892962009
2021-05-02,"2021-05-02 06:00:04",413.212892962009
2021-05-02,"2021-05-02 06:10:03",413.212892962009
2021-05-02,"2021-05-02 06:20:03",413.212892962009
2021-05-02,"2021-05-02 06:30:03",413.212892962009
2021-05-02,"2021-05-02 06:40:03",413.212892962009
2021-05-02,"2021-05-02 06:50:04",413.212892962009
2021-05-02,"2021-05-02 07:00:04",413.212892962009
2021-05-02,"2021-05-02 07:10:03",413.212892962009
2021-05-02,"2021-05-02 07:20:03",413.212892962009
2021-05-02,"2021-05-02 07:30:03",413.212892962009
2021-05-02,"2021-05-02 07:40:03",413.212892962009
2021-05-02,"2021-05-02 07:50:03",413.212892962009
2021-05-02,"2021-05-02 08:00:03",413.212892962009
2021-05-02,"2021-05-02 08:10:03",413.212892962009
2021-05-02,"2021-05-02 08:20:03",413.212892962009
2021-05-02,"2021-05-02 08:30:04",413.212892962009
2021-05-02,"2021-05-02 08:40:04",413.212892962009
2021-05-02,"2021-05-02 08:50:03",413.212892962009
2021-05-02,"2021-05-02 09:00:03",413.212892962009
2021-05-02,"2021-05-02 09:10:03",413.212892962009
2021-05-02,"2021-05-02 09:20:05",413.212892962009
2021-05-02,"2021-05-02 09:30:03",413.212892962009
2021-05-02,"2021-05-02 09:40:03",413.212892962009
2021-05-02,"2021-05-02 09:50:03",413.212892962009
2021-05-02,"2021-05-02 10:00:04",413.212892962009
2021-05-02,"2021-05-02 10:10:03",413.212892962009
2021-05-02,"2021-05-02 10:20:04",413.212892962009
2021-05-02,"2021-05-02 10:30:03",413.212892962009
2021-05-02,"2021-05-02 10:40:03",413.212892962009
2021-05-02,"2021-05-02 10:50:03",413.212892962009
2021-05-02,"2021-05-02 11:00:03",413.212892962009
2021-05-02,"2021-05-02 11:10:03",413.212892962009
2021-05-02,"2021-05-02 11:20:03",413.212892962009
2021-05-02,"2021-05-02 11:30:04",413.212892962009
2021-05-02,"2021-05-02 11:40:03",413.212892962009
2021-05-02,"2021-05-02 11:50:03",413.212892962009
2021-05-02,"2021-05-02 12:00:04",413.212892962009
2021-05-02,"2021-05-02 12:10:03",413.212892962009
2021-05-02,"2021-05-02 12:20:03",413.212892962009
2021-05-02,"2021-05-02 12:30:04",413.212892962009
2021-05-02,"2021-05-02 12:40:04",413.212892962009
2021-05-02,"2021-05-02 12:50:03",413.212892962009
2021-05-02,"2021-05-02 13:00:04",413.212892962009
2021-05-02,"2021-05-02 13:10:03",413.212892962009
2021-05-02,"2021-05-02 13:20:03",413.212892962009
2021-05-02,"2021-05-02 13:30:03",413.212892962009
2021-05-02,"2021-05-02 13:40:03",413.212892962009
2021-05-02,"2021-05-02 13:50:03",413.212892962009
2021-05-02,"2021-05-02 14:00:03",413.212892962009
2021-05-02,"2021-05-02 14:10:03",413.212892962009
2021-05-02,"2021-05-02 14:20:03",413.212892962009
2021-05-02,"2021-05-02 14:30:04",413.212892962009
2021-05-02,"2021-05-02 14:40:03",413.212892962009
2021-05-02,"2021-05-02 14:50:03",413.212892962009
2021-05-02,"2021-05-02 15:00:04",413.212892962009
2021-05-02,"2021-05-02 15:10:03",413.212892962009
2021-05-02,"2021-05-02 15:20:03",413.212892962009
2021-05-02,"2021-05-02 15:30:03",413.212892962009
2021-05-02,"2021-05-02 15:40:03",413.212892962009
2021-05-02,"2021-05-02 15:50:04",413.212892962009
2021-05-02,"2021-05-02 16:00:03",413.212892962009
2021-05-02,"2021-05-02 16:10:03",413.212892962009
2021-05-02,"2021-05-02 16:20:03",413.212892962009
2021-05-02,"2021-05-02 16:30:03",413.212892962009
2021-05-02,"2021-05-02 16:40:04",413.212893016261
2021-05-02,"2021-05-02 16:50:03",413.212893016261
2021-05-02,"2021-05-02 17:00:03",413.212893016261
2021-05-02,"2021-05-02 17:10:03",413.212893016261
2021-05-02,"2021-05-02 17:20:03",413.212893016261
2021-05-02,"2021-05-02 17:30:03",413.212893016261
2021-05-02,"2021-05-02 17:40:03",413.212893016261
2021-05-02,"2021-05-02 17:50:03",413.212893016261
2021-05-02,"2021-05-02 18:00:03",413.212893016261
2021-05-02,"2021-05-02 18:10:03",413.212893016261
2021-05-02,"2021-05-02 18:20:03",413.212893016261
2021-05-02,"2021-05-02 18:30:13",413.212893016261
2021-05-02,"2021-05-02 18:40:03",413.212893016261
2021-05-02,"2021-05-02 18:50:05",413.212893016261
2021-05-02,"2021-05-02 19:00:04",413.212893016261
2021-05-02,"2021-05-02 19:10:03",413.212893016261
2021-05-02,"2021-05-02 19:20:03",413.212893016261
2021-05-02,"2021-05-02 19:30:03",413.212893016261
2021-05-02,"2021-05-02 19:40:03",413.212893016261
2021-05-02,"2021-05-02 19:50:03",413.212893016261
2021-05-02,"2021-05-02 20:00:03",413.212893016261
2021-05-02,"2021-05-02 20:10:03",413.212893016261
2021-05-02,"2021-05-02 20:20:03",413.212893016261
2021-05-02,"2021-05-02 20:30:03",413.212893016261
2021-05-02,"2021-05-02 20:40:03",413.212893016261
2021-05-02,"2021-05-02 20:50:03",413.212893016261
2021-05-02,"2021-05-02 21:00:03",413.212893016261
2021-05-02,"2021-05-02 21:10:04",413.212893016261
2021-05-02,"2021-05-02 21:20:03",413.212893016261
2021-05-02,"2021-05-02 21:30:03",413.212893016261
2021-05-02,"2021-05-02 21:40:03",413.212893016261
2021-05-02,"2021-05-02 21:50:03",413.212893016261
2021-05-02,"2021-05-02 22:00:04",413.212893016261
2021-05-02,"2021-05-02 22:10:03",413.212893016261
2021-05-02,"2021-05-02 22:20:03",413.212893016261
2021-05-02,"2021-05-02 22:30:03",413.212893016261
2021-05-02,"2021-05-02 22:40:03",413.212893016261
2021-05-02,"2021-05-02 22:50:03",393.367214496743
2021-05-02,"2021-05-02 23:00:03",400.809426631061
2021-05-02,"2021-05-02 23:10:03",400.809426631061
2021-05-02,"2021-05-02 23:20:03",400.809426631061
2021-05-02,"2021-05-02 23:30:03",400.809426631061
2021-05-02,"2021-05-02 23:40:03",400.809426631061
2021-05-02,"2021-05-02 23:50:03",400.809426631061
2021-05-03,"2021-05-03 00:00:04",400.809426631061
2021-05-03,"2021-05-03 00:10:03",400.809426631061
2021-05-03,"2021-05-03 00:20:03",400.809426631061
2021-05-03,"2021-05-03 00:30:03",400.809426631061
2021-05-03,"2021-05-03 00:40:03",400.809426631061
2021-05-03,"2021-05-03 00:50:03",400.809426631061
2021-05-03,"2021-05-03 01:00:04",400.809426631061
2021-05-03,"2021-05-03 01:10:04",400.809426631061
2021-05-03,"2021-05-03 01:20:03",400.809426631061
2021-05-03,"2021-05-03 01:30:03",400.809426631061
2021-05-03,"2021-05-03 01:40:03",400.809426631061
2021-05-03,"2021-05-03 01:50:03",400.809426631061
2021-05-03,"2021-05-03 02:00:04",400.809426631061
2021-05-03,"2021-05-03 02:10:03",400.809426631061
2021-05-03,"2021-05-03 02:20:03",400.809426631061
2021-05-03,"2021-05-03 02:30:04",400.809426631061
2021-05-03,"2021-05-03 02:40:03",400.809426631061
2021-05-03,"2021-05-03 02:50:03",400.809426631061
2021-05-03,"2021-05-03 03:00:03",400.809426631061
2021-05-03,"2021-05-03 03:10:03",400.809426631061
2021-05-03,"2021-05-03 03:20:03",400.809426631061
2021-05-03,"2021-05-03 03:30:03",400.809426631061
2021-05-03,"2021-05-03 03:40:03",400.809426631061
2021-05-03,"2021-05-03 03:50:03",400.809426631061
2021-05-03,"2021-05-03 04:00:04",400.809426631061
2021-05-03,"2021-05-03 04:10:03",400.809426631061
2021-05-03,"2021-05-03 04:20:03",400.809426631061
2021-05-03,"2021-05-03 04:30:04",400.809426640097
2021-05-03,"2021-05-03 04:40:03",400.809426640097
2021-05-03,"2021-05-03 04:50:03",400.809426640097
2021-05-03,"2021-05-03 05:00:03",400.809426640097
2021-05-03,"2021-05-03 05:10:03",400.809426640097
2021-05-03,"2021-05-03 05:20:03",400.809426640097
2021-05-03,"2021-05-03 05:30:03",411.003950827713
2021-05-03,"2021-05-03 05:40:03",411.003950827713
2021-05-03,"2021-05-03 05:50:03",408.420613350662
2021-05-03,"2021-05-03 06:00:03",408.420613350662
2021-05-03,"2021-05-03 06:10:03",408.420613350662
2021-05-03,"2021-05-03 06:20:03",408.420613350662
2021-05-03,"2021-05-03 06:30:03",408.420613350662
2021-05-03,"2021-05-03 06:40:03",408.420613350662
2021-05-03,"2021-05-03 06:50:03",408.420613350662
2021-05-03,"2021-05-03 07:00:04",408.420613350662
2021-05-03,"2021-05-03 07:10:03",408.420613350662
2021-05-03,"2021-05-03 07:20:03",408.420613350662
2021-05-03,"2021-05-03 07:30:03",408.420613350662
2021-05-03,"2021-05-03 07:40:03",408.420613350662
2021-05-03,"2021-05-03 07:50:03",408.420613350662
2021-05-03,"2021-05-03 08:00:03",408.420613350662
2021-05-03,"2021-05-03 08:10:03",408.420613350662
2021-05-03,"2021-05-03 08:20:03",408.420613350662
2021-05-03,"2021-05-03 08:30:03",408.420613350662
2021-05-03,"2021-05-03 08:40:03",408.420613350662
2021-05-03,"2021-05-03 08:50:03",408.420613350662
2021-05-03,"2021-05-03 09:00:04",408.420613350662
2021-05-03,"2021-05-03 09:10:03",408.420613350662
2021-05-03,"2021-05-03 09:20:03",408.420613350662
2021-05-03,"2021-05-03 09:30:03",408.420613350662
2021-05-03,"2021-05-03 09:40:03",408.420613350662
2021-05-03,"2021-05-03 09:50:03",408.420613350662
2021-05-03,"2021-05-03 10:00:04",408.420613350662
2021-05-03,"2021-05-03 10:10:03",408.420613350662
2021-05-03,"2021-05-03 10:20:03",408.420613350662
2021-05-03,"2021-05-03 10:30:03",408.420613359287
2021-05-03,"2021-05-03 10:40:04",408.420613371141
2021-05-03,"2021-05-03 10:50:03",397.57488992348
2021-05-03,"2021-05-03 11:00:04",397.57488992348
2021-05-03,"2021-05-03 11:10:04",397.57488992348
2021-05-03,"2021-05-03 11:20:04",397.57488992348
2021-05-03,"2021-05-03 11:30:03",397.57488992348
2021-05-03,"2021-05-03 11:40:03",396.314127761633
2021-05-03,"2021-05-03 11:50:03",380.272366141555
2021-05-03,"2021-05-03 12:00:04",380.272366141555
2021-05-03,"2021-05-03 12:10:03",380.272366141555
2021-05-03,"2021-05-03 12:20:03",380.272366141555
2021-05-03,"2021-05-03 12:30:03",380.272366141555
2021-05-03,"2021-05-03 12:40:03",380.272366141555
2021-05-03,"2021-05-03 12:50:03",380.272366141555
2021-05-03,"2021-05-03 13:00:04",380.272366141555
2021-05-03,"2021-05-03 13:10:03",380.272366141555
2021-05-03,"2021-05-03 13:20:03",380.272366141555
2021-05-03,"2021-05-03 13:30:03",380.272366141555
2021-05-03,"2021-05-03 13:40:03",380.272366141555
2021-05-03,"2021-05-03 13:50:03",380.272366141555
2021-05-03,"2021-05-03 14:00:04",380.272366141555
2021-05-03,"2021-05-03 14:10:03",380.272366141555
2021-05-03,"2021-05-03 14:20:03",380.272366141555
2021-05-03,"2021-05-03 14:30:03",380.272366141555
2021-05-03,"2021-05-03 14:40:03",380.272366141555
2021-05-03,"2021-05-03 14:50:03",380.272366141555
2021-05-03,"2021-05-03 15:00:04",380.272366141555
2021-05-03,"2021-05-03 15:10:03",380.272366141555
2021-05-03,"2021-05-03 15:20:02",380.272366141555
2021-05-03,"2021-05-03 15:30:03",380.272366141555
2021-05-03,"2021-05-03 15:40:03",380.272366141555
2021-05-03,"2021-05-03 15:50:03",380.272366141555
2021-05-03,"2021-05-03 16:00:04",380.272366141555
2021-05-03,"2021-05-03 16:10:03",380.272366141555
2021-05-03,"2021-05-03 16:20:03",390.555343661654
2021-05-03,"2021-05-03 16:30:03",392.835963209282
2021-05-03,"2021-05-03 16:40:03",392.835963209282
2021-05-03,"2021-05-03 16:50:03",392.835963209282
2021-05-03,"2021-05-03 17:00:04",392.69734028697
2021-05-03,"2021-05-03 17:10:03",392.69734028697
2021-05-03,"2021-05-03 17:20:03",392.801143766631
2021-05-03,"2021-05-03 17:30:03",392.801143766631
2021-05-03,"2021-05-03 17:40:03",392.801143766631
2021-05-03,"2021-05-03 17:50:03",392.801143766631
2021-05-03,"2021-05-03 18:00:03",393.735992189266
2021-05-03,"2021-05-03 18:10:03",414.562489333971
2021-05-03,"2021-05-03 18:20:03",446.063842118317
2021-05-03,"2021-05-03 18:30:03",456.074283459481
2021-05-03,"2021-05-03 18:40:03",456.074283459481
2021-05-03,"2021-05-03 18:50:03",456.074283459481
2021-05-03,"2021-05-03 19:00:04",453.597826603007
2021-05-03,"2021-05-03 19:10:04",453.597826603007
2021-05-03,"2021-05-03 19:20:03",453.597826603007
2021-05-03,"2021-05-03 19:30:04",453.597826603007
2021-05-03,"2021-05-03 19:40:03",457.994175832727
2021-05-03,"2021-05-03 19:50:03",457.994175832727
2021-05-03,"2021-05-03 20:00:03",457.994175832727
2021-05-03,"2021-05-03 20:10:03",457.994175832727
2021-05-03,"2021-05-03 20:20:03",457.994175832727
2021-05-03,"2021-05-03 20:30:03",457.994175832727
2021-05-03,"2021-05-03 20:40:03",457.994175832727
2021-05-03,"2021-05-03 20:50:03",435.245502346171
2021-05-03,"2021-05-03 21:00:03",435.245502346171
2021-05-03,"2021-05-03 21:10:03",435.245502346171
2021-05-03,"2021-05-03 21:20:03",435.245502346171
2021-05-03,"2021-05-03 21:30:03",435.245502346171
2021-05-03,"2021-05-03 21:40:03",435.245502346171
2021-05-03,"2021-05-03 21:50:03",435.245502346171
2021-05-03,"2021-05-03 22:00:04",435.245502346171
2021-05-03,"2021-05-03 22:10:04",435.245502346171
2021-05-03,"2021-05-03 22:20:03",435.245502346171
2021-05-03,"2021-05-03 22:30:03",435.245502346171
2021-05-03,"2021-05-03 22:40:03",435.245502346171
2021-05-03,"2021-05-03 22:50:03",435.245502346171
2021-05-03,"2021-05-03 23:00:04",435.245502346171
2021-05-03,"2021-05-03 23:10:03",435.245502346171
2021-05-03,"2021-05-03 23:20:03",435.245502346171
2021-05-03,"2021-05-03 23:30:03",435.245502346171
2021-05-03,"2021-05-03 23:40:03",435.245502346171
2021-05-03,"2021-05-03 23:50:03",435.245502346171
2021-05-04,"2021-05-04 00:00:03",435.245502346171
2021-05-04,"2021-05-04 00:10:03",435.245502346171
2021-05-04,"2021-05-04 00:20:03",435.245502346171
2021-05-04,"2021-05-04 00:30:03",435.245502346171
2021-05-04,"2021-05-04 00:40:03",435.245502346171
2021-05-04,"2021-05-04 00:50:04",437.652348451702
2021-05-04,"2021-05-04 01:00:03",437.652348451702
2021-05-04,"2021-05-04 01:10:03",437.652348451702
2021-05-04,"2021-05-04 01:20:03",437.652348451702
2021-05-04,"2021-05-04 01:30:03",434.627474581841
2021-05-04,"2021-05-04 01:40:03",434.627474581841
2021-05-04,"2021-05-04 01:50:03",434.627474581841
2021-05-04,"2021-05-04 02:00:04",434.627474581841
2021-05-04,"2021-05-04 02:10:03",434.627474581841
2021-05-04,"2021-05-04 02:20:03",434.627474581841
2021-05-04,"2021-05-04 02:30:03",434.627474581841
2021-05-04,"2021-05-04 02:40:03",434.627474581841
2021-05-04,"2021-05-04 02:50:03",434.627474581841
2021-05-04,"2021-05-04 03:00:04",434.627474581841
2021-05-04,"2021-05-04 03:10:04",434.627474581841
2021-05-04,"2021-05-04 03:20:03",434.627474581841
2021-05-04,"2021-05-04 03:30:03",434.627474581841
2021-05-04,"2021-05-04 03:40:03",434.627474581841
2021-05-04,"2021-05-04 03:50:03",434.627474581841
2021-05-04,"2021-05-04 04:00:04",434.627474581841
2021-05-04,"2021-05-04 04:10:03",434.627474581841
2021-05-04,"2021-05-04 04:20:03",434.627474581841
2021-05-04,"2021-05-04 04:30:03",434.627474581841
2021-05-04,"2021-05-04 04:40:03",434.627474581841
2021-05-04,"2021-05-04 04:50:03",434.627474581841
2021-05-04,"2021-05-04 05:00:04",434.627474581841
2021-05-04,"2021-05-04 05:10:03",434.627474581841
2021-05-04,"2021-05-04 05:20:03",434.627474581841
2021-05-04,"2021-05-04 05:30:03",434.627474581841
2021-05-04,"2021-05-04 05:40:03",434.627474581841
2021-05-04,"2021-05-04 05:50:03",434.627474581841
2021-05-04,"2021-05-04 06:00:03",434.627474581841
2021-05-04,"2021-05-04 06:10:03",434.627474581841
2021-05-04,"2021-05-04 06:20:03",434.627474581841
2021-05-04,"2021-05-04 06:30:03",474.814403806612
2021-05-04,"2021-05-04 06:40:03",520.052113064331
2021-05-04,"2021-05-04 06:50:03",513.209891667617
2021-05-04,"2021-05-04 07:00:04",472.875757836033
2021-05-04,"2021-05-04 07:10:03",495.915248954842
2021-05-04,"2021-05-04 07:20:03",495.915248954842
2021-05-04,"2021-05-04 07:30:03",480.46372351068
2021-05-04,"2021-05-04 07:40:03",480.46372351068
2021-05-04,"2021-05-04 07:50:03",480.46372351068
2021-05-04,"2021-05-04 08:00:11",480.46372351068
2021-05-04,"2021-05-04 08:10:03",480.46372351068
2021-05-04,"2021-05-04 08:20:03",480.46372351068
2021-05-04,"2021-05-04 08:30:03",480.46372351068
2021-05-04,"2021-05-04 08:40:03",480.46372351068
2021-05-04,"2021-05-04 08:50:03",480.46372351068
2021-05-04,"2021-05-04 09:00:03",480.46372351068
2021-05-04,"2021-05-04 09:10:03",480.46372351068
2021-05-04,"2021-05-04 09:20:03",480.46372351068
2021-05-04,"2021-05-04 09:30:03",480.46372351068
2021-05-04,"2021-05-04 09:40:03",480.46372351068
2021-05-04,"2021-05-04 09:50:03",480.46372351068
2021-05-04,"2021-05-04 10:00:04",480.46372351068
2021-05-04,"2021-05-04 10:10:03",480.46372351068
2021-05-04,"2021-05-04 10:20:03",480.46372351068
2021-05-04,"2021-05-04 10:30:03",480.46372351068
2021-05-04,"2021-05-04 10:40:03",480.46372351068
2021-05-04,"2021-05-04 10:50:03",480.46372351068
2021-05-04,"2021-05-04 11:00:04",480.46372351068
2021-05-04,"2021-05-04 11:10:03",480.46372351068
2021-05-04,"2021-05-04 11:20:03",480.46372351068
2021-05-04,"2021-05-04 11:30:03",480.46372351068
2021-05-04,"2021-05-04 11:40:03",480.46372351068
2021-05-04,"2021-05-04 11:50:03",480.46372351068
2021-05-04,"2021-05-04 12:00:04",480.46372351068
2021-05-04,"2021-05-04 12:10:03",480.46372351068
2021-05-04,"2021-05-04 12:20:03",480.46372351068
2021-05-04,"2021-05-04 12:30:03",480.46372351068
2021-05-04,"2021-05-04 12:40:03",480.46372351068
2021-05-04,"2021-05-04 12:50:03",485.52493773555
2021-05-04,"2021-05-04 13:00:03",485.52493773555
2021-05-04,"2021-05-04 13:10:03",485.52493773555
2021-05-04,"2021-05-04 13:20:03",485.52493773555
2021-05-04,"2021-05-04 13:30:03",485.52493773555
2021-05-04,"2021-05-04 13:40:03",485.52493773555
2021-05-04,"2021-05-04 13:50:03",485.52493773555
2021-05-04,"2021-05-04 14:00:03",485.52493773555
2021-05-04,"2021-05-04 14:10:03",485.52493773555
2021-05-04,"2021-05-04 14:20:03",485.52493773555
2021-05-04,"2021-05-04 14:30:04",485.52493773555
2021-05-04,"2021-05-04 14:40:03",485.52493773555
2021-05-04,"2021-05-04 14:50:03",485.52493773555
2021-05-04,"2021-05-04 15:00:04",485.52493773555
2021-05-04,"2021-05-04 15:10:03",485.52493773555
2021-05-04,"2021-05-04 15:20:03",485.52493773555
2021-05-04,"2021-05-04 15:30:03",485.52493773555
2021-05-04,"2021-05-04 15:40:03",485.52493773555
2021-05-04,"2021-05-04 15:50:03",485.52493773555
2021-05-04,"2021-05-04 16:00:03",485.52493773555
2021-05-04,"2021-05-04 16:10:03",485.52493773555
2021-05-04,"2021-05-04 16:20:03",485.52493773555
2021-05-04,"2021-05-04 16:30:03",485.52493773555
2021-05-04,"2021-05-04 16:40:03",485.52493773555
2021-05-04,"2021-05-04 16:50:03",485.52493773555
2021-05-04,"2021-05-04 17:00:04",485.52493773555
2021-05-04,"2021-05-04 17:10:03",485.52493773555
2021-05-04,"2021-05-04 17:20:03",485.52493773555
2021-05-04,"2021-05-04 17:30:03",485.52493773555
2021-05-04,"2021-05-04 17:40:03",485.52493773555
2021-05-04,"2021-05-04 17:50:03",485.52493773555
2021-05-04,"2021-05-04 18:00:03",485.52493773555
2021-05-04,"2021-05-04 18:10:04",485.52493773555
2021-05-04,"2021-05-04 18:20:03",485.526666674268
2021-05-04,"2021-05-04 18:30:04",485.526666674268
2021-05-04,"2021-05-04 18:40:04",485.526666674268
2021-05-04,"2021-05-04 18:50:03",485.526666674268
2021-05-04,"2021-05-04 19:00:04",485.526666674268
2021-05-04,"2021-05-04 19:10:03",485.526666674268
2021-05-04,"2021-05-04 19:20:03",485.526666674268
2021-05-04,"2021-05-04 19:30:03",502.979858864081
2021-05-04,"2021-05-04 19:40:04",502.979858864081
2021-05-04,"2021-05-04 19:50:04",520.740863620873
2021-05-04,"2021-05-04 20:00:04",520.740863620873
2021-05-04,"2021-05-04 20:10:03",520.740863620873
2021-05-04,"2021-05-04 20:20:03",520.740863620873
2021-05-04,"2021-05-04 20:30:03",535.655241724062
2021-05-04,"2021-05-04 20:40:03",535.655241724062
2021-05-04,"2021-05-04 20:50:03",535.655241727097
2021-05-04,"2021-05-04 21:00:03",535.415956778099
2021-05-04,"2021-05-04 21:10:04",523.178083427079
2021-05-04,"2021-05-04 21:20:04",523.178083427079
2021-05-04,"2021-05-04 21:30:03",523.178083427079
2021-05-04,"2021-05-04 21:40:03",523.178083427079
2021-05-04,"2021-05-04 21:50:03",534.985040743764
2021-05-04,"2021-05-04 22:00:04",544.103470233208
2021-05-04,"2021-05-04 22:10:03",544.103470233208
2021-05-04,"2021-05-04 22:20:03",544.103470233208
2021-05-04,"2021-05-04 22:30:03",544.103470233208
2021-05-04,"2021-05-04 22:40:03",544.103470233208
2021-05-04,"2021-05-04 22:50:03",544.103470233208
2021-05-04,"2021-05-04 23:00:03",544.103470233208
2021-05-04,"2021-05-04 23:10:04",544.103470233208
2021-05-04,"2021-05-04 23:20:03",544.103470233208
2021-05-04,"2021-05-04 23:30:04",544.103470233208
2021-05-04,"2021-05-04 23:40:03",544.103470233208
2021-05-04,"2021-05-04 23:50:03",544.103470233208
2021-05-05,"2021-05-05 00:00:03",544.103470233208
2021-05-05,"2021-05-05 00:10:03",544.103470233208
2021-05-05,"2021-05-05 00:20:03",544.103470233208
2021-05-05,"2021-05-05 00:30:03",544.103470233208
2021-05-05,"2021-05-05 00:40:04",544.103470233208
2021-05-05,"2021-05-05 00:50:04",544.103470233208
2021-05-05,"2021-05-05 01:00:03",544.103470233208
2021-05-05,"2021-05-05 01:10:03",544.103470233208
2021-05-05,"2021-05-05 01:20:03",544.103470233208
2021-05-05,"2021-05-05 01:30:03",544.103470233208
2021-05-05,"2021-05-05 01:40:03",544.103470233208
2021-05-05,"2021-05-05 01:50:04",544.103470233208
2021-05-05,"2021-05-05 02:00:03",544.103470233208
2021-05-05,"2021-05-05 02:10:03",544.103470233208
2021-05-05,"2021-05-05 02:20:03",544.103470233208
2021-05-05,"2021-05-05 02:30:03",544.103470233208
2021-05-05,"2021-05-05 02:40:03",544.103470233208
2021-05-05,"2021-05-05 02:50:03",544.103470233208
2021-05-05,"2021-05-05 03:00:04",544.103470233208
2021-05-05,"2021-05-05 03:10:03",544.103470233208
2021-05-05,"2021-05-05 03:20:03",544.103470233208
2021-05-05,"2021-05-05 03:30:03",545.325067189427
2021-05-05,"2021-05-05 03:40:03",545.325067189427
2021-05-05,"2021-05-05 03:50:03",545.325067189427
2021-05-05,"2021-05-05 04:00:04",545.325067189427
2021-05-05,"2021-05-05 04:10:03",545.325067189427
2021-05-05,"2021-05-05 04:20:03",545.325067189427
2021-05-05,"2021-05-05 04:30:03",545.325067189427
2021-05-05,"2021-05-05 04:40:04",545.325067189427
2021-05-05,"2021-05-05 04:50:03",545.325067189427
2021-05-05,"2021-05-05 05:00:04",545.325067189427
2021-05-05,"2021-05-05 05:10:03",545.325067189427
2021-05-05,"2021-05-05 05:20:04",545.325067189427
2021-05-05,"2021-05-05 05:30:03",545.325067189427
2021-05-05,"2021-05-05 05:40:03",545.325067235539
2021-05-05,"2021-05-05 05:50:03",545.325067235539
2021-05-05,"2021-05-05 06:00:04",545.325067235539
2021-05-05,"2021-05-05 06:10:03",545.325067235539
2021-05-05,"2021-05-05 06:20:03",545.325067235539
2021-05-05,"2021-05-05 06:30:03",535.2799723566
2021-05-05,"2021-05-05 06:40:03",523.181813860242
2021-05-05,"2021-05-05 06:50:03",523.181813860242
2021-05-05,"2021-05-05 07:00:03",523.181813860242
2021-05-05,"2021-05-05 07:10:03",523.181813860242
2021-05-05,"2021-05-05 07:20:03",523.181813860242
2021-05-05,"2021-05-05 07:30:04",523.181813860242
2021-05-05,"2021-05-05 07:40:03",523.181813860242
2021-05-05,"2021-05-05 07:50:16",523.181813860242
2021-05-05,"2021-05-05 08:00:04",523.181813860242
2021-05-05,"2021-05-05 08:10:03",523.181813860242
2021-05-05,"2021-05-05 08:20:03",523.181813860242
2021-05-05,"2021-05-05 08:30:04",523.181813860242
2021-05-05,"2021-05-05 08:40:03",523.181813860242
2021-05-05,"2021-05-05 08:50:03",523.181813860242
2021-05-05,"2021-05-05 09:00:03",523.181813860242
2021-05-05,"2021-05-05 09:10:03",523.181813860242
2021-05-05,"2021-05-05 09:20:03",523.181813860242
2021-05-05,"2021-05-05 09:30:03",523.181813860242
2021-05-05,"2021-05-05 09:40:03",523.181813860242
2021-05-05,"2021-05-05 09:50:03",523.181813860242
2021-05-05,"2021-05-05 10:00:04",523.181813860242
2021-05-05,"2021-05-05 10:10:03",523.181813860242
2021-05-05,"2021-05-05 10:20:03",523.181813860242
2021-05-05,"2021-05-05 10:30:03",523.181813860242
2021-05-05,"2021-05-05 10:40:03",525.522305737009
2021-05-05,"2021-05-05 10:50:03",525.522305737009
2021-05-05,"2021-05-05 11:00:04",525.522305737009
2021-05-05,"2021-05-05 11:10:03",523.164034710731
2021-05-05,"2021-05-05 11:20:03",523.164034710731
2021-05-05,"2021-05-05 11:30:03",523.164034710731
2021-05-05,"2021-05-05 11:40:04",523.164034710731
2021-05-05,"2021-05-05 11:50:03",523.164034710731
2021-05-05,"2021-05-05 12:00:04",523.164034710731
2021-05-05,"2021-05-05 12:10:03",523.164034710731
2021-05-05,"2021-05-05 12:20:03",523.164034710731
2021-05-05,"2021-05-05 12:30:03",523.164034710731
2021-05-05,"2021-05-05 12:40:04",523.164034710731
2021-05-05,"2021-05-05 12:50:03",523.164034710731
2021-05-05,"2021-05-05 13:00:04",523.164034710731
2021-05-05,"2021-05-05 13:10:03",523.164034710731
2021-05-05,"2021-05-05 13:20:03",529.024919622814
2021-05-05,"2021-05-05 13:30:03",529.024919622814
2021-05-05,"2021-05-05 13:40:03",529.024919622814
2021-05-05,"2021-05-05 13:50:03",529.024919622814
2021-05-05,"2021-05-05 14:00:03",529.024919622814
2021-05-05,"2021-05-05 14:10:03",529.024919622814
2021-05-05,"2021-05-05 14:20:03",529.024919622814
2021-05-05,"2021-05-05 14:30:03",529.024919622814
2021-05-05,"2021-05-05 14:40:03",529.024919622814
2021-05-05,"2021-05-05 14:50:04",529.024919622814
2021-05-05,"2021-05-05 15:00:04",529.024919622814
2021-05-05,"2021-05-05 15:10:03",529.024919622814
2021-05-05,"2021-05-05 15:20:03",529.024919622814
2021-05-05,"2021-05-05 15:30:03",529.024919622814
2021-05-05,"2021-05-05 15:40:03",529.024919622814
2021-05-05,"2021-05-05 15:50:03",519.448032404784
2021-05-05,"2021-05-05 16:00:03",530.910148381901
2021-05-05,"2021-05-05 16:10:03",518.609486910944
2021-05-05,"2021-05-05 16:20:04",518.609486910944
2021-05-05,"2021-05-05 16:30:03",515.553898415814
2021-05-05,"2021-05-05 16:40:03",515.553898415814
2021-05-05,"2021-05-05 16:50:04",515.553898415814
2021-05-05,"2021-05-05 17:00:04",515.553898415814
2021-05-05,"2021-05-05 17:10:03",515.553898415814
2021-05-05,"2021-05-05 17:20:03",515.553898415814
2021-05-05,"2021-05-05 17:30:04",515.553898415814
2021-05-05,"2021-05-05 17:40:03",515.553898415814
2021-05-05,"2021-05-05 17:50:03",515.553898415814
2021-05-05,"2021-05-05 18:00:04",515.553898415814
2021-05-05,"2021-05-05 18:10:04",515.553898415814
2021-05-05,"2021-05-05 18:20:03",515.553898415814
2021-05-05,"2021-05-05 18:30:03",515.553898415814
2021-05-05,"2021-05-05 18:40:04",515.553898415814
2021-05-05,"2021-05-05 18:50:03",515.553898415814
2021-05-05,"2021-05-05 19:00:04",515.553898415814
2021-05-05,"2021-05-05 19:10:03",515.553898415814
2021-05-05,"2021-05-05 19:20:04",492.434436454355
2021-05-05,"2021-05-05 19:30:04",492.434436454355
2021-05-05,"2021-05-05 19:40:03",492.434436454355
2021-05-05,"2021-05-05 19:50:04",492.434436454355
2021-05-05,"2021-05-05 20:00:04",492.434436454355
2021-05-05,"2021-05-05 20:10:03",492.434436454355
2021-05-05,"2021-05-05 20:20:03",492.434436454355
2021-05-05,"2021-05-05 20:30:04",492.434436454355
2021-05-05,"2021-05-05 20:40:03",492.434436454355
2021-05-05,"2021-05-05 20:50:03",492.434436454355
2021-05-05,"2021-05-05 21:00:03",492.434436454355
2021-05-05,"2021-05-05 21:10:04",492.434436454355
2021-05-05,"2021-05-05 21:20:03",492.434436454355
2021-05-05,"2021-05-05 21:30:03",492.434436454355
2021-05-05,"2021-05-05 21:40:03",492.434436454355
2021-05-05,"2021-05-05 21:50:03",492.434436454355
2021-05-05,"2021-05-05 22:00:04",492.434436454355
2021-05-05,"2021-05-05 22:10:03",491.414009464901
2021-05-05,"2021-05-05 22:20:03",491.414009464901
2021-05-05,"2021-05-05 22:30:03",491.414009464901
2021-05-05,"2021-05-05 22:40:03",491.414009464901
2021-05-05,"2021-05-05 22:50:03",491.414009464901
2021-05-05,"2021-05-05 23:00:03",491.414009464901
2021-05-05,"2021-05-05 23:10:03",491.414009464901
2021-05-05,"2021-05-05 23:20:03",491.414009464901
2021-05-05,"2021-05-05 23:30:03",491.414009464901
2021-05-05,"2021-05-05 23:40:03",491.414009464901
2021-05-05,"2021-05-05 23:50:03",491.414009464901
2021-05-06,"2021-05-06 00:00:03",491.414009464901
2021-05-06,"2021-05-06 00:10:04",491.414009464901
2021-05-06,"2021-05-06 00:20:03",491.414009464901
2021-05-06,"2021-05-06 00:30:03",491.414009464901
2021-05-06,"2021-05-06 00:40:03",491.414009464901
2021-05-06,"2021-05-06 00:50:03",491.414009464901
2021-05-06,"2021-05-06 01:00:04",491.414009464901
2021-05-06,"2021-05-06 01:10:03",491.414009464901
2021-05-06,"2021-05-06 01:20:03",491.414009464901
2021-05-06,"2021-05-06 01:30:03",491.414009464901
2021-05-06,"2021-05-06 01:40:03",491.414009464901
2021-05-06,"2021-05-06 01:50:03",491.414009464901
2021-05-06,"2021-05-06 02:00:03",491.414009464901
2021-05-06,"2021-05-06 02:10:03",491.414009464901
2021-05-06,"2021-05-06 02:20:03",491.414009464901
2021-05-06,"2021-05-06 02:30:03",491.414009464901
2021-05-06,"2021-05-06 02:40:03",491.414009464901
2021-05-06,"2021-05-06 02:50:03",491.414009464901
2021-05-06,"2021-05-06 03:00:04",491.414009464901
2021-05-06,"2021-05-06 03:10:03",491.414009464901
2021-05-06,"2021-05-06 03:20:03",491.414009464901
2021-05-06,"2021-05-06 03:30:03",491.414009464901
2021-05-06,"2021-05-06 03:40:03",491.414009464901
2021-05-06,"2021-05-06 03:50:04",491.414009464901
2021-05-06,"2021-05-06 04:00:04",491.414009464901
2021-05-06,"2021-05-06 04:10:03",491.414009464901
2021-05-06,"2021-05-06 04:20:04",491.414009464901
2021-05-06,"2021-05-06 04:30:03",491.414009464901
2021-05-06,"2021-05-06 04:40:03",491.414009464901
2021-05-06,"2021-05-06 04:50:03",491.414009464901
2021-05-06,"2021-05-06 05:00:04",491.414009464901
2021-05-06,"2021-05-06 05:10:03",491.414009464901
2021-05-06,"2021-05-06 05:20:03",491.414009464901
2021-05-06,"2021-05-06 05:30:03",491.414009464901
2021-05-06,"2021-05-06 05:40:03",491.414009464901
2021-05-06,"2021-05-06 05:50:03",491.414009464901
2021-05-06,"2021-05-06 06:00:03",491.414009464901
2021-05-06,"2021-05-06 06:10:03",491.414009464901
2021-05-06,"2021-05-06 06:20:03",491.414009464901
2021-05-06,"2021-05-06 06:30:04",491.414009464901
2021-05-06,"2021-05-06 06:40:03",491.414009464901
2021-05-06,"2021-05-06 06:50:03",491.414009464901
2021-05-06,"2021-05-06 07:00:04",491.414009464901
2021-05-06,"2021-05-06 07:10:03",491.414009464901
2021-05-06,"2021-05-06 07:20:03",491.414009464901
2021-05-06,"2021-05-06 07:30:04",491.414009464901
2021-05-06,"2021-05-06 07:40:03",502.61664009732
2021-05-06,"2021-05-06 07:50:03",504.910291839154
2021-05-06,"2021-05-06 08:00:04",507.094089980367
2021-05-06,"2021-05-06 08:10:03",507.094089980367
2021-05-06,"2021-05-06 08:20:03",504.774061607727
2021-05-06,"2021-05-06 08:30:03",504.774061607727
2021-05-06,"2021-05-06 08:40:03",504.774061607727
2021-05-06,"2021-05-06 08:50:03",504.774061607727
2021-05-06,"2021-05-06 09:00:03",504.774061607727
2021-05-06,"2021-05-06 09:10:04",504.774061607727
2021-05-06,"2021-05-06 09:20:03",504.774061607727
2021-05-06,"2021-05-06 09:30:03",504.774061607727
2021-05-06,"2021-05-06 09:40:03",504.774061607727
2021-05-06,"2021-05-06 09:50:03",504.774061607727
2021-05-06,"2021-05-06 10:00:04",504.774061607727
2021-05-06,"2021-05-06 10:10:03",504.774061607727
2021-05-06,"2021-05-06 10:20:04",504.774061607727
2021-05-06,"2021-05-06 10:30:03",504.774061607727
2021-05-06,"2021-05-06 10:40:03",504.774061607727
2021-05-06,"2021-05-06 10:50:03",504.774061607727
2021-05-06,"2021-05-06 11:00:04",504.774061607727
2021-05-06,"2021-05-06 11:10:03",504.774061607727
2021-05-06,"2021-05-06 11:20:03",504.774061607727
2021-05-06,"2021-05-06 11:30:03",504.774061607727
2021-05-06,"2021-05-06 11:40:03",504.774061607727
2021-05-06,"2021-05-06 11:50:03",504.774061607727
2021-05-06,"2021-05-06 12:00:03",504.774061607727
2021-05-06,"2021-05-06 12:10:03",504.774061607727
2021-05-06,"2021-05-06 12:20:03",504.774061607727
2021-05-06,"2021-05-06 12:30:04",505.922678567755
2021-05-06,"2021-05-06 12:40:03",505.922678567755
2021-05-06,"2021-05-06 12:50:03",500.682283083934
2021-05-06,"2021-05-06 13:00:04",495.431822523383
2021-05-06,"2021-05-06 13:10:03",495.431822523383
2021-05-06,"2021-05-06 13:20:04",495.431822523383
2021-05-06,"2021-05-06 13:30:04",495.431822523383
2021-05-06,"2021-05-06 13:40:03",495.431822523383
2021-05-06,"2021-05-06 13:50:03",495.431822523383
2021-05-06,"2021-05-06 14:00:04",495.431822523383
2021-05-06,"2021-05-06 14:10:03",495.431822523383
2021-05-06,"2021-05-06 14:20:03",489.659860950897
2021-05-06,"2021-05-06 14:30:03",489.659860950897
2021-05-06,"2021-05-06 14:40:03",483.939570074693
2021-05-06,"2021-05-06 14:50:03",483.939570074693
2021-05-06,"2021-05-06 15:00:04",481.103999966776
2021-05-06,"2021-05-06 15:10:03",481.103999966776
2021-05-06,"2021-05-06 15:20:03",481.103999966776
2021-05-06,"2021-05-06 15:30:03",481.103999966776
2021-05-06,"2021-05-06 15:40:03",481.103999966776
2021-05-06,"2021-05-06 15:50:03",481.103999966776
2021-05-06,"2021-05-06 16:00:05",481.103999966776
2021-05-06,"2021-05-06 16:10:03",481.103999966776
2021-05-06,"2021-05-06 16:20:03",469.824024355257
2021-05-06,"2021-05-06 16:30:03",462.098734542081
2021-05-06,"2021-05-06 16:40:04",449.823409215814
2021-05-06,"2021-05-06 16:50:03",449.823409215814
2021-05-06,"2021-05-06 17:00:03",449.823409215814
2021-05-06,"2021-05-06 17:10:03",449.931773665476
2021-05-06,"2021-05-06 17:20:03",449.931773665476
2021-05-06,"2021-05-06 17:30:03",449.931773665476
2021-05-06,"2021-05-06 17:40:04",449.931773665476
2021-05-06,"2021-05-06 17:50:03",438.981752188798
2021-05-06,"2021-05-06 18:00:04",438.981752188798
2021-05-06,"2021-05-06 18:10:03",438.981752188798
2021-05-06,"2021-05-06 18:20:03",438.981752188798
2021-05-06,"2021-05-06 18:30:03",438.981752188798
2021-05-06,"2021-05-06 18:40:03",449.53040070598
2021-05-06,"2021-05-06 18:50:03",449.53040070598
2021-05-06,"2021-05-06 19:00:04",449.53040070598
2021-05-06,"2021-05-06 19:10:03",449.53040070598
2021-05-06,"2021-05-06 19:20:03",449.53040070598
2021-05-06,"2021-05-06 19:30:03",449.53040070598
2021-05-06,"2021-05-06 19:40:03",447.684486980815
2021-05-06,"2021-05-06 19:50:03",447.684486980815
2021-05-06,"2021-05-06 20:00:04",447.684486980815
2021-05-06,"2021-05-06 20:10:03",447.684486980815
2021-05-06,"2021-05-06 20:20:03",447.684486980815
2021-05-06,"2021-05-06 20:30:03",447.684486980815
2021-05-06,"2021-05-06 20:40:03",447.684486980815
2021-05-06,"2021-05-06 20:50:03",447.684486980815
2021-05-06,"2021-05-06 21:00:04",447.684486980815
2021-05-06,"2021-05-06 21:10:03",447.684486980815
2021-05-06,"2021-05-06 21:20:03",447.684486980815
2021-05-06,"2021-05-06 21:30:03",458.320846885144
2021-05-06,"2021-05-06 21:40:03",458.320846885144
2021-05-06,"2021-05-06 21:50:03",458.320846885144
2021-05-06,"2021-05-06 22:00:04",450.81932857372
2021-05-06,"2021-05-06 22:10:03",450.81932857372
2021-05-06,"2021-05-06 22:20:03",450.81932857372
2021-05-06,"2021-05-06 22:30:03",450.81932857372
2021-05-06,"2021-05-06 22:40:03",450.81932857372
2021-05-06,"2021-05-06 22:50:04",450.81932857372
2021-05-06,"2021-05-06 23:00:04",450.81932857372
2021-05-06,"2021-05-06 23:10:03",450.81932857372
2021-05-06,"2021-05-06 23:20:03",450.81932857372
2021-05-06,"2021-05-06 23:30:03",450.81932857372
2021-05-06,"2021-05-06 23:40:03",450.81932857372
2021-05-06,"2021-05-06 23:50:03",450.81932857372
2021-05-07,"2021-05-07 00:00:04",450.81932857372
2021-05-07,"2021-05-07 00:10:03",450.81932857372
2021-05-07,"2021-05-07 00:20:04",450.81932857372
2021-05-07,"2021-05-07 00:30:04",450.81932857372
2021-05-07,"2021-05-07 00:40:03",450.81932857372
2021-05-07,"2021-05-07 00:50:03",443.384966820208
2021-05-07,"2021-05-07 01:00:03",443.384966820208
2021-05-07,"2021-05-07 01:10:03",443.384966820208
2021-05-07,"2021-05-07 01:20:03",443.384966820208
2021-05-07,"2021-05-07 01:30:03",443.384966820208
2021-05-07,"2021-05-07 01:40:03",443.384966820208
2021-05-07,"2021-05-07 01:50:03",435.926340415941
2021-05-07,"2021-05-07 02:00:04",427.873796713158
2021-05-07,"2021-05-07 02:10:11",420.913918703667
2021-05-07,"2021-05-07 02:20:03",414.374275740248
2021-05-07,"2021-05-07 02:30:04",414.374275740248
2021-05-07,"2021-05-07 02:40:03",414.374275740248
2021-05-07,"2021-05-07 02:50:03",414.374275740248
2021-05-07,"2021-05-07 03:00:04",414.374275740248
2021-05-07,"2021-05-07 03:10:03",414.374275740248
2021-05-07,"2021-05-07 03:20:03",414.374275740248
2021-05-07,"2021-05-07 03:30:03",414.374275740248
2021-05-07,"2021-05-07 03:40:03",414.374275740248
2021-05-07,"2021-05-07 03:50:03",414.374275740248
2021-05-07,"2021-05-07 04:00:04",414.374275740248
2021-05-07,"2021-05-07 04:10:03",414.374275740248
2021-05-07,"2021-05-07 04:20:03",414.374275740248
2021-05-07,"2021-05-07 04:30:03",414.374275740248
2021-05-07,"2021-05-07 04:40:03",435.431754071188
2021-05-07,"2021-05-07 04:50:03",428.386213570533
2021-05-07,"2021-05-07 05:00:04",429.232395939587
2021-05-07,"2021-05-07 05:10:03",429.232395939587
2021-05-07,"2021-05-07 05:20:04",429.232395939587
2021-05-07,"2021-05-07 05:30:03",544.103470233208
2021-05-07,"2021-05-07 05:40:03",429.232395939587
2021-05-07,"2021-05-07 05:50:03",429.232395939587
2021-05-07,"2021-05-07 06:00:04",429.232395939587
2021-05-07,"2021-05-07 06:10:03",429.232395939587
2021-05-07,"2021-05-07 06:20:04",429.232395939587
2021-05-07,"2021-05-07 06:30:03",429.232395939587
2021-05-07,"2021-05-07 06:40:03",429.232395939587
2021-05-07,"2021-05-07 06:50:03",429.232395939587
2021-05-07,"2021-05-07 07:00:04",429.232395939587
2021-05-07,"2021-05-07 07:10:03",418.825515032792
2021-05-07,"2021-05-07 07:20:03",421.128379266895
2021-05-07,"2021-05-07 07:30:04",421.128379266895
2021-05-07,"2021-05-07 07:40:03",421.128379266895
2021-05-07,"2021-05-07 07:50:03",421.128379266895
2021-05-07,"2021-05-07 08:00:03",421.128379266895
2021-05-07,"2021-05-07 08:10:03",421.128379266895
2021-05-07,"2021-05-07 08:20:03",421.128379266895
2021-05-07,"2021-05-07 08:30:03",421.128379266895
2021-05-07,"2021-05-07 08:40:03",421.128379266895
2021-05-07,"2021-05-07 08:50:03",421.128379266895
2021-05-07,"2021-05-07 09:00:04",421.128379266895
2021-05-07,"2021-05-07 09:10:03",421.128379266895
2021-05-07,"2021-05-07 09:20:03",421.128379266895
2021-05-07,"2021-05-07 09:30:04",421.128379266895
2021-05-07,"2021-05-07 09:40:03",421.128379266895
2021-05-07,"2021-05-07 09:50:03",421.128379266895
2021-05-07,"2021-05-07 10:00:04",421.128379266895
2021-05-07,"2021-05-07 10:10:03",421.128379266895
2021-05-07,"2021-05-07 10:20:03",421.128379266895
2021-05-07,"2021-05-07 10:30:03",421.128379266895
2021-05-07,"2021-05-07 10:40:03",421.128379266895
2021-05-07,"2021-05-07 10:50:03",421.128379266895
2021-05-07,"2021-05-07 11:00:04",421.128379266895
2021-05-07,"2021-05-07 11:10:04",421.128379266895
2021-05-07,"2021-05-07 11:20:04",421.128379266895
2021-05-07,"2021-05-07 11:30:03",421.128379266895
2021-05-07,"2021-05-07 11:40:03",421.128379266895
2021-05-07,"2021-05-07 11:50:03",421.128379266895
2021-05-07,"2021-05-07 12:00:04",421.128379266895
2021-05-07,"2021-05-07 12:10:03",421.128379266895
2021-05-07,"2021-05-07 12:20:04",421.128379266895
2021-05-07,"2021-05-07 12:30:03",421.128379266895
2021-05-07,"2021-05-07 12:40:04",421.128379266895
2021-05-07,"2021-05-07 12:50:04",424.610072379827
2021-05-07,"2021-05-07 13:00:04",424.610072379827
2021-05-07,"2021-05-07 13:10:03",424.610072379827
2021-05-07,"2021-05-07 13:20:04",424.610072379827
2021-05-07,"2021-05-07 13:30:04",421.138760283811
2021-05-07,"2021-05-07 13:40:03",421.016861808093
2021-05-07,"2021-05-07 13:50:03",421.016861808093
2021-05-07,"2021-05-07 14:00:03",421.016861808093
2021-05-07,"2021-05-07 14:10:03",421.016861808093
2021-05-07,"2021-05-07 14:20:03",421.016861808093
2021-05-07,"2021-05-07 14:30:04",431.563923927759
2021-05-07,"2021-05-07 14:40:03",431.563923927759
2021-05-07,"2021-05-07 14:50:03",428.892267483094
2021-05-07,"2021-05-07 15:00:04",428.892267483094
2021-05-07,"2021-05-07 15:10:03",428.892267483094
2021-05-07,"2021-05-07 15:20:03",428.892267483094
2021-05-07,"2021-05-07 15:30:03",428.892267483094
2021-05-07,"2021-05-07 15:40:03",428.892267483094
2021-05-07,"2021-05-07 15:50:03",428.892267483094
2021-05-07,"2021-05-07 16:00:03",428.892267483094
2021-05-07,"2021-05-07 16:10:04",428.892267483094
2021-05-07,"2021-05-07 16:20:03",428.892267483094
2021-05-07,"2021-05-07 16:30:03",428.892267483094
2021-05-07,"2021-05-07 16:40:03",428.892267483094
2021-05-07,"2021-05-07 16:50:04",428.892267483094
2021-05-07,"2021-05-07 17:00:04",428.892267483094
2021-05-07,"2021-05-07 17:10:03",428.892267483094
2021-05-07,"2021-05-07 17:20:03",428.892267483094
2021-05-07,"2021-05-07 17:30:03",428.892267483094
2021-05-07,"2021-05-07 17:40:03",428.892267483094
2021-05-07,"2021-05-07 17:50:03",428.892267483094
2021-05-07,"2021-05-07 18:00:04",428.892267483094
2021-05-07,"2021-05-07 18:10:03",428.892267483094
2021-05-07,"2021-05-07 18:20:03",466.717931577842
2021-05-07,"2021-05-07 18:30:03",458.300322478792
2021-05-07,"2021-05-07 18:40:03",458.300322478792
2021-05-07,"2021-05-07 18:50:03",458.300322478792
2021-05-07,"2021-05-07 19:00:03",458.300322478792
2021-05-07,"2021-05-07 19:10:03",458.300322478792
2021-05-07,"2021-05-07 19:20:04",458.300322478792
2021-05-07,"2021-05-07 19:30:03",458.300322478792
2021-05-07,"2021-05-07 19:40:03",458.300322478792
2021-05-07,"2021-05-07 19:50:03",458.300322478792
2021-05-07,"2021-05-07 20:00:03",458.300322478792
2021-05-07,"2021-05-07 20:10:03",458.300322478792
2021-05-07,"2021-05-07 20:20:03",458.300322478792
2021-05-07,"2021-05-07 20:30:03",458.300322478792
2021-05-07,"2021-05-07 20:40:03",458.300322478792
2021-05-07,"2021-05-07 20:50:03",458.300322478792
2021-05-07,"2021-05-07 21:00:04",458.300322478792
2021-05-07,"2021-05-07 21:10:03",458.300322478792
2021-05-07,"2021-05-07 21:20:03",463.784155079738
2021-05-07,"2021-05-07 21:30:03",463.784155079738
2021-05-07,"2021-05-07 21:40:03",463.784155079738
2021-05-07,"2021-05-07 21:50:03",463.784155079738
2021-05-07,"2021-05-07 22:00:04",463.784155079738
2021-05-07,"2021-05-07 22:10:03",467.09007389401
2021-05-07,"2021-05-07 22:20:03",467.09007389401
2021-05-07,"2021-05-07 22:30:03",467.09007389401
2021-05-07,"2021-05-07 22:40:03",467.09007389401
2021-05-07,"2021-05-07 22:50:03",467.09007389401
2021-05-07,"2021-05-07 23:00:03",467.09007389401
2021-05-07,"2021-05-07 23:10:03",467.09007389401
2021-05-07,"2021-05-07 23:20:03",467.09007389401
2021-05-07,"2021-05-07 23:30:04",467.09007389401
2021-05-07,"2021-05-07 23:40:03",467.09007389401
2021-05-07,"2021-05-07 23:50:03",467.09007389401
2021-05-08,"2021-05-08 00:00:04",467.09007389401
2021-05-08,"2021-05-08 00:10:03",467.09007389401
2021-05-08,"2021-05-08 00:20:03",467.09007389401
2021-05-08,"2021-05-08 00:30:03",467.09007389401
2021-05-08,"2021-05-08 00:40:03",467.09007389401
2021-05-08,"2021-05-08 00:50:03",467.09007389401
2021-05-08,"2021-05-08 01:00:04",467.09007389401
2021-05-08,"2021-05-08 01:10:03",467.09007389401
2021-05-08,"2021-05-08 01:20:03",467.09007389401
2021-05-08,"2021-05-08 01:30:03",467.09007389401
2021-05-08,"2021-05-08 01:40:03",467.09007389401
2021-05-08,"2021-05-08 01:50:03",467.09007389401
2021-05-08,"2021-05-08 02:00:03",467.09007389401
2021-05-08,"2021-05-08 02:10:03",467.09007389401
2021-05-08,"2021-05-08 02:20:03",467.09007389401
2021-05-08,"2021-05-08 02:30:03",467.09007389401
2021-05-08,"2021-05-08 02:40:03",467.09007389401
2021-05-08,"2021-05-08 02:50:03",467.090184286597
2021-05-08,"2021-05-08 03:00:03",467.090184286597
2021-05-08,"2021-05-08 03:10:03",467.090184286597
2021-05-08,"2021-05-08 03:20:03",467.090184286597
2021-05-08,"2021-05-08 03:30:04",467.090184286597
2021-05-08,"2021-05-08 03:40:03",467.090184286597
2021-05-08,"2021-05-08 03:50:03",467.090184286597
2021-05-08,"2021-05-08 04:00:04",467.090184286597
2021-05-08,"2021-05-08 04:10:03",467.090184286597
2021-05-08,"2021-05-08 04:20:03",467.090184286597
2021-05-08,"2021-05-08 04:30:03",467.090184286597
2021-05-08,"2021-05-08 04:40:03",467.090184286597
2021-05-08,"2021-05-08 04:50:03",467.090184286597
2021-05-08,"2021-05-08 05:00:03",467.090184286597
2021-05-08,"2021-05-08 05:10:03",467.090184286597
2021-05-08,"2021-05-08 05:20:03",467.090184286597
2021-05-08,"2021-05-08 05:30:03",467.090184286597
2021-05-08,"2021-05-08 05:40:03",467.090184286597
2021-05-08,"2021-05-08 05:50:03",467.090184286597
2021-05-08,"2021-05-08 06:00:03",467.090184286597
2021-05-08,"2021-05-08 06:10:03",467.090184286597
2021-05-08,"2021-05-08 06:20:03",467.090184286597
2021-05-08,"2021-05-08 06:30:03",467.090184286597
2021-05-08,"2021-05-08 06:40:03",467.090184286597
2021-05-08,"2021-05-08 06:50:04",467.090184286597
2021-05-08,"2021-05-08 07:00:04",467.090184286597
2021-05-08,"2021-05-08 07:10:03",467.090184286597
2021-05-08,"2021-05-08 07:20:03",467.090184286597
2021-05-08,"2021-05-08 07:30:03",467.090184286597
2021-05-08,"2021-05-08 07:40:03",467.090184286597
2021-05-08,"2021-05-08 07:50:04",467.090184286597
2021-05-08,"2021-05-08 08:00:04",467.090184286597
2021-05-08,"2021-05-08 08:10:03",467.090184286597
2021-05-08,"2021-05-08 08:20:03",467.090184286597
2021-05-08,"2021-05-08 08:30:03",467.090184286597
2021-05-08,"2021-05-08 08:40:03",467.090184286597
2021-05-08,"2021-05-08 08:50:03",467.090184286597
2021-05-08,"2021-05-08 09:00:03",467.090184286597
2021-05-08,"2021-05-08 09:10:03",467.090184286597
2021-05-08,"2021-05-08 09:20:03",467.090184286597
2021-05-08,"2021-05-08 09:30:03",467.090184286597
2021-05-08,"2021-05-08 09:40:03",467.090184286597
2021-05-08,"2021-05-08 09:50:03",467.090184286597
2021-05-08,"2021-05-08 10:00:04",467.090184286597
2021-05-08,"2021-05-08 10:10:03",467.090184286597
2021-05-08,"2021-05-08 10:20:03",467.090184286597
2021-05-08,"2021-05-08 10:30:03",467.090184286597
2021-05-08,"2021-05-08 10:40:03",467.090184286597
2021-05-08,"2021-05-08 10:50:03",467.090184286597
2021-05-08,"2021-05-08 11:00:03",467.090184286597
2021-05-08,"2021-05-08 11:10:04",467.090184286597
2021-05-08,"2021-05-08 11:20:03",467.090184286597
2021-05-08,"2021-05-08 11:30:03",467.090184286597
2021-05-08,"2021-05-08 11:40:03",467.090184286597
2021-05-08,"2021-05-08 11:50:03",467.090184286597
2021-05-08,"2021-05-08 12:00:04",467.090184286597
2021-05-08,"2021-05-08 12:10:03",467.090184286597
2021-05-08,"2021-05-08 12:20:03",467.090184286597
2021-05-08,"2021-05-08 12:30:04",467.090184286597
2021-05-08,"2021-05-08 12:40:03",467.090184286597
2021-05-08,"2021-05-08 12:50:04",467.090184286597
2021-05-08,"2021-05-08 13:00:03",467.090184286597
2021-05-08,"2021-05-08 13:10:03",467.090184286597
2021-05-08,"2021-05-08 13:20:03",467.090184286597
2021-05-08,"2021-05-08 13:30:03",467.090184286597
2021-05-08,"2021-05-08 13:40:03",479.871593398315
2021-05-08,"2021-05-08 13:50:03",488.17090090635
2021-05-08,"2021-05-08 14:00:04",489.240846334243
2021-05-08,"2021-05-08 14:10:03",497.180838183552
2021-05-08,"2021-05-08 14:20:03",494.780539833261
2021-05-08,"2021-05-08 14:30:03",496.827544894754
2021-05-08,"2021-05-08 14:40:03",497.396755866886
2021-05-08,"2021-05-08 14:50:03",500.294268439529
2021-05-08,"2021-05-08 15:00:04",509.882731438195
2021-05-08,"2021-05-08 15:10:03",511.211195550673
2021-05-08,"2021-05-08 15:20:03",511.211195550673
2021-05-08,"2021-05-08 15:30:03",511.211195550673
2021-05-08,"2021-05-08 15:40:03",511.211195550673
2021-05-08,"2021-05-08 15:50:03",511.211195550673
2021-05-08,"2021-05-08 16:00:03",511.211195550673
2021-05-08,"2021-05-08 16:10:03",511.211195550673
2021-05-08,"2021-05-08 16:20:03",508.88989027509
2021-05-08,"2021-05-08 16:30:03",509.601221643287
2021-05-08,"2021-05-08 16:40:03",509.601221643287
2021-05-08,"2021-05-08 16:50:03",509.601221680648
2021-05-08,"2021-05-08 17:00:04",509.601221680648
2021-05-08,"2021-05-08 17:10:03",509.601221680648
2021-05-08,"2021-05-08 17:20:04",497.780502817763
2021-05-08,"2021-05-08 17:30:04",509.216461410857
2021-05-08,"2021-05-08 17:40:03",509.216461410857
2021-05-08,"2021-05-08 17:50:03",509.216461410857
2021-05-08,"2021-05-08 18:00:04",509.216461410857
2021-05-08,"2021-05-08 18:10:03",509.216461451668
2021-05-08,"2021-05-08 18:20:03",509.216461451668
2021-05-08,"2021-05-08 18:30:03",509.216461451668
2021-05-08,"2021-05-08 18:40:03",509.216461451668
2021-05-08,"2021-05-08 18:50:03",509.216461451668
2021-05-08,"2021-05-08 19:00:04",509.216461451668
2021-05-08,"2021-05-08 19:10:03",509.216461451668
2021-05-08,"2021-05-08 19:20:03",509.216461451668
2021-05-08,"2021-05-08 19:30:04",509.216461451668
2021-05-08,"2021-05-08 19:40:04",509.216461451668
2021-05-08,"2021-05-08 19:50:03",508.51050914689
2021-05-08,"2021-05-08 20:00:04",508.51050914689
2021-05-08,"2021-05-08 20:10:03",508.51050914689
2021-05-08,"2021-05-08 20:20:03",508.51050914689
2021-05-08,"2021-05-08 20:30:03",508.51050914689
2021-05-08,"2021-05-08 20:40:03",508.51050914689
2021-05-08,"2021-05-08 20:50:03",508.51050914689
2021-05-08,"2021-05-08 21:00:03",508.51050914689
2021-05-08,"2021-05-08 21:10:03",508.51050914689
2021-05-08,"2021-05-08 21:20:03",514.277132088809
2021-05-08,"2021-05-08 21:30:03",514.277132088809
2021-05-08,"2021-05-08 21:40:03",514.277132088809
2021-05-08,"2021-05-08 21:50:03",514.277132088809
2021-05-08,"2021-05-08 22:00:04",514.277132088809
2021-05-08,"2021-05-08 22:10:03",525.838476572487
2021-05-08,"2021-05-08 22:20:04",525.838476572487
2021-05-08,"2021-05-08 22:30:03",525.838476572487
2021-05-08,"2021-05-08 22:40:03",525.838476572487
2021-05-08,"2021-05-08 22:50:03",525.838476572487
2021-05-08,"2021-05-08 23:00:03",525.838476584667
2021-05-08,"2021-05-08 23:10:03",525.068838566389
2021-05-08,"2021-05-08 23:20:03",525.068838566389
2021-05-08,"2021-05-08 23:30:03",525.068838566389
2021-05-08,"2021-05-08 23:40:03",525.068838566389
2021-05-08,"2021-05-08 23:50:03",525.068838566389
2021-05-09,"2021-05-09 00:00:03",525.068838566389
2021-05-09,"2021-05-09 00:10:03",525.068838566389
2021-05-09,"2021-05-09 00:20:03",525.068838566389
2021-05-09,"2021-05-09 00:30:04",525.068838566389
2021-05-09,"2021-05-09 00:40:03",525.068838566389
2021-05-09,"2021-05-09 00:50:03",525.068838566389
2021-05-09,"2021-05-09 01:00:04",525.068838566389
2021-05-09,"2021-05-09 01:10:03",525.068838566389
2021-05-09,"2021-05-09 01:20:03",525.068838566389
2021-05-09,"2021-05-09 01:30:03",525.068838566389
2021-05-09,"2021-05-09 01:40:03",525.068838566389
2021-05-09,"2021-05-09 01:50:04",525.068838566389
2021-05-09,"2021-05-09 02:00:04",525.068838566389
2021-05-09,"2021-05-09 02:10:03",525.068838566389
2021-05-09,"2021-05-09 02:20:03",525.068838566389
2021-05-09,"2021-05-09 02:30:03",525.068838566389
2021-05-09,"2021-05-09 02:40:03",525.068838566389
2021-05-09,"2021-05-09 02:50:03",524.170651398992
2021-05-09,"2021-05-09 03:00:03",524.170651398992
2021-05-09,"2021-05-09 03:10:03",524.170651398992
2021-05-09,"2021-05-09 03:20:03",524.170651398992
2021-05-09,"2021-05-09 03:30:04",524.170651398992
2021-05-09,"2021-05-09 03:40:03",524.170651398992
2021-05-09,"2021-05-09 03:50:04",524.170651398992
2021-05-09,"2021-05-09 04:00:04",530.230695538413
