"symbol","model","eval_set","rmse","rsq","last_refreshed"
"1INCH","lm","holdout",1.16200099110179,0.146901887607439,"2021-08-30 02:47:34"
"1INCH","lm","test",3.07180136929089,0.347825717046733,"2021-08-30 02:47:34"
"1INCH","nnet","holdout",2.46880856453962,0.047048527561935,"2021-08-30 02:47:34"
"1INCH","nnet","test",2.90463205715211,0.19268922200618,"2021-08-30 02:47:34"
"1INCH","pcr","holdout",1.00242492249717,0.0810525745258994,"2021-08-30 02:47:34"
"1INCH","pcr","test",1.68610881638504,0.305242421571524,"2021-08-30 02:47:34"
"1INCH","rf","holdout",1.88897978606213,0.416247902331224,"2021-08-30 02:47:34"
"1INCH","rf","test",2.24120587096678,0.184714618089233,"2021-08-30 02:47:34"
"1INCH","xgb","holdout",1.76638178759912,0.315178781706518,"2021-08-30 02:47:34"
"1INCH","xgb","test",2.6672691224429,0.023832827815642,"2021-08-30 02:47:34"
"ADA","lm","holdout",0.571806681630045,0.792962680897339,"2021-08-30 02:47:34"
"ADA","lm","test",1.29435898513855,0.596797240936811,"2021-08-30 02:47:34"
"ADA","nnet","holdout",1.15533533558204,0.00514180474770834,"2021-08-30 02:47:34"
"ADA","nnet","test",2.4769749004195,0.176863982311236,"2021-08-30 02:47:34"
"ADA","pcr","holdout",1.13838106833038,0.0355677791404623,"2021-08-30 02:47:34"
"ADA","pcr","test",1.27977570821291,0.349366122685207,"2021-08-30 02:47:34"
"ADA","rf","holdout",1.3449312424786,0.280636322418686,"2021-08-30 02:47:34"
"ADA","rf","test",2.9813995028571,0.0985788071434017,"2021-08-30 02:47:34"
"ADA","xgb","holdout",2.26396204808485,0.0390927893593926,"2021-08-30 02:47:34"
"ADA","xgb","test",3.10733815734033,0.0303034636440071,"2021-08-30 02:47:34"
"ALPHA","lm","holdout",1.62951598704714,0.0417469176919963,"2021-08-30 02:47:34"
"ALPHA","lm","test",9.17865534510015,0.312785734719918,"2021-08-30 02:47:34"
"ALPHA","nnet","holdout",2.77333731587996,0.103769364900764,"2021-08-30 02:47:34"
"ALPHA","nnet","test",5.92916263683266,0.280679547376897,"2021-08-30 02:47:34"
"ALPHA","pcr","holdout",1.01116215215736,0.220021503801536,"2021-08-30 02:47:34"
"ALPHA","pcr","test",2.28855015241803,0.285196488625474,"2021-08-30 02:47:34"
"ALPHA","rf","holdout",1.68497463244244,0.00310144048514187,"2021-08-30 02:47:34"
"ALPHA","rf","test",3.4400695699647,0.0412518458493729,"2021-08-30 02:47:34"
"ALPHA","xgb","holdout",2.23125744034075,0.0665282515613156,"2021-08-30 02:47:34"
"ALPHA","xgb","test",4.26222902442988,0.0592660264896237,"2021-08-30 02:47:34"
"ARDR","lm","holdout",0.676061060804967,0.479598396169378,"2021-08-30 02:47:34"
"ARDR","lm","test",1.61971682270513,0.549152870459555,"2021-08-30 02:47:34"
"ARDR","nnet","holdout",1.05790875880612,0.0537149009893272,"2021-08-30 02:47:34"
"ARDR","nnet","test",2.80044663780978,0.175440729302805,"2021-08-30 02:47:34"
"ARDR","pcr","holdout",0.798699685734774,0.184351987483588,"2021-08-30 02:47:34"
"ARDR","pcr","test",2.08718029386042,0.257582287596863,"2021-08-30 02:47:34"
"ARDR","rf","holdout",3.12534358853239,0.233039725053152,"2021-08-30 02:47:34"
"ARDR","rf","test",2.95017168415741,0.222094717874856,"2021-08-30 02:47:34"
"ARDR","xgb","holdout",2.60344756364797,0.122953619654588,"2021-08-30 02:47:34"
"ARDR","xgb","test",3.1389556160806,0.0357615609417287,"2021-08-30 02:47:34"
"AVA","lm","holdout",1.40815130121112,0.617860616797894,"2021-08-30 02:47:34"
"AVA","lm","test",1.43894809215582,0.43572911590461,"2021-08-30 02:47:34"
"AVA","nnet","holdout",2.04293142601337,0.154697304430405,"2021-08-30 02:47:34"
"AVA","nnet","test",2.43668479941992,0.0936088033345799,"2021-08-30 02:47:34"
"AVA","pcr","holdout",1.77669199954564,0.401556023108591,"2021-08-30 02:47:34"
"AVA","pcr","test",1.66297567908708,0.253257895881635,"2021-08-30 02:47:34"
"AVA","rf","holdout",2.1018648791229,0.157372661933086,"2021-08-30 02:47:34"
"AVA","rf","test",2.30081607729509,0.0754966502538313,"2021-08-30 02:47:34"
"AVA","xgb","holdout",2.16996961612533,0.0804290718654909,"2021-08-30 02:47:34"
"AVA","xgb","test",2.60285783918312,0.0434452929428819,"2021-08-30 02:47:34"
"BAT","lm","holdout",0.61649823309419,0.509846287042358,"2021-08-30 02:47:34"
"BAT","lm","test",1.11633900740973,0.462503315272996,"2021-08-30 02:47:34"
"BAT","nnet","holdout",1.16511722774058,0.000514704185913254,"2021-08-30 02:47:34"
"BAT","nnet","test",1.74611718797687,0.213688468747707,"2021-08-30 02:47:34"
"BAT","pcr","holdout",0.861795865580325,0.0281601571295388,"2021-08-30 02:47:34"
"BAT","pcr","test",1.32307348142675,0.189269626656968,"2021-08-30 02:47:34"
"BAT","rf","holdout",1.20395279354461,0.00156653501327691,"2021-08-30 02:47:34"
"BAT","rf","test",1.9040212642181,0.0887656774435242,"2021-08-30 02:47:34"
"BAT","xgb","holdout",2.47905437876451,0.0154732874981918,"2021-08-30 02:47:34"
"BAT","xgb","test",2.38247047619959,0.0187862700433074,"2021-08-30 02:47:34"
"BIZZ","lm","holdout",5.44711820149855,0.00106241956494128,"2021-08-30 02:47:34"
"BIZZ","lm","test",2.62487581970774,0.524628292184958,"2021-08-30 02:47:34"
"BIZZ","nnet","holdout",5.08545575511384,0.0626294385302754,"2021-08-30 02:47:34"
"BIZZ","nnet","test",2.01550888018016,0.0680823477283358,"2021-08-30 02:47:34"
"BIZZ","pcr","holdout",5.16591554731623,0.0343742785908871,"2021-08-30 02:47:34"
"BIZZ","pcr","test",1.67296159994124,0.154641683934308,"2021-08-30 02:47:34"
"BIZZ","rf","holdout",5.14683382831484,0.0592939777405319,"2021-08-30 02:47:34"
"BIZZ","rf","test",2.11295347484078,0.160511724254011,"2021-08-30 02:47:34"
"BIZZ","xgb","holdout",7.36145111307686,0.00000554756056728407,"2021-08-30 02:47:34"
"BIZZ","xgb","test",2.44967394749118,0.0948864568128751,"2021-08-30 02:47:34"
"BNT","lm","holdout",0.655377849612325,0.317187179887582,"2021-08-30 02:47:34"
"BNT","lm","test",0.955188077314934,0.447875597073362,"2021-08-30 02:47:34"
"BNT","nnet","holdout",1.1248385396964,0.00833718203265935,"2021-08-30 02:47:34"
"BNT","nnet","test",1.61110493450326,0.119820522938475,"2021-08-30 02:47:34"
"BNT","pcr","holdout",0.727433343549145,0.109044408451027,"2021-08-30 02:47:34"
"BNT","pcr","test",0.982177159696841,0.317506383142704,"2021-08-30 02:47:34"
"BNT","rf","holdout",0.772161458230311,0.0085297203826943,"2021-08-30 02:47:34"
"BNT","rf","test",1.70327990472237,0.204273827638019,"2021-08-30 02:47:34"
"BNT","xgb","holdout",1.58020888608719,0.0556398855809188,"2021-08-30 02:47:34"
"BNT","xgb","test",1.73345709443498,0.0207049534735136,"2021-08-30 02:47:34"
"BRD","lm","holdout",1.98779198543344,0.304697421959283,"2021-08-30 02:47:34"
"BRD","lm","test",1.22435383757289,0.684694559223118,"2021-08-30 02:47:34"
"BRD","nnet","holdout",2.50919810698879,0.112513935217762,"2021-08-30 02:47:34"
"BRD","nnet","test",3.23914044480477,0.224683854121583,"2021-08-30 02:47:34"
"BRD","pcr","holdout",2.25917031708874,0.155290044726231,"2021-08-30 02:47:34"
"BRD","pcr","test",1.43348382496753,0.453964610854465,"2021-08-30 02:47:34"
"BRD","rf","holdout",2.49717850708816,0.112909514909582,"2021-08-30 02:47:34"
"BRD","rf","test",2.66259251504229,0.102157178950065,"2021-08-30 02:47:34"
"BRD","xgb","holdout",3.32778913338788,0.0826193228874677,"2021-08-30 02:47:34"
"BRD","xgb","test",2.53665232947472,0.00892854245582026,"2021-08-30 02:47:34"
"BSV","lm","holdout",1.08598228093704,0.276031348101546,"2021-08-30 02:47:34"
"BSV","lm","test",0.887852986683876,0.649306629133339,"2021-08-30 02:47:34"
"BSV","nnet","holdout",1.40323442312991,0.183421909661289,"2021-08-30 02:47:34"
"BSV","nnet","test",1.70183097200275,0.136079464504021,"2021-08-30 02:47:34"
"BSV","pcr","holdout",0.934155226350427,0.457922200102015,"2021-08-30 02:47:34"
"BSV","pcr","test",1.26102115667953,0.318718542148289,"2021-08-30 02:47:34"
"BSV","rf","holdout",2.23597337961714,0.0729185524412263,"2021-08-30 02:47:34"
"BSV","rf","test",2.73984073663872,0.0484024404773352,"2021-08-30 02:47:34"
"BSV","xgb","holdout",2.82232717625157,0.0594004274766059,"2021-08-30 02:47:34"
"BSV","xgb","test",2.7755755932061,0.0212715207694156,"2021-08-30 02:47:34"
"BTC","lm","holdout",0.327298221470576,0.678325680384953,"2021-08-30 02:47:34"
"BTC","lm","test",0.767445086114552,0.449666086101456,"2021-08-30 02:47:34"
"BTC","nnet","holdout",0.971617128624348,0.0573583965490335,"2021-08-30 02:47:34"
"BTC","nnet","test",1.39753569567186,0.112718608988358,"2021-08-30 02:47:34"
"BTC","pcr","holdout",0.495765665631239,0.263577467816143,"2021-08-30 02:47:34"
"BTC","pcr","test",0.898171431912462,0.205092877931818,"2021-08-30 02:47:34"
"BTC","rf","holdout",1.05210627260726,0.00142450704517786,"2021-08-30 02:47:34"
"BTC","rf","test",1.05978855731653,0.0220888691558133,"2021-08-30 02:47:34"
"BTC","xgb","holdout",0.973137131102058,0.0861915569736282,"2021-08-30 02:47:34"
"BTC","xgb","test",1.4846266934139,0.0594711087435216,"2021-08-30 02:47:34"
"BTG","lm","holdout",1.89779365415511,0.727037186034338,"2021-08-30 02:47:34"
"BTG","lm","test",1.12595891742194,0.567504170292204,"2021-08-30 02:47:34"
"BTG","nnet","holdout",2.714705517677,0.184391398539031,"2021-08-30 02:47:34"
"BTG","nnet","test",2.55397118058535,0.130237560809583,"2021-08-30 02:47:34"
"BTG","pcr","holdout",2.1672384889163,0.553795006906922,"2021-08-30 02:47:34"
"BTG","pcr","test",1.71752978474374,0.247917990923909,"2021-08-30 02:47:34"
"BTG","rf","holdout",3.76057580439616,0.0704564432706331,"2021-08-30 02:47:34"
"BTG","rf","test",2.79481926410549,0.064656386982103,"2021-08-30 02:47:34"
"BTG","xgb","holdout",3.96849438905317,0.103792314039074,"2021-08-30 02:47:34"
"BTG","xgb","test",2.54805332869223,0.143791827802545,"2021-08-30 02:47:34"
"CDT","lm","holdout",1.05635273805077,0.218156401904067,"2021-08-30 02:47:34"
"CDT","lm","test",1.87089521111786,0.384724326770108,"2021-08-30 02:47:34"
"CDT","nnet","holdout",1.22137310402498,0.236334755433734,"2021-08-30 02:47:34"
"CDT","nnet","test",2.68283572378305,0.283695204426575,"2021-08-30 02:47:34"
"CDT","pcr","holdout",0.840980298760621,0.371908570691573,"2021-08-30 02:47:34"
"CDT","pcr","test",2.13180331066951,0.285410806671082,"2021-08-30 02:47:34"
"CDT","rf","holdout",3.63509210226172,0.0043221151046617,"2021-08-30 02:47:34"
"CDT","rf","test",2.33444805066573,0.285449693864305,"2021-08-30 02:47:34"
"CDT","xgb","holdout",7.57726025945264,0.024249996861346,"2021-08-30 02:47:34"
"CDT","xgb","test",2.83438647824398,0.0957020654195913,"2021-08-30 02:47:34"
"CHZ","lm","holdout",1.09066023364281,0.234079048708817,"2021-08-30 02:47:34"
"CHZ","lm","test",1.13760409770842,0.513998743715391,"2021-08-30 02:47:34"
"CHZ","nnet","holdout",1.10352420884176,0.0916139418241084,"2021-08-30 02:47:34"
"CHZ","nnet","test",2.38644460756681,0.067410153633162,"2021-08-30 02:47:34"
"CHZ","pcr","holdout",0.950146735412728,0.399248709538075,"2021-08-30 02:47:34"
"CHZ","pcr","test",1.48296050289204,0.135127459654735,"2021-08-30 02:47:34"
"CHZ","rf","holdout",2.53556164854665,0.0778458400151328,"2021-08-30 02:47:34"
"CHZ","rf","test",1.94398846182415,0.0389926324917285,"2021-08-30 02:47:34"
"CHZ","xgb","holdout",2.42603070875796,0.0629937715662139,"2021-08-30 02:47:34"
"CHZ","xgb","test",2.05735591267367,0.0427747622500951,"2021-08-30 02:47:34"
"CKB","lm","holdout",1.00980336701286,0.349139836057014,"2021-08-30 02:47:34"
"CKB","lm","test",1.10245503826749,0.47416685571271,"2021-08-30 02:47:34"
"CKB","nnet","holdout",2.06139789262688,0.0832265677603984,"2021-08-30 02:47:34"
"CKB","nnet","test",3.98529600750679,0.0695829196243391,"2021-08-30 02:47:34"
"CKB","pcr","holdout",1.10939918807031,0.138586197742308,"2021-08-30 02:47:34"
"CKB","pcr","test",1.29118466092409,0.198898008491849,"2021-08-30 02:47:34"
"CKB","rf","holdout",1.72218845887714,0.102820741810147,"2021-08-30 02:47:34"
"CKB","rf","test",2.02291692663567,0.0732493218630885,"2021-08-30 02:47:34"
"CKB","xgb","holdout",2.35146335513973,0.146377659928184,"2021-08-30 02:47:34"
"CKB","xgb","test",1.80638951113657,0.0530511287393258,"2021-08-30 02:47:34"
"CLT","lm","holdout",1.28532133563281,0.0317835052826499,"2021-08-30 02:47:34"
"CLT","lm","test",2.63228110705502,0.291317427287785,"2021-08-30 02:47:34"
"CLT","nnet","holdout",0.755447778001616,0.350727602029702,"2021-08-30 02:47:34"
"CLT","nnet","test",5.33459153350148,0.182217383489885,"2021-08-30 02:47:34"
"CLT","pcr","holdout",0.626492681016113,0.564118255682043,"2021-08-30 02:47:34"
"CLT","pcr","test",1.85668426054161,0.225417385662793,"2021-08-30 02:47:34"
"CLT","rf","holdout",0.936428686608168,0.011795315571769,"2021-08-30 02:47:34"
"CLT","rf","test",2.52592346022028,0.177605953575896,"2021-08-30 02:47:34"
"CLT","xgb","holdout",0.841733459396893,0.198192816152443,"2021-08-30 02:47:34"
"CLT","xgb","test",3.40948759104626,0.0721886104295578,"2021-08-30 02:47:34"
"CND","lm","holdout",1.52135465447836,0.00733287454312534,"2021-08-30 02:47:34"
"CND","lm","test",1.6743999517464,0.349036214226196,"2021-08-30 02:47:34"
"CND","nnet","holdout",1.37289562485246,0.204130758877929,"2021-08-30 02:47:34"
"CND","nnet","test",3.26103984555084,0.0997453177458335,"2021-08-30 02:47:34"
"CND","pcr","holdout",1.35080549342222,0.311086620418429,"2021-08-30 02:47:34"
"CND","pcr","test",1.58662230564999,0.110504776488109,"2021-08-30 02:47:34"
"CND","rf","holdout",1.39525982183442,0.207868008007652,"2021-08-30 02:47:34"
"CND","rf","test",2.92858745150065,0.0900064271471429,"2021-08-30 02:47:34"
"CND","xgb","holdout",1.48961392610203,0.0564638721828499,"2021-08-30 02:47:34"
"CND","xgb","test",2.65092912274687,0.044854026367625,"2021-08-30 02:47:34"
"COTI","lm","holdout",3.97891350702915,0.0000944558109437103,"2021-08-30 02:47:34"
"COTI","lm","test",1.91456724626357,0.30648228433014,"2021-08-30 02:47:34"
"COTI","nnet","holdout",4.72277802820201,0.0721925907813592,"2021-08-30 02:47:34"
"COTI","nnet","test",2.56997732910328,0.0729111598396354,"2021-08-30 02:47:34"
"COTI","pcr","holdout",1.92006189282858,0.0124922481953851,"2021-08-30 02:47:34"
"COTI","pcr","test",1.46903919988329,0.17758815553938,"2021-08-30 02:47:34"
"COTI","rf","holdout",4.87464879116113,0.00057974726061416,"2021-08-30 02:47:34"
"COTI","rf","test",3.00821434147052,0.0844151069499522,"2021-08-30 02:47:34"
"COTI","xgb","holdout",6.65967027416705,0.000103163898364046,"2021-08-30 02:47:34"
"COTI","xgb","test",3.03370836195081,0.0365380544354484,"2021-08-30 02:47:34"
"CROOLD","lm","holdout",0.418331379720368,0.43506738447399,"2021-08-30 02:47:34"
"CROOLD","lm","test",1.16777270351113,0.0909684998057955,"2021-08-30 02:47:34"
"CROOLD","nnet","holdout",0.734866488316379,0.0355131707330926,"2021-08-30 02:47:34"
"CROOLD","nnet","test",4.27920220153033,0.0579161195078498,"2021-08-30 02:47:34"
"CROOLD","pcr","holdout",0.553903435684479,0.0127742678580981,"2021-08-30 02:47:34"
"CROOLD","pcr","test",1.12819161896811,0.0871614906367758,"2021-08-30 02:47:34"
"CROOLD","rf","holdout",1.28784171551018,0.0278540772321422,"2021-08-30 02:47:34"
"CROOLD","rf","test",1.74426723262268,0.0522721936788598,"2021-08-30 02:47:34"
"CROOLD","xgb","holdout",1.85011964304685,0.0130640108166751,"2021-08-30 02:47:34"
"CROOLD","xgb","test",2.08424052806392,0.0274225213373714,"2021-08-30 02:47:34"
"CRPT","lm","holdout",8.51230496470628,0.0476750961373048,"2021-08-30 02:47:34"
"CRPT","lm","test",3.87354108797261,0.143786144847907,"2021-08-30 02:47:34"
"CRPT","nnet","holdout",7.87804653269511,0.0000384900263092545,"2021-08-30 02:47:34"
"CRPT","nnet","test",3.83080228473703,0.0202308221464978,"2021-08-30 02:47:34"
"CRPT","pcr","holdout",7.90748305011016,0.00978717152156859,"2021-08-30 02:47:34"
"CRPT","pcr","test",3.61670183663541,0.0991234660981994,"2021-08-30 02:47:34"
"CRPT","rf","holdout",8.03947890570937,0.0632443522175232,"2021-08-30 02:47:34"
"CRPT","rf","test",5.11959699065263,0.202583398837555,"2021-08-30 02:47:34"
"CRPT","xgb","holdout",11.3697932539425,0.00830240128298449,"2021-08-30 02:47:34"
"CRPT","xgb","test",5.92597827679729,0.250711627043795,"2021-08-30 02:47:34"
"DATA","lm","holdout",1.36591756111049,0.000716083089975606,"2021-08-30 02:47:34"
"DATA","lm","test",5.71783129965844,0.284637904092842,"2021-08-30 02:47:34"
"DATA","nnet","holdout",1.00678893962446,0.0175988521630744,"2021-08-30 02:47:34"
"DATA","nnet","test",4.33220183785206,0.328039897742308,"2021-08-30 02:47:34"
"DATA","pcr","holdout",0.980930074501595,0.0000302754744291907,"2021-08-30 02:47:34"
"DATA","pcr","test",3.45863090703258,0.357776881497146,"2021-08-30 02:47:34"
"DATA","rf","holdout",1.92184150065524,0.00933326298943353,"2021-08-30 02:47:34"
"DATA","rf","test",4.61221413614333,0.100696453102395,"2021-08-30 02:47:34"
"DATA","xgb","holdout",1.93976733916611,0.0184001030531688,"2021-08-30 02:47:34"
"DATA","xgb","test",4.80269471766155,0.240071310576516,"2021-08-30 02:47:34"
"DCR","lm","holdout",0.890089088928875,0.201593956009954,"2021-08-30 02:47:34"
"DCR","lm","test",1.19656611335675,0.701532581285744,"2021-08-30 02:47:34"
"DCR","nnet","holdout",0.986489565551739,0.00366831232141032,"2021-08-30 02:47:34"
"DCR","nnet","test",2.22260311870775,0.265263939849194,"2021-08-30 02:47:34"
"DCR","pcr","holdout",0.804457854976213,0.00895809840479596,"2021-08-30 02:47:34"
"DCR","pcr","test",1.48442267240455,0.417612258616274,"2021-08-30 02:47:34"
"DCR","rf","holdout",2.61209615262551,0.00170182805759345,"2021-08-30 02:47:34"
"DCR","rf","test",2.22326353732778,0.245070836873145,"2021-08-30 02:47:34"
"DCR","xgb","holdout",2.69496603353397,0.000323081938740766,"2021-08-30 02:47:34"
"DCR","xgb","test",2.96098389463425,0.0298732042012009,"2021-08-30 02:47:34"
"DGB","lm","holdout",1.13907225010902,0.157256323459462,"2021-08-30 02:47:34"
"DGB","lm","test",1.2749956185128,0.462007568387697,"2021-08-30 02:47:34"
"DGB","nnet","holdout",1.79031799490165,0.036084029901462,"2021-08-30 02:47:34"
"DGB","nnet","test",2.30452758878484,0.0693174547566042,"2021-08-30 02:47:34"
"DGB","pcr","holdout",1.2706821824076,0.0117087312045562,"2021-08-30 02:47:34"
"DGB","pcr","test",1.23767954946956,0.249121988213644,"2021-08-30 02:47:34"
"DGB","rf","holdout",2.32292113549383,0.000305551444107069,"2021-08-30 02:47:34"
"DGB","rf","test",1.95020826959329,0.0223123293023599,"2021-08-30 02:47:34"
"DGB","xgb","holdout",2.64195875915596,0.00454747639129186,"2021-08-30 02:47:34"
"DGB","xgb","test",2.0769870232238,0.0677206161613005,"2021-08-30 02:47:34"
"DODO","lm","holdout",4.4609444892044,0.000956720415655263,"2021-08-30 02:47:34"
"DODO","lm","test",8.24063605349547,0.478415804807282,"2021-08-30 02:47:34"
"DODO","nnet","holdout",1.3194334415121,0.180822988275498,"2021-08-30 02:47:34"
"DODO","nnet","test",6.43622221972899,0.307007572814197,"2021-08-30 02:47:34"
"DODO","pcr","holdout",1.19189193472179,0.00780847053147544,"2021-08-30 02:47:34"
"DODO","pcr","test",2.84842438423569,0.374787906564437,"2021-08-30 02:47:34"
"DODO","rf","holdout",1.86747456715032,0.0000655165435003803,"2021-08-30 02:47:34"
"DODO","rf","test",3.08062710991809,0.147924302702525,"2021-08-30 02:47:34"
"DODO","xgb","holdout",1.50467266597635,0.00280924841345928,"2021-08-30 02:47:34"
"DODO","xgb","test",3.26242271163661,0.0188427992323317,"2021-08-30 02:47:34"
"DOGE","lm","holdout",1.01506785528189,0.00681778132763837,"2021-08-30 02:47:34"
"DOGE","lm","test",3.99846359424563,0.308581358393042,"2021-08-30 02:47:34"
"DOGE","nnet","holdout",0.745556737633486,0.00104706478127493,"2021-08-30 02:47:34"
"DOGE","nnet","test",4.37915157920175,0.375431299760215,"2021-08-30 02:47:34"
"DOGE","pcr","holdout",0.659206587337495,0.0753392440107109,"2021-08-30 02:47:34"
"DOGE","pcr","test",4.21126447857529,0.39800584226845,"2021-08-30 02:47:34"
"DOGE","rf","holdout",1.42493145447604,0.00248390051600437,"2021-08-30 02:47:34"
"DOGE","rf","test",3.70761380744952,0.239021619479256,"2021-08-30 02:47:34"
"DOGE","xgb","holdout",1.14188607591185,0.0000646617927774919,"2021-08-30 02:47:34"
"DOGE","xgb","test",4.63545956384177,0.292793003416821,"2021-08-30 02:47:34"
"ELF","lm","holdout",0.713623565955149,0.830369785480661,"2021-08-30 02:47:34"
"ELF","lm","test",1.39583994915221,0.58303888623881,"2021-08-30 02:47:34"
"ELF","nnet","holdout",2.75503566208735,0.254278373930689,"2021-08-30 02:47:34"
"ELF","nnet","test",2.38602998153836,0.230831277361938,"2021-08-30 02:47:34"
"ELF","pcr","holdout",1.18237087390535,0.504582480767332,"2021-08-30 02:47:34"
"ELF","pcr","test",1.63603816700547,0.399065063796574,"2021-08-30 02:47:34"
"ELF","rf","holdout",1.49840562409425,0.220018135150028,"2021-08-30 02:47:34"
"ELF","rf","test",2.85195055549725,0.0479945780508208,"2021-08-30 02:47:34"
"ELF","xgb","holdout",2.66167975877153,0.0157102243607288,"2021-08-30 02:47:34"
"ELF","xgb","test",3.36702736553668,0.0662473058131332,"2021-08-30 02:47:34"
"ENJ","lm","holdout",1.25471982430955,0.70318285803351,"2021-08-30 02:47:34"
"ENJ","lm","test",1.49043476354712,0.411296744134841,"2021-08-30 02:47:34"
"ENJ","nnet","holdout",2.40339565436001,0.25373843877275,"2021-08-30 02:47:34"
"ENJ","nnet","test",2.22385573410104,0.0247744936738709,"2021-08-30 02:47:34"
"ENJ","pcr","holdout",1.57603761059955,0.57959524159465,"2021-08-30 02:47:34"
"ENJ","pcr","test",1.52251630080138,0.15538529097832,"2021-08-30 02:47:34"
"ENJ","rf","holdout",2.44435527771636,0.0328153302160523,"2021-08-30 02:47:34"
"ENJ","rf","test",2.28910982598861,0.0326441695566108,"2021-08-30 02:47:34"
"ENJ","xgb","holdout",2.7866077621163,0.00977270214787285,"2021-08-30 02:47:34"
"ENJ","xgb","test",2.46095555512916,0.0291025063591041,"2021-08-30 02:47:34"
"EOS","lm","holdout",1.47137969935469,0.204949547092923,"2021-08-30 02:47:34"
"EOS","lm","test",1.04399284083948,0.701268391227644,"2021-08-30 02:47:34"
"EOS","nnet","holdout",2.31347553170642,0.0631314007997856,"2021-08-30 02:47:34"
"EOS","nnet","test",1.99362030111062,0.185091827658443,"2021-08-30 02:47:34"
"EOS","pcr","holdout",1.0413481213395,0.129983652241128,"2021-08-30 02:47:34"
"EOS","pcr","test",1.40310393681525,0.333239513251237,"2021-08-30 02:47:34"
"EOS","rf","holdout",4.56271710472569,0.021777132286464,"2021-08-30 02:47:34"
"EOS","rf","test",2.13660030556543,0.0911846145665313,"2021-08-30 02:47:34"
"EOS","xgb","holdout",2.77941003673338,0.0877706091402723,"2021-08-30 02:47:34"
"EOS","xgb","test",2.40631742520497,0.0754107321263668,"2021-08-30 02:47:34"
"ETC","lm","holdout",0.755744054714683,0.251117659226152,"2021-08-30 02:47:34"
"ETC","lm","test",1.31917774286815,0.372279789598398,"2021-08-30 02:47:34"
"ETC","nnet","holdout",0.543677123365551,0.0806290660437098,"2021-08-30 02:47:34"
"ETC","nnet","test",2.15392785409314,0.0727207072025838,"2021-08-30 02:47:34"
"ETC","pcr","holdout",0.685815609805836,0.102569045420084,"2021-08-30 02:47:34"
"ETC","pcr","test",1.54818951448696,0.201811036691323,"2021-08-30 02:47:34"
"ETC","rf","holdout",1.41567373035633,0.485867075665649,"2021-08-30 02:47:34"
"ETC","rf","test",2.10795358799732,0.0665494216024635,"2021-08-30 02:47:34"
"ETC","xgb","holdout",1.33376246628177,0.00000000205441295242339,"2021-08-30 02:47:34"
"ETC","xgb","test",3.29788569384748,0.0483561429374783,"2021-08-30 02:47:34"
"ETH","lm","holdout",0.485989352893232,0.297946993676865,"2021-08-30 02:47:34"
"ETH","lm","test",0.948439193692965,0.599395142693175,"2021-08-30 02:47:34"
"ETH","nnet","holdout",0.972786365488943,0.0356008619604133,"2021-08-30 02:47:34"
"ETH","nnet","test",1.89888800941533,0.122583952703464,"2021-08-30 02:47:34"
"ETH","pcr","holdout",0.526190996064386,0.126913798601388,"2021-08-30 02:47:34"
"ETH","pcr","test",1.05528463472228,0.318741067563127,"2021-08-30 02:47:34"
"ETH","rf","holdout",0.794565147112234,0.0524216224105131,"2021-08-30 02:47:34"
"ETH","rf","test",1.5604896451535,0.0794868359741882,"2021-08-30 02:47:34"
"ETH","xgb","holdout",1.36650378379332,0.0255343902284164,"2021-08-30 02:47:34"
"ETH","xgb","test",1.92089767730561,0.0685189904412024,"2021-08-30 02:47:34"
"ETP","lm","holdout",8.61941285761465,0.422660446958664,"2021-08-30 02:47:34"
"ETP","lm","test",2.36401817760431,0.350841277741608,"2021-08-30 02:47:34"
"ETP","nnet","holdout",11.3785549665107,0.0000932839605339539,"2021-08-30 02:47:34"
"ETP","nnet","test",3.20339550714204,0.205554728375232,"2021-08-30 02:47:34"
"ETP","pcr","holdout",9.75482818387444,0.446105516915538,"2021-08-30 02:47:34"
"ETP","pcr","test",1.88694917260624,0.242543518726785,"2021-08-30 02:47:34"
"ETP","rf","holdout",9.1115646502824,0.000802228827501163,"2021-08-30 02:47:34"
"ETP","rf","test",4.22748265899718,0.0523709284607758,"2021-08-30 02:47:34"
"ETP","xgb","holdout",14.16333489073,0.00000206767799126916,"2021-08-30 02:47:34"
"ETP","xgb","test",5.44123704421619,0.0384981939584111,"2021-08-30 02:47:34"
"EVX","lm","holdout",1.1312552455239,0.0829578907960954,"2021-08-30 02:47:34"
"EVX","lm","test",2.44507232959031,0.408519895314107,"2021-08-30 02:47:34"
"EVX","nnet","holdout",1.78718283881875,0.028446180799126,"2021-08-30 02:47:34"
"EVX","nnet","test",4.15684149483589,0.385969000502202,"2021-08-30 02:47:34"
"EVX","pcr","holdout",1.07508287591594,0.164962621686707,"2021-08-30 02:47:34"
"EVX","pcr","test",1.44734531452483,0.518566724098003,"2021-08-30 02:47:34"
"EVX","rf","holdout",1.00461163090882,0.0172979919768857,"2021-08-30 02:47:34"
"EVX","rf","test",1.84920508230909,0.186109937478449,"2021-08-30 02:47:34"
"EVX","xgb","holdout",2.0643573307036,0.0459423721838269,"2021-08-30 02:47:34"
"EVX","xgb","test",2.55985255978118,0.0996291544508533,"2021-08-30 02:47:34"
"FIL","lm","holdout",1.00255521284645,0.0891380050067164,"2021-08-30 02:47:34"
"FIL","lm","test",17.9073557712344,0.42870295554705,"2021-08-30 02:47:34"
"FIL","nnet","holdout",2.06278889853822,0.15101903589505,"2021-08-30 02:47:34"
"FIL","nnet","test",2.72185874575663,0.313970391676054,"2021-08-30 02:47:34"
"FIL","pcr","holdout",0.633886827299586,0.0430771635126197,"2021-08-30 02:47:34"
"FIL","pcr","test",1.5801030004938,0.335035824504948,"2021-08-30 02:47:34"
"FIL","rf","holdout",0.655857862548114,0.166114187473824,"2021-08-30 02:47:34"
"FIL","rf","test",1.51797559440951,0.289123988188369,"2021-08-30 02:47:34"
"FIL","xgb","holdout",0.907117164439384,0.0552079665611989,"2021-08-30 02:47:34"
"FIL","xgb","test",1.78607817208501,0.262056070008639,"2021-08-30 02:47:34"
"HT","lm","holdout",1.50151551186135,0.590195317563528,"2021-08-30 02:47:34"
"HT","lm","test",0.927254538359163,0.597107056860853,"2021-08-30 02:47:34"
"HT","nnet","holdout",1.51713719925657,0.876476570513032,"2021-08-30 02:47:34"
"HT","nnet","test",2.35158453641187,0.126072333175746,"2021-08-30 02:47:34"
"HT","pcr","holdout",0.938256147880068,0.871461291377741,"2021-08-30 02:47:34"
"HT","pcr","test",1.26115455310022,0.241391505042396,"2021-08-30 02:47:34"
"HT","rf","holdout",2.75490439275605,0.352404129875956,"2021-08-30 02:47:34"
"HT","rf","test",2.34368740340014,0.0311522966297828,"2021-08-30 02:47:34"
"HT","xgb","holdout",3.28369400110785,0.183089125019028,"2021-08-30 02:47:34"
"HT","xgb","test",2.11413633375339,0.0331777174444966,"2021-08-30 02:47:34"
"ICP","lm","holdout",1.78515537503732,0.468815328556342,"2021-08-30 02:47:34"
"ICP","lm","test",1.50346190226993,0.373766902693714,"2021-08-30 02:47:34"
"ICP","nnet","holdout",2.25901610797506,0.15402883740925,"2021-08-30 02:47:34"
"ICP","nnet","test",2.58486383702712,0.212026684160351,"2021-08-30 02:47:34"
"ICP","pcr","holdout",2.01334876842833,0.446742852790834,"2021-08-30 02:47:34"
"ICP","pcr","test",1.97914559431937,0.327752280266963,"2021-08-30 02:47:34"
"ICP","rf","holdout",2.20143632688674,0.160185818768157,"2021-08-30 02:47:34"
"ICP","rf","test",2.3806896796488,0.122650547248333,"2021-08-30 02:47:34"
"ICP","xgb","holdout",3.17687777602864,0.107342898239288,"2021-08-30 02:47:34"
"ICP","xgb","test",2.8938518319576,0.136586430640764,"2021-08-30 02:47:34"
"INJ","lm","holdout",1.48234907221338,0.0249372867281454,"2021-08-30 02:47:34"
"INJ","lm","test",3.44303520569368,0.231413638086508,"2021-08-30 02:47:34"
"INJ","nnet","holdout",1.68078320231898,0.333226591794129,"2021-08-30 02:47:34"
"INJ","nnet","test",3.53853461838564,0.0334355877685504,"2021-08-30 02:47:34"
"INJ","pcr","holdout",1.32744900665348,0.222432172401291,"2021-08-30 02:47:34"
"INJ","pcr","test",2.24442863213358,0.0994570327589551,"2021-08-30 02:47:34"
"INJ","rf","holdout",0.951949801689621,0.316499909143677,"2021-08-30 02:47:34"
"INJ","rf","test",2.959698559708,0.137465986253742,"2021-08-30 02:47:34"
"INJ","xgb","holdout",1.03312584252758,0.18049401963219,"2021-08-30 02:47:34"
"INJ","xgb","test",4.4813218425215,0.0476552893629377,"2021-08-30 02:47:34"
"JST","lm","holdout",0.912578587898311,0.248014956069115,"2021-08-30 02:47:34"
"JST","lm","test",0.923283242214018,0.681608611471704,"2021-08-30 02:47:34"
"JST","nnet","holdout",0.939180227384764,0.097148634545793,"2021-08-30 02:47:34"
"JST","nnet","test",2.18293039093984,0.14011821005573,"2021-08-30 02:47:34"
"JST","pcr","holdout",0.844898112199968,0.297482452127374,"2021-08-30 02:47:34"
"JST","pcr","test",1.36529378668923,0.227131174284616,"2021-08-30 02:47:34"
"JST","rf","holdout",1.80650436479397,0.026069769673356,"2021-08-30 02:47:34"
"JST","rf","test",1.83088313185737,0.117023843713091,"2021-08-30 02:47:34"
"JST","xgb","holdout",2.24076890976087,0.018822644040457,"2021-08-30 02:47:34"
"JST","xgb","test",2.07349481984251,0.0600810602360263,"2021-08-30 02:47:34"
"KMD","lm","holdout",1.68500545661147,0.139405503262543,"2021-08-30 02:47:34"
"KMD","lm","test",1.52237014885318,0.479385367271898,"2021-08-30 02:47:34"
"KMD","nnet","holdout",1.87750630106161,0.139787095208232,"2021-08-30 02:47:34"
"KMD","nnet","test",2.31727223676698,0.272753610624297,"2021-08-30 02:47:34"
"KMD","pcr","holdout",0.87687365578403,0.156713373376951,"2021-08-30 02:47:34"
"KMD","pcr","test",1.81943848677839,0.359519985389082,"2021-08-30 02:47:34"
"KMD","rf","holdout",2.06364935819111,0.100156442239645,"2021-08-30 02:47:34"
"KMD","rf","test",2.97173966473997,0.14881883230459,"2021-08-30 02:47:34"
"KMD","xgb","holdout",2.30706656846769,0.136771884133892,"2021-08-30 02:47:34"
"KMD","xgb","test",3.50039247291956,0.0667946205507232,"2021-08-30 02:47:34"
"KNC","lm","holdout",0.697650320088811,0.515280282780176,"2021-08-30 02:47:34"
"KNC","lm","test",0.984053858348187,0.630194557084101,"2021-08-30 02:47:34"
"KNC","nnet","holdout",1.48418407997337,0.0247768691949801,"2021-08-30 02:47:34"
"KNC","nnet","test",1.7217179411549,0.0764181030911462,"2021-08-30 02:47:34"
"KNC","pcr","holdout",1.00125881962875,0.001345311232162,"2021-08-30 02:47:34"
"KNC","pcr","test",1.41200474659141,0.175385795426437,"2021-08-30 02:47:34"
"KNC","rf","holdout",1.94619087133485,0.0398654286306325,"2021-08-30 02:47:34"
"KNC","rf","test",2.55787298555444,0.12256202750524,"2021-08-30 02:47:34"
"KNC","xgb","holdout",1.94542531114989,0.0211302095589291,"2021-08-30 02:47:34"
"KNC","xgb","test",2.90714111234431,0.064938521119204,"2021-08-30 02:47:34"
"LEO","lm","holdout",1.06000364644592,0.649957849875755,"2021-08-30 02:47:34"
"LEO","lm","test",10.4258604174726,0.286668661439652,"2021-08-30 02:47:34"
"LEO","nnet","holdout",0.371392255899729,0.969822314292654,"2021-08-30 02:47:34"
"LEO","nnet","test",4.77841523479174,0.130767757270556,"2021-08-30 02:47:34"
"LEO","pcr","holdout",0.788333532849217,0.938020069396817,"2021-08-30 02:47:34"
"LEO","pcr","test",4.05930852140466,0.305895281724093,"2021-08-30 02:47:34"
"LEO","rf","holdout",2.6991636617977,0.110665768692128,"2021-08-30 02:47:34"
"LEO","rf","test",4.91554932941332,0.0873611784933178,"2021-08-30 02:47:34"
"LEO","xgb","holdout",2.91677164236741,0.118344742020764,"2021-08-30 02:47:34"
"LEO","xgb","test",6.88489307192334,0.0492065244139935,"2021-08-30 02:47:34"
"LSK","lm","holdout",1.10448065273777,0.321319721239851,"2021-08-30 02:47:34"
"LSK","lm","test",1.42301215225516,0.509330137991429,"2021-08-30 02:47:34"
"LSK","nnet","holdout",2.64880627884346,0.0128432880590157,"2021-08-30 02:47:34"
"LSK","nnet","test",2.15411093704802,0.292939650374313,"2021-08-30 02:47:34"
"LSK","pcr","holdout",1.19600317424585,0.00023927329499059,"2021-08-30 02:47:34"
"LSK","pcr","test",1.69901149775027,0.325395974775527,"2021-08-30 02:47:34"
"LSK","rf","holdout",2.14822165714764,0.000189310925701481,"2021-08-30 02:47:34"
"LSK","rf","test",2.59629227930315,0.0995237601696163,"2021-08-30 02:47:34"
"LSK","xgb","holdout",2.09457202150367,0.00354436208756372,"2021-08-30 02:47:34"
"LSK","xgb","test",3.53240670669523,0.0619298951299472,"2021-08-30 02:47:34"
"LTC","lm","holdout",0.969072775974381,0.145601212491597,"2021-08-30 02:47:34"
"LTC","lm","test",0.864148253289685,0.652030590063922,"2021-08-30 02:47:34"
"LTC","nnet","holdout",1.56700456238983,0.0274940583086624,"2021-08-30 02:47:34"
"LTC","nnet","test",1.70810940489508,0.124865424788965,"2021-08-30 02:47:34"
"LTC","pcr","holdout",0.775312035355397,0.0857154202918992,"2021-08-30 02:47:34"
"LTC","pcr","test",1.11693947965407,0.296551260781198,"2021-08-30 02:47:34"
"LTC","rf","holdout",2.86861361467363,0.04371761774272,"2021-08-30 02:47:34"
"LTC","rf","test",1.6500842505191,0.133438823020491,"2021-08-30 02:47:34"
"LTC","xgb","holdout",2.00156726901498,0.0235134693154915,"2021-08-30 02:47:34"
"LTC","xgb","test",2.00848487839504,0.0542464563477868,"2021-08-30 02:47:34"
"MANA","lm","holdout",1.24665202932646,0.96099585965736,"2021-08-30 02:47:34"
"MANA","lm","test",1.48075568594536,0.414559024732584,"2021-08-30 02:47:34"
"MANA","nnet","holdout",2.28865437824655,0.3188662689329,"2021-08-30 02:47:34"
"MANA","nnet","test",1.97757260793856,0.0584542264368477,"2021-08-30 02:47:34"
"MANA","pcr","holdout",1.81377981465667,0.712464506929496,"2021-08-30 02:47:34"
"MANA","pcr","test",1.46082295431192,0.197599119711108,"2021-08-30 02:47:34"
"MANA","rf","holdout",2.89089690172682,0.0587961984080973,"2021-08-30 02:47:34"
"MANA","rf","test",3.13815629486649,0.0315539015178248,"2021-08-30 02:47:34"
"MANA","xgb","holdout",2.89624406879159,0.00170429618474494,"2021-08-30 02:47:34"
"MANA","xgb","test",3.88932324393594,0.0267884405490515,"2021-08-30 02:47:34"
"MDX","lm","holdout",1.26284533640017,0.021367582893797,"2021-08-30 02:47:34"
"MDX","lm","test",6.12440453265908,0.414241300869537,"2021-08-30 02:47:34"
"MDX","nnet","holdout",3.06602300329426,0.0078170639080626,"2021-08-30 02:47:34"
"MDX","nnet","test",4.04392603693074,0.463610152138867,"2021-08-30 02:47:34"
"MDX","pcr","holdout",1.15670304753065,0.000307355227873899,"2021-08-30 02:47:34"
"MDX","pcr","test",0.952345017218258,0.183509685136562,"2021-08-30 02:47:34"
"MDX","rf","holdout",2.75841753820474,0.307308412163323,"2021-08-30 02:47:34"
"MDX","rf","test",4.70805495523933,0.298248637215265,"2021-08-30 02:47:34"
"MDX","xgb","holdout",3.24223274146938,0.457612663756611,"2021-08-30 02:47:34"
"MDX","xgb","test",4.00134630760099,0.319208158016657,"2021-08-30 02:47:34"
"MITH","lm","holdout",1.18193799440785,0.000012017069281802,"2021-08-30 02:47:34"
"MITH","lm","test",4.69825693256027,0.351537564763614,"2021-08-30 02:47:34"
"MITH","nnet","holdout",0.996364309078141,0.0291895644159006,"2021-08-30 02:47:34"
"MITH","nnet","test",2.61778054182863,0.367698277939396,"2021-08-30 02:47:34"
"MITH","pcr","holdout",1.03908682000189,0.00881631352750743,"2021-08-30 02:47:34"
"MITH","pcr","test",2.34819768289307,0.328497143933978,"2021-08-30 02:47:34"
"MITH","rf","holdout",1.45904847927607,0.00387255799288549,"2021-08-30 02:47:34"
"MITH","rf","test",2.44896224746885,0.304594880787624,"2021-08-30 02:47:34"
"MITH","xgb","holdout",1.75234999380334,0.0686054776173469,"2021-08-30 02:47:34"
"MITH","xgb","test",2.98255484164458,0.135131379735481,"2021-08-30 02:47:34"
"NCT","lm","holdout",5.09910803515303,0.208020424126259,"2021-08-30 02:47:34"
"NCT","lm","test",5.03179788453072,0.25073019194413,"2021-08-30 02:47:34"
"NCT","nnet","holdout",7.56600662366806,0.0000282487668062763,"2021-08-30 02:47:34"
"NCT","nnet","test",5.84786732653333,0.00257526495030778,"2021-08-30 02:47:34"
"NCT","pcr","holdout",1.78744668366209,0.118786295583779,"2021-08-30 02:47:34"
"NCT","pcr","test",5.01478786582612,0.108805928889525,"2021-08-30 02:47:34"
"NCT","rf","holdout",1.90237680115528,0.0000248732614892923,"2021-08-30 02:47:34"
"NCT","rf","test",5.29830708069102,0.00282081756769335,"2021-08-30 02:47:34"
"NCT","xgb","holdout",1.90779385212994,0.000248875996552352,"2021-08-30 02:47:34"
"NCT","xgb","test",5.32130048389632,0.042540537140729,"2021-08-30 02:47:34"
"NEXO","lm","holdout",0.779748714433234,0.0823681752362309,"2021-08-30 02:47:34"
"NEXO","lm","test",1.06803244340294,0.51527712464946,"2021-08-30 02:47:34"
"NEXO","nnet","holdout",1.37478339336389,0.032910656140812,"2021-08-30 02:47:34"
"NEXO","nnet","test",1.91880368863891,0.0714252160187034,"2021-08-30 02:47:34"
"NEXO","pcr","holdout",0.783696839832782,0.00484652449200825,"2021-08-30 02:47:34"
"NEXO","pcr","test",1.28132591464621,0.239088360552892,"2021-08-30 02:47:34"
"NEXO","rf","holdout",1.5637221416362,0.00509363466035583,"2021-08-30 02:47:34"
"NEXO","rf","test",2.77829246966868,0.034607466142949,"2021-08-30 02:47:34"
"NEXO","xgb","holdout",1.66704334530232,0.0517093279377278,"2021-08-30 02:47:34"
"NEXO","xgb","test",3.07504024128786,0.0366373247438454,"2021-08-30 02:47:34"
"NU","lm","holdout",0.891949228641103,0.656281356466381,"2021-08-30 02:47:34"
"NU","lm","test",1.32866445233033,0.544277517604462,"2021-08-30 02:47:34"
"NU","nnet","holdout",1.39509479499764,0.170889127551673,"2021-08-30 02:47:34"
"NU","nnet","test",2.46391608948851,0.176133854160846,"2021-08-30 02:47:34"
"NU","pcr","holdout",1.27125790324592,0.290480995428594,"2021-08-30 02:47:34"
"NU","pcr","test",1.52597808548062,0.201911268011721,"2021-08-30 02:47:34"
"NU","rf","holdout",1.67652470111409,0.0801592810438665,"2021-08-30 02:47:34"
"NU","rf","test",2.02391211814132,0.102227742297075,"2021-08-30 02:47:34"
"NU","xgb","holdout",2.79106664834875,0.109469292134746,"2021-08-30 02:47:34"
"NU","xgb","test",3.08463662417336,0.0557300980708781,"2021-08-30 02:47:34"
"NWC","lm","holdout",0.580682397816125,0.732138093771112,"2021-08-30 02:47:34"
"NWC","lm","test",1.74986227843787,0.330862824697961,"2021-08-30 02:47:34"
"NWC","nnet","holdout",1.61683598421288,0.120976631850383,"2021-08-30 02:47:34"
"NWC","nnet","test",2.4191815093647,0.143848660920472,"2021-08-30 02:47:34"
"NWC","pcr","holdout",1.01834168579336,0.157868469584503,"2021-08-30 02:47:34"
"NWC","pcr","test",1.27028222189596,0.0830456852518356,"2021-08-30 02:47:34"
"NWC","rf","holdout",1.59915538895699,0.0418012574376392,"2021-08-30 02:47:34"
"NWC","rf","test",1.68560564734552,0.0775486748495392,"2021-08-30 02:47:34"
"NWC","xgb","holdout",1.54974438694459,0.017088090054652,"2021-08-30 02:47:34"
"NWC","xgb","test",2.12212810691987,0.020240309492213,"2021-08-30 02:47:34"
"OAX","lm","holdout",1.24645463794171,0.155809511273007,"2021-08-30 02:47:34"
"OAX","lm","test",1.13274525466777,0.46965753803333,"2021-08-30 02:47:34"
"OAX","nnet","holdout",0.957882085038464,0.100795976376629,"2021-08-30 02:47:34"
"OAX","nnet","test",1.7822605714264,0.369914101715851,"2021-08-30 02:47:34"
"OAX","pcr","holdout",0.953852839962472,0.132945549498531,"2021-08-30 02:47:34"
"OAX","pcr","test",1.21263361466346,0.476411586860867,"2021-08-30 02:47:34"
"OAX","rf","holdout",1.51940533550307,0.074948749024831,"2021-08-30 02:47:34"
"OAX","rf","test",1.87642025912451,0.310853675042337,"2021-08-30 02:47:34"
"OAX","xgb","holdout",2.03687717912674,0.000699072740358777,"2021-08-30 02:47:34"
"OAX","xgb","test",2.88413861772246,0.241186648063936,"2021-08-30 02:47:34"
"OGN","lm","holdout",1.60848408211676,0.358582786945309,"2021-08-30 02:47:34"
"OGN","lm","test",1.95230311504803,0.339155410066841,"2021-08-30 02:47:34"
"OGN","nnet","holdout",2.36050614067374,0.00221187627969951,"2021-08-30 02:47:34"
"OGN","nnet","test",2.47600437183175,0.119270594512507,"2021-08-30 02:47:34"
"OGN","pcr","holdout",1.90218623074402,0.0890895037952076,"2021-08-30 02:47:34"
"OGN","pcr","test",1.84054046248372,0.182741782237531,"2021-08-30 02:47:34"
"OGN","rf","holdout",3.66033670397611,0.123635194469046,"2021-08-30 02:47:34"
"OGN","rf","test",3.21050993869944,0.0976262296255482,"2021-08-30 02:47:34"
"OGN","xgb","holdout",4.68724175767838,0.0569261443795151,"2021-08-30 02:47:34"
"OGN","xgb","test",3.16565083150609,0.0656331164695137,"2021-08-30 02:47:34"
"ONE","lm","holdout",2.51008154179332,0.00439707313119988,"2021-08-30 02:47:34"
"ONE","lm","test",8.66047083491423,0.413996348609929,"2021-08-30 02:47:34"
"ONE","nnet","holdout",1.10199370374359,0.127863408445856,"2021-08-30 02:47:34"
"ONE","nnet","test",2.87641085680343,0.327093141335201,"2021-08-30 02:47:34"
"ONE","pcr","holdout",1.04717056867387,0.0276592133527978,"2021-08-30 02:47:34"
"ONE","pcr","test",2.3452834850098,0.276463300915214,"2021-08-30 02:47:34"
"ONE","rf","holdout",2.74706190628968,0.00882171357851416,"2021-08-30 02:47:34"
"ONE","rf","test",2.62802921550002,0.26615842613425,"2021-08-30 02:47:34"
"ONE","xgb","holdout",2.64308717070418,0.00457707169547274,"2021-08-30 02:47:34"
"ONE","xgb","test",3.22617164173345,0.068889409096242,"2021-08-30 02:47:34"
"OXT","lm","holdout",3.25542182270828,0.00292820996511521,"2021-08-30 02:47:34"
"OXT","lm","test",2.32753401050309,0.471821158320727,"2021-08-30 02:47:34"
"OXT","nnet","holdout",2.91259921633576,0.0800546326831519,"2021-08-30 02:47:34"
"OXT","nnet","test",4.87711242940969,0.260780417019927,"2021-08-30 02:47:34"
"OXT","pcr","holdout",2.41449965937404,0.15416310214325,"2021-08-30 02:47:34"
"OXT","pcr","test",2.47416743490008,0.34806190220824,"2021-08-30 02:47:34"
"OXT","rf","holdout",2.86281215079774,0.024562294336277,"2021-08-30 02:47:34"
"OXT","rf","test",3.87293490039201,0.269822815310978,"2021-08-30 02:47:34"
"OXT","xgb","holdout",3.3395133246407,0.0118885963457692,"2021-08-30 02:47:34"
"OXT","xgb","test",3.92517796174097,0.0591955468639712,"2021-08-30 02:47:34"
"PERP","lm","holdout",0.871370940172382,0.702347101378825,"2021-08-30 02:47:34"
"PERP","lm","test",2.09175774819667,0.638342640262542,"2021-08-30 02:47:34"
"PERP","nnet","holdout",1.32511350805481,0.298055956051293,"2021-08-30 02:47:34"
"PERP","nnet","test",4.05497950758445,0.349020463766528,"2021-08-30 02:47:34"
"PERP","pcr","holdout",1.18257862998278,0.432470954577249,"2021-08-30 02:47:34"
"PERP","pcr","test",2.65397687501847,0.582823719624948,"2021-08-30 02:47:34"
"PERP","rf","holdout",2.92124281136553,0.0667221523981847,"2021-08-30 02:47:34"
"PERP","rf","test",4.69053878326122,0.0373199599066009,"2021-08-30 02:47:34"
"PERP","xgb","holdout",4.25016566352975,0.0146813209182882,"2021-08-30 02:47:34"
"PERP","xgb","test",4.15857071141463,0.0495637213767513,"2021-08-30 02:47:34"
"RARI","lm","holdout",2.01979820428805,0.286651005393385,"2021-08-30 02:47:34"
"RARI","lm","test",2.8763204767598,0.395463910263057,"2021-08-30 02:47:34"
"RARI","nnet","holdout",2.20690257307944,0.0122406147892375,"2021-08-30 02:47:34"
"RARI","nnet","test",4.52855020403149,0.188618909794576,"2021-08-30 02:47:34"
"RARI","pcr","holdout",1.95135866796298,0.206083969883137,"2021-08-30 02:47:34"
"RARI","pcr","test",3.56437620805768,0.0994721010688978,"2021-08-30 02:47:34"
"RARI","rf","holdout",3.05081117706156,0.00876180748486924,"2021-08-30 02:47:34"
"RARI","rf","test",3.91183399425247,0.0959609407549266,"2021-08-30 02:47:34"
"RARI","xgb","holdout",3.07667327150086,0.0508975949997847,"2021-08-30 02:47:34"
"RARI","xgb","test",6.96520725016623,0.0156175946743661,"2021-08-30 02:47:34"
"REEF","lm","holdout",1.04487101521469,0.634629353222958,"2021-08-30 02:47:34"
"REEF","lm","test",1.98815420841571,0.286395148161614,"2021-08-30 02:47:34"
"REEF","nnet","holdout",2.45629813404868,0.16859819668689,"2021-08-30 02:47:34"
"REEF","nnet","test",3.67726338772102,0.0884664365923284,"2021-08-30 02:47:34"
"REEF","pcr","holdout",1.11648383846707,0.473876122322738,"2021-08-30 02:47:34"
"REEF","pcr","test",2.03230707261491,0.131735077418166,"2021-08-30 02:47:34"
"REEF","rf","holdout",1.36703137997925,0.142524198640624,"2021-08-30 02:47:34"
"REEF","rf","test",2.2533331282352,0.0880459660532642,"2021-08-30 02:47:34"
"REEF","xgb","holdout",1.66186060198022,0.0178944396613689,"2021-08-30 02:47:34"
"REEF","xgb","test",3.27759588686623,0.0167480473730268,"2021-08-30 02:47:34"
"RSR","lm","holdout",1.04589180513232,0.487796490188318,"2021-08-30 02:47:34"
"RSR","lm","test",1.7374810691855,0.4086446191604,"2021-08-30 02:47:34"
"RSR","nnet","holdout",1.36542563886677,0.0440274536008507,"2021-08-30 02:47:34"
"RSR","nnet","test",3.44397212064709,0.18772232474374,"2021-08-30 02:47:34"
"RSR","pcr","holdout",1.15196989938916,0.120522665723305,"2021-08-30 02:47:34"
"RSR","pcr","test",1.46349452618475,0.391789728630106,"2021-08-30 02:47:34"
"RSR","rf","holdout",1.48902124805794,0.0469117949394832,"2021-08-30 02:47:34"
"RSR","rf","test",2.40115084482496,0.0321707990114168,"2021-08-30 02:47:34"
"RSR","xgb","holdout",2.73138537382125,0.00569809526279689,"2021-08-30 02:47:34"
"RSR","xgb","test",2.51531528883338,0.0786792769482112,"2021-08-30 02:47:34"
"SEELE","lm","holdout",6.54543228573323,0.050843325750748,"2021-08-30 02:47:34"
"SEELE","lm","test",13.0550199165519,0.0432335569446388,"2021-08-30 02:47:34"
"SEELE","nnet","holdout",57.3936314957817,0.216131955000431,"2021-08-30 02:47:34"
"SEELE","nnet","test",11.9895195758572,0.0696179023091818,"2021-08-30 02:47:34"
"SEELE","pcr","holdout",5.3859036672609,0.211020305925164,"2021-08-30 02:47:34"
"SEELE","pcr","test",11.7597040094293,0.100175953100116,"2021-08-30 02:47:34"
"SEELE","rf","holdout",5.47281331870827,0.225319518707426,"2021-08-30 02:47:34"
"SEELE","rf","test",11.465928100559,0.063494697471106,"2021-08-30 02:47:34"
"SEELE","xgb","holdout",5.28205496551209,0.234987289327357,"2021-08-30 02:47:34"
"SEELE","xgb","test",13.3557236066907,0.00679035593966328,"2021-08-30 02:47:34"
"SOLO","lm","holdout",2.025668716035,0.322437444942921,"2021-08-30 02:47:34"
"SOLO","lm","test",2.25126537070478,0.185750244629232,"2021-08-30 02:47:34"
"SOLO","nnet","holdout",3.05404768551279,0.251230553327043,"2021-08-30 02:47:34"
"SOLO","nnet","test",3.02583014450923,0.0828581953210182,"2021-08-30 02:47:34"
"SOLO","pcr","holdout",1.94851022141259,0.362903344356684,"2021-08-30 02:47:34"
"SOLO","pcr","test",2.38169319771433,0.142342165185142,"2021-08-30 02:47:34"
"SOLO","rf","holdout",2.5315314231864,0.00052303472494703,"2021-08-30 02:47:34"
"SOLO","rf","test",2.57129982202338,0.0720183666546821,"2021-08-30 02:47:34"
"SOLO","xgb","holdout",2.41838054886354,0.058438890942606,"2021-08-30 02:47:34"
"SOLO","xgb","test",2.91014022369773,0.0438396432856215,"2021-08-30 02:47:34"
"SRN","lm","holdout",1.73606035857904,0.602990092904854,"2021-08-30 02:47:34"
"SRN","lm","test",2.31695975332998,0.394218743706329,"2021-08-30 02:47:34"
"SRN","nnet","holdout",2.56849174408369,0.146310890719294,"2021-08-30 02:47:34"
"SRN","nnet","test",3.08814706869197,0.194394920530041,"2021-08-30 02:47:34"
"SRN","pcr","holdout",1.97326018069376,0.42670951512706,"2021-08-30 02:47:34"
"SRN","pcr","test",2.49271519171587,0.199061092565808,"2021-08-30 02:47:34"
"SRN","rf","holdout",2.13244209868767,0.408084829080413,"2021-08-30 02:47:34"
"SRN","rf","test",3.22522174933029,0.191842399849565,"2021-08-30 02:47:34"
"SRN","xgb","holdout",2.64802256866721,0.206844164954528,"2021-08-30 02:47:34"
"SRN","xgb","test",6.7573279902859,0.0246492014146917,"2021-08-30 02:47:34"
"SUN","lm","holdout",7.63569938467875,0.000228902678179739,"2021-08-30 02:47:34"
"SUN","lm","test",8.12704579605697,0.369060072583384,"2021-08-30 02:47:34"
"SUN","nnet","holdout",17.4362318280847,0.0730874882299795,"2021-08-30 02:47:34"
"SUN","nnet","test",11.2235965790477,0.0579806406999387,"2021-08-30 02:47:34"
"SUN","pcr","holdout",5.84790884268346,0.280009569717851,"2021-08-30 02:47:34"
"SUN","pcr","test",9.34070511731797,0.0747722894661467,"2021-08-30 02:47:34"
"SUN","rf","holdout",5.45918317284261,0.126156608210218,"2021-08-30 02:47:34"
"SUN","rf","test",8.55032461771871,0.0752139579312752,"2021-08-30 02:47:34"
"SUN","xgb","holdout",7.10528497315192,0.116772396822737,"2021-08-30 02:47:34"
"SUN","xgb","test",22.4112500681959,0.0205974645597498,"2021-08-30 02:47:34"
"TLM","lm","holdout",2.7182737480944,0.485197219004563,"2021-08-30 02:47:34"
"TLM","lm","test",5.06574211159253,0.309983976016926,"2021-08-30 02:47:34"
"TLM","nnet","holdout",4.05222064661552,0.319949057580534,"2021-08-30 02:47:34"
"TLM","nnet","test",4.52848091640401,0.292089645865012,"2021-08-30 02:47:34"
"TLM","pcr","holdout",3.19231490570007,0.318276779662444,"2021-08-30 02:47:34"
"TLM","pcr","test",3.79512766775988,0.50270699134601,"2021-08-30 02:47:34"
"TLM","rf","holdout",4.44966938326332,0.0506074719326383,"2021-08-30 02:47:34"
"TLM","rf","test",8.80266024593499,0.0591519100853162,"2021-08-30 02:47:34"
"TLM","xgb","holdout",5.54480060965683,0.00470555467513288,"2021-08-30 02:47:34"
"TLM","xgb","test",9.58397430630603,0.127536658282506,"2021-08-30 02:47:34"
"TRX","lm","holdout",0.661616950000309,0.417724734328537,"2021-08-30 02:47:34"
"TRX","lm","test",0.720106124528616,0.631142066114262,"2021-08-30 02:47:34"
"TRX","nnet","holdout",0.827106686790884,0.0847680330428985,"2021-08-30 02:47:34"
"TRX","nnet","test",2.20689801032009,0.16170417033476,"2021-08-30 02:47:34"
"TRX","pcr","holdout",0.689904057690469,0.277360836162004,"2021-08-30 02:47:34"
"TRX","pcr","test",0.998723152968856,0.198122494574691,"2021-08-30 02:47:34"
"TRX","rf","holdout",1.07615250904461,0.0660118104447391,"2021-08-30 02:47:34"
"TRX","rf","test",3.25498009056016,0.0225705577498803,"2021-08-30 02:47:34"
"TRX","xgb","holdout",1.66120992207444,0.1725143849847,"2021-08-30 02:47:34"
"TRX","xgb","test",2.02508439251259,0.122527502607286,"2021-08-30 02:47:34"
"UNI","lm","holdout",0.841222218687154,0.312441515071885,"2021-08-30 02:47:34"
"UNI","lm","test",0.901155945071931,0.532103945647124,"2021-08-30 02:47:34"
"UNI","nnet","holdout",2.01421725647804,0.0124088309681227,"2021-08-30 02:47:34"
"UNI","nnet","test",1.64817217808302,0.0674690805585445,"2021-08-30 02:47:34"
"UNI","pcr","holdout",0.931450837753783,0.0530781085435008,"2021-08-30 02:47:34"
"UNI","pcr","test",1.12654235929001,0.240970825380655,"2021-08-30 02:47:34"
"UNI","rf","holdout",1.78947845635834,0.0695082269530891,"2021-08-30 02:47:34"
"UNI","rf","test",2.04604261795695,0.0998574904084902,"2021-08-30 02:47:34"
"UNI","xgb","holdout",2.02586763325861,0.0100782532625785,"2021-08-30 02:47:34"
"UNI","xgb","test",2.36031276097204,0.0684478076067212,"2021-08-30 02:47:34"
"VIB","lm","holdout",1.467730280284,0.326755573439053,"2021-08-30 02:47:34"
"VIB","lm","test",1.7897402687557,0.62250705550744,"2021-08-30 02:47:34"
"VIB","nnet","holdout",1.66088146201628,0.234149804675838,"2021-08-30 02:47:34"
"VIB","nnet","test",3.69513328900538,0.174839816742577,"2021-08-30 02:47:34"
"VIB","pcr","holdout",1.56061300678483,0.252368450840757,"2021-08-30 02:47:34"
"VIB","pcr","test",2.13100622625182,0.305374802276106,"2021-08-30 02:47:34"
"VIB","rf","holdout",1.69631666725566,0.104295635432981,"2021-08-30 02:47:34"
"VIB","rf","test",4.06051854509173,0.0641001134487852,"2021-08-30 02:47:34"
"VIB","xgb","holdout",2.24921517003252,0.00542066213422407,"2021-08-30 02:47:34"
"VIB","xgb","test",4.41044715714665,0.0525067857617014,"2021-08-30 02:47:34"
"WAXP","lm","holdout",0.614850570976174,0.832203889675604,"2021-08-30 02:47:34"
"WAXP","lm","test",1.66088430370326,0.511998139280687,"2021-08-30 02:47:34"
"WAXP","nnet","holdout",5.50407854678918,0.028781514139431,"2021-08-30 02:47:34"
"WAXP","nnet","test",2.43556132979048,0.174068906984455,"2021-08-30 02:47:34"
"WAXP","pcr","holdout",1.50103055681786,0.0264420487512334,"2021-08-30 02:47:34"
"WAXP","pcr","test",1.39313466162008,0.289226681786143,"2021-08-30 02:47:34"
"WAXP","rf","holdout",1.68115298826819,0.0237462632328153,"2021-08-30 02:47:34"
"WAXP","rf","test",1.85142026788736,0.167372796156523,"2021-08-30 02:47:34"
"WAXP","xgb","holdout",2.02256540399308,0.0143032544543726,"2021-08-30 02:47:34"
"WAXP","xgb","test",2.45609398733914,0.0793968620046649,"2021-08-30 02:47:34"
"WIKI","lm","holdout",1.8291034836601,0.432752632484263,"2021-08-30 02:47:34"
"WIKI","lm","test",9.26549166628572,0.382701493908549,"2021-08-30 02:47:34"
"WIKI","nnet","holdout",3.66275905355247,0.0010450227240601,"2021-08-30 02:47:34"
"WIKI","nnet","test",14.1217511855425,0.386321792894093,"2021-08-30 02:47:34"
"WIKI","pcr","holdout",2.02916119561913,0.0191363817469266,"2021-08-30 02:47:34"
"WIKI","pcr","test",8.76502317997563,0.405912065805213,"2021-08-30 02:47:34"
"WIKI","rf","holdout",2.07085688327204,0.00096819661319659,"2021-08-30 02:47:34"
"WIKI","rf","test",13.4691537963569,0.14045120590797,"2021-08-30 02:47:34"
"WIKI","xgb","holdout",2.52603260931126,0.0451215963986799,"2021-08-30 02:47:34"
"WIKI","xgb","test",13.1297590577651,0.213651426255606,"2021-08-30 02:47:34"
"WRX","lm","holdout",1.33235317993511,0.0521216951286231,"2021-08-30 02:47:34"
"WRX","lm","test",8.99071201222195,0.185424213904656,"2021-08-30 02:47:34"
"WRX","nnet","holdout",2.55421667798649,0.227748223691854,"2021-08-30 02:47:34"
"WRX","nnet","test",3.68629325995254,0.182371064526794,"2021-08-30 02:47:34"
"WRX","pcr","holdout",0.885652709746431,0.166054975380155,"2021-08-30 02:47:34"
"WRX","pcr","test",1.71690704615735,0.278112647516944,"2021-08-30 02:47:34"
"WRX","rf","holdout",2.04512030222953,0.0439340466113709,"2021-08-30 02:47:34"
"WRX","rf","test",2.77928782137119,0.0330021931965779,"2021-08-30 02:47:34"
"WRX","xgb","holdout",3.02463854979881,0.0283145741147603,"2021-08-30 02:47:34"
"WRX","xgb","test",4.88456317394268,0.092865176605443,"2021-08-30 02:47:34"
"XCH","lm","holdout",0.885311076267526,0.0428429503079387,"2021-08-30 02:47:34"
"XCH","lm","test",4.11071077741455,0.187671158795961,"2021-08-30 02:47:34"
"XCH","nnet","holdout",2.17815213902189,0.267320421167029,"2021-08-30 02:47:34"
"XCH","nnet","test",4.53636509962734,0.087109320519021,"2021-08-30 02:47:34"
"XCH","pcr","holdout",0.726356994161314,0.493402567147459,"2021-08-30 02:47:34"
"XCH","pcr","test",2.77320588101247,0.0937575683954479,"2021-08-30 02:47:34"
"XCH","rf","holdout",1.70321703324666,0.129135348818814,"2021-08-30 02:47:34"
"XCH","rf","test",3.95552735765574,0.120989715895057,"2021-08-30 02:47:34"
"XCH","xgb","holdout",1.06072389250626,0.0303704867221552,"2021-08-30 02:47:34"
"XCH","xgb","test",4.75176288664764,0.0562151625445596,"2021-08-30 02:47:34"
"XEM","lm","holdout",1.40814676704019,0.0267367637390451,"2021-08-30 02:47:34"
"XEM","lm","test",0.870557659218619,0.692650935160588,"2021-08-30 02:47:34"
"XEM","nnet","holdout",0.807008553714296,0.000590773985947053,"2021-08-30 02:47:34"
"XEM","nnet","test",2.05968245542847,0.0464748510283474,"2021-08-30 02:47:34"
"XEM","pcr","holdout",0.89419477359529,0.000559145938704656,"2021-08-30 02:47:34"
"XEM","pcr","test",1.28526251398314,0.175000438972578,"2021-08-30 02:47:34"
"XEM","rf","holdout",2.72186036752984,0.0190720300895668,"2021-08-30 02:47:34"
"XEM","rf","test",1.60215201850635,0.0467498182004034,"2021-08-30 02:47:34"
"XEM","xgb","holdout",3.12902628431635,0.00000455598388539729,"2021-08-30 02:47:34"
"XEM","xgb","test",1.89714469326467,0.0493189635814737,"2021-08-30 02:47:34"
"XMR","lm","holdout",0.509077281235465,0.67897421685902,"2021-08-30 02:47:34"
"XMR","lm","test",0.850719127764404,0.523941936671448,"2021-08-30 02:47:34"
"XMR","nnet","holdout",0.915971163230195,0.0693783879558696,"2021-08-30 02:47:34"
"XMR","nnet","test",1.57990259227478,0.0894813075973674,"2021-08-30 02:47:34"
"XMR","pcr","holdout",0.856756721710947,0.0523265610479832,"2021-08-30 02:47:34"
"XMR","pcr","test",1.09922471614117,0.198866087144254,"2021-08-30 02:47:34"
"XMR","rf","holdout",1.18653456244903,0.0671875892487729,"2021-08-30 02:47:34"
"XMR","rf","test",1.43957269202283,0.0569469906867911,"2021-08-30 02:47:34"
"XMR","xgb","holdout",1.49635194581089,0.00581671122766422,"2021-08-30 02:47:34"
"XMR","xgb","test",1.95992346316014,0.025676816586659,"2021-08-30 02:47:34"
"ZAP","lm","holdout",0.801726477438806,0.0154566569376801,"2021-08-30 02:47:34"
"ZAP","lm","test",5.83279090462765,0.14354289148257,"2021-08-30 02:47:34"
"ZAP","nnet","holdout",8.59555623514512,0.00775586172820977,"2021-08-30 02:47:34"
"ZAP","nnet","test",5.06476101535894,0.00490833268607713,"2021-08-30 02:47:34"
"ZAP","pcr","holdout",0.864397981202453,0.00618088916134439,"2021-08-30 02:47:34"
"ZAP","pcr","test",4.97776236809227,0.0129654456392071,"2021-08-30 02:47:34"
"ZAP","rf","holdout",0.420127665995036,0.00262395164522437,"2021-08-30 02:47:34"
"ZAP","rf","test",7.32000208626309,0.120885997600035,"2021-08-30 02:47:34"
"ZAP","xgb","holdout",13.0285192025178,0.000012180691662635,"2021-08-30 02:47:34"
"ZAP","xgb","test",6.37528978935463,0.0354121615679822,"2021-08-30 02:47:34"
"ZEC","lm","holdout",0.520966912800366,0.604658275193585,"2021-08-30 02:47:34"
"ZEC","lm","test",0.960149843912903,0.607580283390429,"2021-08-30 02:47:34"
"ZEC","nnet","holdout",1.60179240977002,0.0387057454596742,"2021-08-30 02:47:34"
"ZEC","nnet","test",1.83636820170836,0.148392964145701,"2021-08-30 02:47:34"
"ZEC","pcr","holdout",0.97508188057724,0.016396978871249,"2021-08-30 02:47:34"
"ZEC","pcr","test",1.19733062636886,0.352048140109519,"2021-08-30 02:47:34"
"ZEC","rf","holdout",2.87516965749425,0.00988425548044955,"2021-08-30 02:47:34"
"ZEC","rf","test",2.23622299382584,0.0623192651652383,"2021-08-30 02:47:34"
"ZEC","xgb","holdout",3.7244760516971,0.0272247560660023,"2021-08-30 02:47:34"
"ZEC","xgb","test",2.13281840023424,0.069729279805256,"2021-08-30 02:47:34"
"ZIL","lm","holdout",0.84509413315001,0.353148518213811,"2021-08-30 02:47:34"
"ZIL","lm","test",5.35508108082301,0.42673760976627,"2021-08-30 02:47:34"
"ZIL","nnet","holdout",0.955162438255602,0.212163743227789,"2021-08-30 02:47:34"
"ZIL","nnet","test",2.23642116502479,0.108791944985015,"2021-08-30 02:47:34"
"ZIL","pcr","holdout",0.946232047256412,0.181967497932471,"2021-08-30 02:47:34"
"ZIL","pcr","test",1.60790355116977,0.0551028639627465,"2021-08-30 02:47:34"
"ZIL","rf","holdout",0.931732312159983,0.209627786190965,"2021-08-30 02:47:34"
"ZIL","rf","test",2.45930820848019,0.114438021652871,"2021-08-30 02:47:34"
"ZIL","xgb","holdout",2.16675571301623,0.0032372633908759,"2021-08-30 02:47:34"
"ZIL","xgb","test",4.56464884592471,0.0469557221310823,"2021-08-30 02:47:34"
"ZRX","lm","holdout",0.773614088922003,0.378239955244233,"2021-08-30 02:47:34"
"ZRX","lm","test",1.05970565917519,0.592397281005298,"2021-08-30 02:47:34"
"ZRX","nnet","holdout",1.20393890480667,0.0000922884393146967,"2021-08-30 02:47:34"
"ZRX","nnet","test",2.13483660538487,0.131831141590469,"2021-08-30 02:47:34"
"ZRX","pcr","holdout",0.927179712955438,0.0836930773944491,"2021-08-30 02:47:34"
"ZRX","pcr","test",1.27823615152469,0.377094184316001,"2021-08-30 02:47:34"
"ZRX","rf","holdout",2.20444371438515,0.00326432448465979,"2021-08-30 02:47:34"
"ZRX","rf","test",2.00212985630218,0.115915393472728,"2021-08-30 02:47:34"
"ZRX","xgb","holdout",2.80878311693644,0.0107162453363196,"2021-08-30 02:47:34"
"ZRX","xgb","test",2.42921285993662,0.113201165976565,"2021-08-30 02:47:34"
