"date_utc","date_time_utc","flame_price"
2021-06-05,"2021-06-05 04:50:04",0.000193869053263323
2021-06-05,"2021-06-05 05:00:05",0.000193869053263323
2021-06-05,"2021-06-05 05:10:04",0.000197629015051792
2021-06-05,"2021-06-05 05:20:03",0.000200256562669081
2021-06-05,"2021-06-05 05:30:04",0.000200521947727851
2021-06-05,"2021-06-05 05:40:03",0.000200521947729652
2021-06-05,"2021-06-05 05:50:04",0.000193752445969024
2021-06-05,"2021-06-05 06:00:04",0.000193376137615444
2021-06-05,"2021-06-05 06:10:04",0.000193941861081762
2021-06-05,"2021-06-05 06:20:04",0.000193941861086224
2021-06-05,"2021-06-05 06:30:04",0.000193490195570881
2021-06-05,"2021-06-05 06:40:03",0.000197065731899785
2021-06-05,"2021-06-05 06:50:04",0.000197065731900605
2021-06-05,"2021-06-05 07:00:04",0.000195645564836963
2021-06-05,"2021-06-05 07:10:04",0.000195645564836963
2021-06-05,"2021-06-05 07:20:03",0.0001958786624442
2021-06-05,"2021-06-05 07:30:04",0.000194466077650698
2021-06-05,"2021-06-05 07:40:04",0.000194116465886101
2021-06-05,"2021-06-05 07:50:03",0.000194221824106371
2021-06-05,"2021-06-05 08:00:05",0.000192310884949239
2021-06-05,"2021-06-05 08:10:04",0.000192310884952919
2021-06-05,"2021-06-05 08:20:03",0.000192310884952919
2021-06-05,"2021-06-05 08:30:04",0.000192399293250704
2021-06-05,"2021-06-05 08:40:04",0.000183998908199923
2021-06-05,"2021-06-05 08:50:04",0.000183995672516962
2021-06-05,"2021-06-05 09:00:04",0.000184165980522775
2021-06-05,"2021-06-05 09:10:04",0.00018402504326602
2021-06-05,"2021-06-05 09:20:04",0.000186668452206364
2021-06-05,"2021-06-05 09:30:04",0.000184478024498357
2021-06-05,"2021-06-05 09:40:03",0.000165327154063396
2021-06-05,"2021-06-05 09:50:03",0.000157329208132688
2021-06-05,"2021-06-05 10:00:04",0.000157329208132688
2021-06-05,"2021-06-05 10:10:04",0.000167641535458332
2021-06-05,"2021-06-05 10:20:04",0.000167641535459002
2021-06-05,"2021-06-05 10:30:04",0.000167552888222155
2021-06-05,"2021-06-05 10:40:04",0.000167142025925732
2021-06-05,"2021-06-05 10:50:04",0.000167102291281213
2021-06-05,"2021-06-05 11:00:05",0.000167102291281213
2021-06-05,"2021-06-05 11:10:03",0.000167102291281213
2021-06-05,"2021-06-05 11:20:04",0.000167262693151267
2021-06-05,"2021-06-05 11:30:04",0.000167213948176005
2021-06-05,"2021-06-05 11:40:04",0.000173202651583274
2021-06-05,"2021-06-05 11:50:04",0.000172705640885392
2021-06-05,"2021-06-05 12:00:05",0.000173197124629319
2021-06-05,"2021-06-05 12:10:04",0.000173204152192766
2021-06-05,"2021-06-05 12:20:04",0.000172708581459641
2021-06-05,"2021-06-05 12:30:04",0.000172708581459641
2021-06-05,"2021-06-05 12:40:03",0.000172708581466044
2021-06-05,"2021-06-05 12:50:04",0.000172742926382156
2021-06-05,"2021-06-05 13:00:05",0.000174472162590631
2021-06-05,"2021-06-05 13:10:04",0.000174523695980958
2021-06-05,"2021-06-05 13:20:04",0.000174523695980958
2021-06-05,"2021-06-05 13:30:04",0.000174523695980958
2021-06-05,"2021-06-05 13:40:04",0.000174523695981085
2021-06-05,"2021-06-05 13:50:03",0.000171162931816183
2021-06-05,"2021-06-05 14:00:05",0.000170960248795718
2021-06-05,"2021-06-05 14:10:04",0.000172502299380203
2021-06-05,"2021-06-05 14:20:04",0.000172691245755623
2021-06-05,"2021-06-05 14:30:04",0.000172922768772801
2021-06-05,"2021-06-05 14:40:04",0.000172987783488905
2021-06-05,"2021-06-05 14:50:04",0.000173846544396772
2021-06-05,"2021-06-05 15:00:05",0.000174553702598636
2021-06-05,"2021-06-05 15:10:04",0.000174588015862888
2021-06-05,"2021-06-05 15:20:04",0.000177205690521492
2021-06-05,"2021-06-05 15:30:04",0.000177205690521492
2021-06-05,"2021-06-05 15:40:04",0.000177205690521492
2021-06-05,"2021-06-05 15:50:04",0.000176971588597638
2021-06-05,"2021-06-05 16:00:04",0.000176971588597638
2021-06-05,"2021-06-05 16:10:04",0.000177040737049082
2021-06-05,"2021-06-05 16:20:04",0.000177092607236163
2021-06-05,"2021-06-05 16:30:04",0.000177092607236163
2021-06-05,"2021-06-05 16:40:03",0.000177092607240527
2021-06-05,"2021-06-05 16:50:04",0.000177092607240527
2021-06-05,"2021-06-05 17:00:04",0.000177396195810958
2021-06-05,"2021-06-05 17:10:03",0.000177396195810958
2021-06-05,"2021-06-05 17:20:04",0.000178288346386507
2021-06-05,"2021-06-05 17:30:04",0.000178288346389876
2021-06-05,"2021-06-05 17:40:04",0.000178288346390345
2021-06-05,"2021-06-05 17:50:04",0.000178288346398344
2021-06-05,"2021-06-05 18:00:05",0.000178288346398344
2021-06-05,"2021-06-05 18:10:04",0.000178288346398344
2021-06-05,"2021-06-05 18:20:04",0.000178288346398344
2021-06-05,"2021-06-05 18:30:04",0.000178470777645838
2021-06-05,"2021-06-05 18:40:03",0.000181492193526947
2021-06-05,"2021-06-05 18:50:04",0.000181517159252883
2021-06-05,"2021-06-05 19:00:04",0.000181517159258619
2021-06-05,"2021-06-05 19:10:03",0.000181517159258619
2021-06-05,"2021-06-05 19:20:04",0.000181517159258619
2021-06-05,"2021-06-05 19:30:04",0.000181701175187634
2021-06-05,"2021-06-05 19:40:03",0.000181774812672625
2021-06-05,"2021-06-05 19:50:04",0.000181774812675163
2021-06-05,"2021-06-05 20:00:05",0.000181774812675163
2021-06-05,"2021-06-05 20:10:04",0.000181774812675163
2021-06-05,"2021-06-05 20:20:04",0.000181774812675163
2021-06-05,"2021-06-05 20:30:04",0.000181774812675163
2021-06-05,"2021-06-05 20:40:03",0.000181774812675163
2021-06-05,"2021-06-05 20:50:03",0.000185207409782492
2021-06-05,"2021-06-05 21:00:05",0.000185313614722897
2021-06-05,"2021-06-05 21:10:04",0.000185269518288425
2021-06-05,"2021-06-05 21:20:03",0.000185288451581282
2021-06-05,"2021-06-05 21:30:04",0.000316411965904913
2021-06-05,"2021-06-05 21:40:04",0.000286679161034034
2021-06-05,"2021-06-05 21:50:04",0.000286630163278948
2021-06-05,"2021-06-05 22:00:05",0.000280090575729212
2021-06-05,"2021-06-05 22:10:04",0.000280090575729212
2021-06-05,"2021-06-05 22:20:03",0.000281805022340459
2021-06-05,"2021-06-05 22:30:03",0.00028203863843055
2021-06-05,"2021-06-05 22:40:04",0.00028203863843055
2021-06-05,"2021-06-05 22:50:03",0.00028203863843055
2021-06-05,"2021-06-05 23:00:04",0.000283368825093271
2021-06-05,"2021-06-05 23:10:04",0.00028336882509986
2021-06-05,"2021-06-05 23:20:03",0.000282733662711969
2021-06-05,"2021-06-05 23:30:04",0.00028214873381116
2021-06-05,"2021-06-05 23:40:04",0.00028214873381116
2021-06-05,"2021-06-05 23:50:04",0.000282200405154228
2021-06-06,"2021-06-06 00:00:04",0.000282197433071357
2021-06-06,"2021-06-06 00:10:03",0.000285895790407615
2021-06-06,"2021-06-06 00:20:04",0.000285895790409415
2021-06-06,"2021-06-06 00:30:04",0.000285895790412495
2021-06-06,"2021-06-06 00:40:03",0.000285916416754864
2021-06-06,"2021-06-06 00:50:04",0.000285916416754864
2021-06-06,"2021-06-06 01:00:04",0.000285916416754864
2021-06-06,"2021-06-06 01:10:04",0.00028593704384155
2021-06-06,"2021-06-06 01:20:04",0.000291325958665569
2021-06-06,"2021-06-06 01:30:04",0.000264656785933875
2021-06-06,"2021-06-06 01:40:04",0.000264656785938056
2021-06-06,"2021-06-06 01:50:04",0.000264656785938056
2021-06-06,"2021-06-06 02:00:05",0.000264761688799361
2021-06-06,"2021-06-06 02:10:04",0.000323495520959989
2021-06-06,"2021-06-06 02:20:04",0.000286955616152305
2021-06-06,"2021-06-06 02:30:04",0.000298402118836242
2021-06-06,"2021-06-06 02:40:04",0.000298402118836242
2021-06-06,"2021-06-06 02:50:04",0.00029839590901351
2021-06-06,"2021-06-06 03:00:05",0.000298389699318151
2021-06-06,"2021-06-06 03:10:04",0.000298389699318151
2021-06-06,"2021-06-06 03:20:04",0.000298389699320691
2021-06-06,"2021-06-06 03:30:04",0.000298389699325164
2021-06-06,"2021-06-06 03:40:04",0.000298389699325164
2021-06-06,"2021-06-06 03:50:03",0.000298274890231519
2021-06-06,"2021-06-06 04:00:05",0.00029823478781221
2021-06-06,"2021-06-06 04:10:04",0.000457556967341549
2021-06-06,"2021-06-06 04:20:03",0.000457804410770115
2021-06-06,"2021-06-06 04:30:03",0.000457804410770115
2021-06-06,"2021-06-06 04:40:04",0.000457804410772915
2021-06-06,"2021-06-06 04:50:03",0.0004576160749611
2021-06-06,"2021-06-06 05:00:05",0.000457350838066111
2021-06-06,"2021-06-06 05:10:04",0.000453028588540215
2021-06-06,"2021-06-06 05:20:04",0.000477020564772262
2021-06-06,"2021-06-06 05:30:04",0.000477020564772262
2021-06-06,"2021-06-06 05:40:04",0.000477020564772262
2021-06-06,"2021-06-06 05:50:03",0.000477020564772262
2021-06-06,"2021-06-06 06:00:04",0.000470886611782789
2021-06-06,"2021-06-06 06:10:03",0.000470886611782789
2021-06-06,"2021-06-06 06:20:03",0.000428009694686025
2021-06-06,"2021-06-06 06:30:04",0.000428125556726756
2021-06-06,"2021-06-06 06:40:04",0.000428663252362039
2021-06-06,"2021-06-06 06:50:03",0.000428663252362039
2021-06-06,"2021-06-06 07:00:04",0.000428663252362039
2021-06-06,"2021-06-06 07:10:03",0.000428663252362039
2021-06-06,"2021-06-06 07:20:03",0.00042546115039997
2021-06-06,"2021-06-06 07:30:04",0.000407317100351824
2021-06-06,"2021-06-06 07:40:03",0.00040706756664094
2021-06-06,"2021-06-06 07:50:03",0.000399771300624739
2021-06-06,"2021-06-06 08:00:05",0.000399827240655322
2021-06-06,"2021-06-06 08:10:04",0.00038824689029889
2021-06-06,"2021-06-06 08:20:04",0.000329523989426394
2021-06-06,"2021-06-06 08:30:04",0.000327604405641702
2021-06-06,"2021-06-06 08:40:04",0.000329906788858437
2021-06-06,"2021-06-06 08:50:04",0.000329906788858437
2021-06-06,"2021-06-06 09:00:04",0.000329445493857853
2021-06-06,"2021-06-06 09:10:03",0.000329445493857853
2021-06-06,"2021-06-06 09:20:04",0.000329235342571695
2021-06-06,"2021-06-06 09:30:04",0.000327543925836535
2021-06-06,"2021-06-06 09:40:04",0.000325244725972454
2021-06-06,"2021-06-06 09:50:04",0.000307080031482647
2021-06-06,"2021-06-06 10:00:04",0.000274955149257054
2021-06-06,"2021-06-06 10:10:04",0.000274955149259381
2021-06-06,"2021-06-06 10:20:04",0.000274955149259381
2021-06-06,"2021-06-06 10:30:03",0.000274955149259381
2021-06-06,"2021-06-06 10:40:04",0.000274955149259381
2021-06-06,"2021-06-06 10:50:03",0.000274955149259381
2021-06-06,"2021-06-06 11:00:05",0.000274955149263874
2021-06-06,"2021-06-06 11:10:03",0.000274955149263874
2021-06-06,"2021-06-06 11:20:04",0.000274955149263874
2021-06-06,"2021-06-06 11:30:04",0.000274955149263874
2021-06-06,"2021-06-06 11:40:04",0.00027479855753499
2021-06-06,"2021-06-06 11:50:04",0.000275851163625235
2021-06-06,"2021-06-06 12:00:05",0.000275851163625235
2021-06-06,"2021-06-06 12:10:04",0.000275924780492362
2021-06-06,"2021-06-06 12:20:03",0.000275924780492362
2021-06-06,"2021-06-06 12:30:04",0.000276176774603877
2021-06-06,"2021-06-06 12:40:04",0.00027617677461652
2021-06-06,"2021-06-06 12:50:04",0.000277768061648955
2021-06-06,"2021-06-06 13:00:05",0.000277768061649647
2021-06-06,"2021-06-06 13:10:03",0.000277768061649647
2021-06-06,"2021-06-06 13:20:04",0.000307574429237381
2021-06-06,"2021-06-06 13:30:03",0.00030980938470861
2021-06-06,"2021-06-06 13:40:04",0.00030980938470861
2021-06-06,"2021-06-06 13:50:04",0.000318661397876586
2021-06-06,"2021-06-06 14:00:05",0.000318746464086227
2021-06-06,"2021-06-06 14:10:04",0.000318215449570094
2021-06-06,"2021-06-06 14:20:04",0.00032355864346467
2021-06-06,"2021-06-06 14:30:04",0.000364095858590156
2021-06-06,"2021-06-06 14:40:03",0.000364107726711015
2021-06-06,"2021-06-06 14:50:04",0.000364107726711015
2021-06-06,"2021-06-06 15:00:04",0.000364354507275708
2021-06-06,"2021-06-06 15:10:04",0.000364354507275708
2021-06-06,"2021-06-06 15:20:04",0.000364354507275708
2021-06-06,"2021-06-06 15:30:03",0.000361192856852275
2021-06-06,"2021-06-06 15:40:04",0.000357362134844537
2021-06-06,"2021-06-06 15:50:04",0.000357400174949149
2021-06-06,"2021-06-06 16:00:04",0.000357400174949149
2021-06-06,"2021-06-06 16:10:04",0.00037568357798264
2021-06-06,"2021-06-06 16:20:03",0.00037568357798264
2021-06-06,"2021-06-06 16:30:04",0.00037568357798264
2021-06-06,"2021-06-06 16:40:04",0.00037568357798264
2021-06-06,"2021-06-06 16:50:05",0.00037568357798264
2021-06-06,"2021-06-06 17:00:04",0.00037568357798264
2021-06-06,"2021-06-06 17:10:04",0.000386862502065423
2021-06-06,"2021-06-06 17:20:04",0.000386862502065423
2021-06-06,"2021-06-06 17:30:03",0.000386360145801171
2021-06-06,"2021-06-06 17:40:04",0.000411581397884223
2021-06-06,"2021-06-06 17:50:04",0.000411581397884223
2021-06-06,"2021-06-06 18:00:04",0.000411581397884223
2021-06-06,"2021-06-06 18:10:04",0.000411581397884223
2021-06-06,"2021-06-06 18:20:04",0.000411581397884223
2021-06-06,"2021-06-06 18:30:04",0.000411523931702033
2021-06-06,"2021-06-06 18:40:04",0.00041171123035181
2021-06-06,"2021-06-06 18:50:04",0.000410509174289743
2021-06-06,"2021-06-06 19:00:04",0.000411987360453237
2021-06-06,"2021-06-06 19:10:04",0.000412497694757766
2021-06-06,"2021-06-06 19:20:04",0.000412497694757766
2021-06-06,"2021-06-06 19:30:04",0.000411758252306597
2021-06-06,"2021-06-06 19:40:04",0.000413441234034961
2021-06-06,"2021-06-06 19:50:04",0.000413441234034961
2021-06-06,"2021-06-06 20:00:05",0.00041286947400868
2021-06-06,"2021-06-06 20:10:04",0.000409464533031786
2021-06-06,"2021-06-06 20:20:04",0.000409464533031786
2021-06-06,"2021-06-06 20:30:04",0.000408877815626836
2021-06-06,"2021-06-06 20:40:04",0.000408877815626836
2021-06-06,"2021-06-06 20:50:03",0.000408517029297238
2021-06-06,"2021-06-06 21:00:05",0.000408517029297238
2021-06-06,"2021-06-06 21:10:04",0.000408517029297238
2021-06-06,"2021-06-06 21:20:04",0.000408508724260585
2021-06-06,"2021-06-06 21:30:04",0.000407928722993109
2021-06-06,"2021-06-06 21:40:04",0.000395069591042832
2021-06-06,"2021-06-06 21:50:04",0.000397574501319834
2021-06-06,"2021-06-06 22:00:05",0.000396317303220367
2021-06-06,"2021-06-06 22:10:04",0.000395028776702195
2021-06-06,"2021-06-06 22:20:04",0.000392873963916388
2021-06-06,"2021-06-06 22:30:04",0.000392873963916388
2021-06-06,"2021-06-06 22:40:04",0.000392482332350907
2021-06-06,"2021-06-06 22:50:04",0.000392482332350907
2021-06-06,"2021-06-06 23:00:05",0.000392482332350907
2021-06-06,"2021-06-06 23:10:04",0.000392482332350907
2021-06-06,"2021-06-06 23:20:04",0.000372031508392764
2021-06-06,"2021-06-06 23:30:04",0.000372084561725169
2021-06-06,"2021-06-06 23:40:04",0.000372675917030713
2021-06-06,"2021-06-06 23:50:04",0.000370389368370374
2021-06-07,"2021-06-07 00:00:05",0.000370403038487277
2021-06-07,"2021-06-07 00:10:04",0.000370384110875113
2021-06-07,"2021-06-07 00:20:04",0.000329616469104955
2021-06-07,"2021-06-07 00:30:04",0.000326549571253873
2021-06-07,"2021-06-07 00:40:04",0.000326549571253873
2021-06-07,"2021-06-07 00:50:04",0.000326549571253873
2021-06-07,"2021-06-07 01:00:05",0.000326549571253873
2021-06-07,"2021-06-07 01:10:04",0.000326536666750346
2021-06-07,"2021-06-07 01:20:04",0.000326536666750346
2021-06-07,"2021-06-07 01:30:04",0.000326536666750346
2021-06-07,"2021-06-07 01:40:03",0.000326536666750346
2021-06-07,"2021-06-07 01:50:03",0.000326536666750346
2021-06-07,"2021-06-07 02:00:05",0.000326536666750346
2021-06-07,"2021-06-07 02:10:04",0.000326536666750346
2021-06-07,"2021-06-07 02:20:04",0.000326536666750346
2021-06-07,"2021-06-07 02:30:04",0.000320192394364897
2021-06-07,"2021-06-07 02:40:04",0.000320192394364897
2021-06-07,"2021-06-07 02:50:04",0.000320192394364897
2021-06-07,"2021-06-07 03:00:04",0.000320192394364897
2021-06-07,"2021-06-07 03:10:04",0.000320192394364897
2021-06-07,"2021-06-07 03:20:04",0.000324637508537733
2021-06-07,"2021-06-07 03:30:04",0.000324637508537733
2021-06-07,"2021-06-07 03:40:04",0.000324637508537733
2021-06-07,"2021-06-07 03:50:04",0.000324637508537733
2021-06-07,"2021-06-07 04:00:04",0.000324637508537733
2021-06-07,"2021-06-07 04:10:04",0.000324637508537733
2021-06-07,"2021-06-07 04:20:04",0.000320205055866447
2021-06-07,"2021-06-07 04:30:03",0.000320205055866447
2021-06-07,"2021-06-07 04:40:04",0.000320134477073071
2021-06-07,"2021-06-07 04:50:04",0.000320134477073071
2021-06-07,"2021-06-07 05:00:05",0.000320134477073071
2021-06-07,"2021-06-07 05:10:04",0.000320134477073071
2021-06-07,"2021-06-07 05:20:04",0.000320134477076157
2021-06-07,"2021-06-07 05:30:04",0.000320134477076157
2021-06-07,"2021-06-07 05:40:03",0.000317695376978484
2021-06-07,"2021-06-07 05:50:04",0.000317695376978484
2021-06-07,"2021-06-07 06:00:04",0.000317717439529312
2021-06-07,"2021-06-07 06:10:04",0.000317717439529312
2021-06-07,"2021-06-07 06:20:03",0.000317717439529312
2021-06-07,"2021-06-07 06:30:04",0.000317717439534169
2021-06-07,"2021-06-07 06:40:04",0.000317717439534169
2021-06-07,"2021-06-07 06:50:04",0.000317717439534169
2021-06-07,"2021-06-07 07:00:04",0.000317718127959786
2021-06-07,"2021-06-07 07:10:03",0.000317718127962241
2021-06-07,"2021-06-07 07:20:04",0.000317718127966004
2021-06-07,"2021-06-07 07:30:04",0.000317718127966004
2021-06-07,"2021-06-07 07:40:04",0.000335413843351176
2021-06-07,"2021-06-07 07:50:03",0.000335413843351176
2021-06-07,"2021-06-07 08:00:05",0.000335413843351176
2021-06-07,"2021-06-07 08:10:04",0.000335413843351176
2021-06-07,"2021-06-07 08:20:04",0.000335413843351176
2021-06-07,"2021-06-07 08:30:04",0.000335413843351176
2021-06-07,"2021-06-07 08:40:04",0.000335413843351176
2021-06-07,"2021-06-07 08:50:04",0.000335413843351176
2021-06-07,"2021-06-07 09:00:05",0.000335413843351176
2021-06-07,"2021-06-07 09:10:03",0.000335413843358011
2021-06-07,"2021-06-07 09:20:04",0.000335413843358011
2021-06-07,"2021-06-07 09:30:04",0.000335074287602854
2021-06-07,"2021-06-07 09:40:04",0.000335074287602854
2021-06-07,"2021-06-07 09:50:04",0.000335074287602854
2021-06-07,"2021-06-07 10:00:05",0.000335074287602854
2021-06-07,"2021-06-07 10:10:04",0.000334675450261345
2021-06-07,"2021-06-07 10:20:04",0.000334675450261345
2021-06-07,"2021-06-07 10:30:03",0.000334675450261345
2021-06-07,"2021-06-07 10:40:03",0.000334675450261345
2021-06-07,"2021-06-07 10:50:03",0.000334675450261345
2021-06-07,"2021-06-07 11:00:04",0.000334675450261345
2021-06-07,"2021-06-07 11:10:03",0.000334675450261345
2021-06-07,"2021-06-07 11:20:03",0.000334675450261345
2021-06-07,"2021-06-07 11:30:04",0.000334668215479156
2021-06-07,"2021-06-07 11:40:04",0.000334668215479156
2021-06-07,"2021-06-07 11:50:04",0.000334668215479156
2021-06-07,"2021-06-07 12:00:05",0.000334608027303508
2021-06-07,"2021-06-07 12:10:04",0.000334608027303508
2021-06-07,"2021-06-07 12:20:04",0.000334608027303508
2021-06-07,"2021-06-07 12:30:04",0.000334608027303508
2021-06-07,"2021-06-07 12:40:03",0.000324984386892236
2021-06-07,"2021-06-07 12:50:04",0.000321070829528419
2021-06-07,"2021-06-07 13:00:05",0.000321070829528419
2021-06-07,"2021-06-07 13:10:04",0.000321070829528419
2021-06-07,"2021-06-07 13:20:04",0.000321070829528419
2021-06-07,"2021-06-07 13:30:04",0.000288370571336425
2021-06-07,"2021-06-07 13:40:04",0.000287630699710906
2021-06-07,"2021-06-07 13:50:04",0.000287630699710906
2021-06-07,"2021-06-07 14:00:05",0.000287630699710906
2021-06-07,"2021-06-07 14:10:04",0.000287630699710906
2021-06-07,"2021-06-07 14:20:03",0.000287630699710906
2021-06-07,"2021-06-07 14:30:04",0.000287269029401041
2021-06-07,"2021-06-07 14:40:03",0.000285232531203783
2021-06-07,"2021-06-07 14:50:04",0.000285232531203783
2021-06-07,"2021-06-07 15:00:04",0.00028523253121339
2021-06-07,"2021-06-07 15:10:04",0.000285232531213811
2021-06-07,"2021-06-07 15:20:04",0.000284751277363432
2021-06-07,"2021-06-07 15:30:04",0.000284751277363432
2021-06-07,"2021-06-07 15:40:04",0.000284751277363432
2021-06-07,"2021-06-07 15:50:04",0.000284751277363432
2021-06-07,"2021-06-07 16:00:05",0.000284751277363432
2021-06-07,"2021-06-07 16:10:04",0.000284750427528735
2021-06-07,"2021-06-07 16:20:04",0.000284750427533171
2021-06-07,"2021-06-07 16:30:04",0.000284750427533171
2021-06-07,"2021-06-07 16:40:04",0.000284750427533171
2021-06-07,"2021-06-07 16:50:04",0.000284750427533171
2021-06-07,"2021-06-07 17:00:04",0.000284750427533171
2021-06-07,"2021-06-07 17:10:04",0.000284750427533171
2021-06-07,"2021-06-07 17:20:04",0.000289004319477261
2021-06-07,"2021-06-07 17:30:03",0.000289004319487303
2021-06-07,"2021-06-07 17:40:04",0.000289004319487303
2021-06-07,"2021-06-07 17:50:04",0.000289004319487303
2021-06-07,"2021-06-07 18:00:05",0.000288971981395828
2021-06-07,"2021-06-07 18:10:04",0.000288971981395828
2021-06-07,"2021-06-07 18:20:04",0.000287906154388052
2021-06-07,"2021-06-07 18:30:03",0.000287234645149748
2021-06-07,"2021-06-07 18:40:04",0.000286760292820215
2021-06-07,"2021-06-07 18:50:03",0.000286760292820215
2021-06-07,"2021-06-07 19:00:05",0.000286760292820215
2021-06-07,"2021-06-07 19:10:04",0.000286760292820215
2021-06-07,"2021-06-07 19:20:04",0.000286715917448159
2021-06-07,"2021-06-07 19:30:04",0.000286715917448159
2021-06-07,"2021-06-07 19:40:04",0.000286715917448159
2021-06-07,"2021-06-07 19:50:05",0.000286715917448159
2021-06-07,"2021-06-07 20:00:04",0.000286715917448159
2021-06-07,"2021-06-07 20:10:04",0.000286715917448159
2021-06-07,"2021-06-07 20:20:04",0.000286715917448159
2021-06-07,"2021-06-07 20:30:04",0.000286715917448159
2021-06-07,"2021-06-07 20:40:04",0.000286715917448159
2021-06-07,"2021-06-07 20:50:04",0.000286715917448159
2021-06-07,"2021-06-07 21:00:04",0.000286715917448159
2021-06-07,"2021-06-07 21:10:03",0.000286715917448159
2021-06-07,"2021-06-07 21:20:04",0.000286715917448159
2021-06-07,"2021-06-07 21:30:04",0.000286715917448159
2021-06-07,"2021-06-07 21:40:04",0.000274744094925343
2021-06-07,"2021-06-07 21:50:04",0.000274744094925343
2021-06-07,"2021-06-07 22:00:04",0.000274744094925343
2021-06-07,"2021-06-07 22:10:04",0.00027400925282877
2021-06-07,"2021-06-07 22:20:04",0.00027398916164105
2021-06-07,"2021-06-07 22:30:04",0.000273075293289944
2021-06-07,"2021-06-07 22:40:04",0.000273075293289944
2021-06-07,"2021-06-07 22:50:04",0.000273075293289944
2021-06-07,"2021-06-07 23:00:05",0.000272956964726599
2021-06-07,"2021-06-07 23:10:04",0.000272956964726599
2021-06-07,"2021-06-07 23:20:04",0.000272956964726599
2021-06-07,"2021-06-07 23:30:04",0.000272956964726599
2021-06-07,"2021-06-07 23:40:04",0.000272310975573053
2021-06-07,"2021-06-07 23:50:04",0.000272310975573053
2021-06-08,"2021-06-08 00:00:05",0.000272310975573053
2021-06-08,"2021-06-08 00:10:04",0.000272352502045441
2021-06-08,"2021-06-08 00:20:04",0.000272352502045441
2021-06-08,"2021-06-08 00:30:05",0.000272352502051483
2021-06-08,"2021-06-08 00:40:04",0.000272352502051483
2021-06-08,"2021-06-08 00:50:04",0.000272352502051483
2021-06-08,"2021-06-08 01:00:05",0.000272352502051483
2021-06-08,"2021-06-08 01:10:04",0.000272396613113642
2021-06-08,"2021-06-08 01:20:04",0.000272396613113642
2021-06-08,"2021-06-08 01:30:04",0.000272396613113642
2021-06-08,"2021-06-08 01:40:04",0.000272373280678039
2021-06-08,"2021-06-08 01:50:04",0.000272373280679204
2021-06-08,"2021-06-08 02:00:05",0.000272373280679204
2021-06-08,"2021-06-08 02:10:04",0.000272373280679204
2021-06-08,"2021-06-08 02:20:04",0.000272373280679204
2021-06-08,"2021-06-08 02:30:04",0.000272373280679204
2021-06-08,"2021-06-08 02:40:04",0.000272373280679204
2021-06-08,"2021-06-08 02:50:04",0.000272385622292179
2021-06-08,"2021-06-08 03:00:05",0.000272385622295641
2021-06-08,"2021-06-08 03:10:04",0.000272385622295641
2021-06-08,"2021-06-08 03:20:04",0.000272385622295641
2021-06-08,"2021-06-08 03:30:03",0.000272407661098481
2021-06-08,"2021-06-08 03:40:04",0.000278546736268493
2021-06-08,"2021-06-08 03:50:04",0.000278546736268493
2021-06-08,"2021-06-08 04:00:05",0.000278546736268691
2021-06-08,"2021-06-08 04:10:04",0.000278542222607455
2021-06-08,"2021-06-08 04:20:04",0.00027857787793783
2021-06-08,"2021-06-08 04:30:03",0.00027857787793859
2021-06-08,"2021-06-08 04:40:04",0.00027857787793859
2021-06-08,"2021-06-08 04:50:04",0.00027857787793859
2021-06-08,"2021-06-08 05:00:05",0.00027857787793859
2021-06-08,"2021-06-08 05:10:04",0.00027857787793859
2021-06-08,"2021-06-08 05:20:03",0.00027857787793859
2021-06-08,"2021-06-08 05:30:04",0.000278535362408146
2021-06-08,"2021-06-08 05:40:04",0.00027855280521653
2021-06-08,"2021-06-08 05:50:04",0.00027855280521653
2021-06-08,"2021-06-08 06:00:05",0.00027855280521653
2021-06-08,"2021-06-08 06:10:04",0.00027855280521653
2021-06-08,"2021-06-08 06:20:04",0.00027855280521653
2021-06-08,"2021-06-08 06:30:04",0.00027855280521653
2021-06-08,"2021-06-08 06:40:04",0.00027855280521653
2021-06-08,"2021-06-08 06:50:04",0.00027855280521653
2021-06-08,"2021-06-08 07:00:04",0.00027855280521653
2021-06-08,"2021-06-08 07:10:04",0.00027855280521653
2021-06-08,"2021-06-08 07:20:04",0.00027855280521653
2021-06-08,"2021-06-08 07:30:04",0.00027855280521653
2021-06-08,"2021-06-08 07:40:04",0.00027855280521653
2021-06-08,"2021-06-08 07:50:04",0.00027855280521653
2021-06-08,"2021-06-08 08:00:04",0.000278552805223624
2021-06-08,"2021-06-08 08:10:04",0.000278552805223624
2021-06-08,"2021-06-08 08:20:03",0.000277532166010719
2021-06-08,"2021-06-08 08:30:04",0.000277684813950308
2021-06-08,"2021-06-08 08:40:04",0.000277684813950308
2021-06-08,"2021-06-08 08:50:04",0.000277690888546634
2021-06-08,"2021-06-08 09:00:05",0.000277690888546634
2021-06-08,"2021-06-08 09:10:04",0.000277690888546634
2021-06-08,"2021-06-08 09:20:04",0.000277690888546634
2021-06-08,"2021-06-08 09:30:04",0.000277690888546634
2021-06-08,"2021-06-08 09:40:03",0.000277690888546634
2021-06-08,"2021-06-08 09:50:04",0.000277689470452253
2021-06-08,"2021-06-08 10:00:05",0.000277689470452253
2021-06-08,"2021-06-08 10:10:04",0.000277689470452253
2021-06-08,"2021-06-08 10:20:04",0.000277708141651448
2021-06-08,"2021-06-08 10:30:04",0.000277708141651448
2021-06-08,"2021-06-08 10:40:04",0.000277708141651448
2021-06-08,"2021-06-08 10:50:04",0.000277708141651448
2021-06-08,"2021-06-08 11:00:04",0.000277708141651448
2021-06-08,"2021-06-08 11:10:04",0.000277708141651448
2021-06-08,"2021-06-08 11:20:04",0.000277708141651448
2021-06-08,"2021-06-08 11:30:03",0.000277708141651448
2021-06-08,"2021-06-08 11:40:04",0.000277708141651448
2021-06-08,"2021-06-08 11:50:03",0.000277708141651448
2021-06-08,"2021-06-08 12:00:05",0.000277708141651448
2021-06-08,"2021-06-08 12:10:04",0.000277708141651448
2021-06-08,"2021-06-08 12:20:04",0.000277708141651448
2021-06-08,"2021-06-08 12:30:04",0.000277708141651448
2021-06-08,"2021-06-08 12:40:03",0.000277708141651448
2021-06-08,"2021-06-08 12:50:04",0.000277708141651448
2021-06-08,"2021-06-08 13:00:05",0.000277708141651448
2021-06-08,"2021-06-08 13:10:04",0.000277708141651448
2021-06-08,"2021-06-08 13:20:04",0.000277708141651448
2021-06-08,"2021-06-08 13:30:04",0.000277708141651448
2021-06-08,"2021-06-08 13:40:05",0.000277708141651448
2021-06-08,"2021-06-08 13:50:04",0.000277708141651448
2021-06-08,"2021-06-08 14:00:04",0.000276849137124148
2021-06-08,"2021-06-08 14:10:04",0.000276849137124148
2021-06-08,"2021-06-08 14:20:04",0.000276850480448618
2021-06-08,"2021-06-08 14:30:04",0.000276853552434165
2021-06-08,"2021-06-08 14:40:03",0.000276853552434165
2021-06-08,"2021-06-08 14:50:03",0.000276853552434165
2021-06-08,"2021-06-08 15:00:05",0.000276847102211898
2021-06-08,"2021-06-08 15:10:04",0.000276847102211898
2021-06-08,"2021-06-08 15:20:05",0.000273915241939304
2021-06-08,"2021-06-08 15:30:04",0.000273915241939304
2021-06-08,"2021-06-08 15:40:04",0.000273915241939304
2021-06-08,"2021-06-08 15:50:04",0.000273915241939304
2021-06-08,"2021-06-08 16:00:05",0.000273915241939304
2021-06-08,"2021-06-08 16:10:04",0.000273915241939304
2021-06-08,"2021-06-08 16:20:04",0.000284674031124867
2021-06-08,"2021-06-08 16:30:04",0.000284674031124867
2021-06-08,"2021-06-08 16:40:04",0.000284674031124867
2021-06-08,"2021-06-08 16:50:04",0.000284674031124867
2021-06-08,"2021-06-08 17:00:04",0.000284674031124867
2021-06-08,"2021-06-08 17:10:05",0.000284674031124867
2021-06-08,"2021-06-08 17:20:04",0.000284674031124867
2021-06-08,"2021-06-08 17:30:04",0.000284674031124867
2021-06-08,"2021-06-08 17:40:04",0.000284674031124867
2021-06-08,"2021-06-08 17:50:03",0.000284832179916368
2021-06-08,"2021-06-08 18:00:04",0.000284832179916368
2021-06-08,"2021-06-08 18:10:04",0.000284832179916368
2021-06-08,"2021-06-08 18:20:04",0.000285053440609019
2021-06-08,"2021-06-08 18:30:04",0.000285053440609019
2021-06-08,"2021-06-08 18:40:04",0.000285053440609019
2021-06-08,"2021-06-08 18:50:04",0.000285053440609019
2021-06-08,"2021-06-08 19:00:04",0.000285053440609019
2021-06-08,"2021-06-08 19:10:04",0.000285053440609019
2021-06-08,"2021-06-08 19:20:03",0.000285053440609019
2021-06-08,"2021-06-08 19:30:04",0.000285053440609019
2021-06-08,"2021-06-08 19:40:04",0.000285035940356489
2021-06-08,"2021-06-08 19:50:04",0.000285035940356489
2021-06-08,"2021-06-08 20:00:05",0.000285016353822175
2021-06-08,"2021-06-08 20:10:05",0.000285016353822175
2021-06-08,"2021-06-08 20:20:04",0.000285016353822175
2021-06-08,"2021-06-08 20:30:04",0.000285016353822175
2021-06-08,"2021-06-08 20:40:04",0.000285016353822175
2021-06-08,"2021-06-08 20:50:04",0.000285016353822175
2021-06-08,"2021-06-08 21:00:05",0.000285016353822175
2021-06-08,"2021-06-08 21:10:04",0.000285016353822175
2021-06-08,"2021-06-08 21:20:04",0.000285016353822175
2021-06-08,"2021-06-08 21:30:05",0.000282151191019008
2021-06-08,"2021-06-08 21:40:04",0.000282151191019008
2021-06-08,"2021-06-08 21:50:04",0.000282151191019008
2021-06-08,"2021-06-08 22:00:05",0.000278009697288505
2021-06-08,"2021-06-08 22:10:04",0.000276181101401755
2021-06-08,"2021-06-08 22:20:04",0.000276181101401755
2021-06-08,"2021-06-08 22:30:04",0.000276181101401755
2021-06-08,"2021-06-08 22:40:04",0.000265857842921262
2021-06-08,"2021-06-08 22:50:04",0.000260670500097049
2021-06-08,"2021-06-08 23:00:04",0.000260670500097049
2021-06-08,"2021-06-08 23:10:03",0.000260670500097049
2021-06-08,"2021-06-08 23:20:03",0.000260670500097049
2021-06-08,"2021-06-08 23:30:03",0.000260670500097049
2021-06-08,"2021-06-08 23:40:04",0.000260670500097049
2021-06-08,"2021-06-08 23:50:04",0.000260670500097049
2021-06-09,"2021-06-09 00:00:05",0.000260670500097049
2021-06-09,"2021-06-09 00:10:04",0.000260670500097049
2021-06-09,"2021-06-09 00:20:04",0.000260670500097049
2021-06-09,"2021-06-09 00:30:04",0.000260670500097049
2021-06-09,"2021-06-09 00:40:04",0.000260670500097049
2021-06-09,"2021-06-09 00:50:03",0.000260670500103513
2021-06-09,"2021-06-09 01:00:04",0.000260670500103513
2021-06-09,"2021-06-09 01:10:03",0.000260670500103513
2021-06-09,"2021-06-09 01:20:04",0.000260670500103513
2021-06-09,"2021-06-09 01:30:04",0.000245354237312062
2021-06-09,"2021-06-09 01:40:04",0.000245354237312062
2021-06-09,"2021-06-09 01:50:04",0.000245354237312062
2021-06-09,"2021-06-09 02:00:05",0.000245354237312101
2021-06-09,"2021-06-09 02:10:04",0.000245354237312101
2021-06-09,"2021-06-09 02:20:04",0.000245354237312101
2021-06-09,"2021-06-09 02:30:04",0.000245354237312101
2021-06-09,"2021-06-09 02:40:04",0.000216019150324187
2021-06-09,"2021-06-09 02:50:03",0.000229783542353811
2021-06-09,"2021-06-09 03:00:05",0.000229863413841988
2021-06-09,"2021-06-09 03:10:04",0.000229863413845068
2021-06-09,"2021-06-09 03:20:04",0.000229863413845068
2021-06-09,"2021-06-09 03:30:03",0.000229863413845068
2021-06-09,"2021-06-09 03:40:04",0.000229863413845068
2021-06-09,"2021-06-09 03:50:04",0.000229863413845068
2021-06-09,"2021-06-09 04:00:05",0.000233873982020635
2021-06-09,"2021-06-09 04:10:04",0.000233873982020635
2021-06-09,"2021-06-09 04:20:04",0.000233873982020635
2021-06-09,"2021-06-09 04:30:04",0.000233873982020635
2021-06-09,"2021-06-09 04:40:04",0.000243661290606269
2021-06-09,"2021-06-09 04:50:04",0.000243661290606269
2021-06-09,"2021-06-09 05:00:04",0.000243661290606269
2021-06-09,"2021-06-09 05:10:04",0.000243661290606269
2021-06-09,"2021-06-09 05:20:03",0.000243661290606269
2021-06-09,"2021-06-09 05:30:04",0.000243661290606269
2021-06-09,"2021-06-09 05:40:04",0.000247582533521494
2021-06-09,"2021-06-09 05:50:04",0.000247582533521494
2021-06-09,"2021-06-09 06:00:05",0.000247582533521494
2021-06-09,"2021-06-09 06:10:04",0.000247582533521494
2021-06-09,"2021-06-09 06:20:04",0.000247582533521494
2021-06-09,"2021-06-09 06:30:04",0.000247582533521494
2021-06-09,"2021-06-09 06:40:04",0.000247582533521494
2021-06-09,"2021-06-09 06:50:04",0.000247134865306406
2021-06-09,"2021-06-09 07:00:05",0.000247098728990101
2021-06-09,"2021-06-09 07:10:04",0.000247098728990101
2021-06-09,"2021-06-09 07:20:04",0.000247098728990101
2021-06-09,"2021-06-09 07:30:03",0.000247098728990101
2021-06-09,"2021-06-09 07:40:04",0.000247098728990101
2021-06-09,"2021-06-09 07:50:04",0.000247098728990101
2021-06-09,"2021-06-09 08:00:04",0.000247098728990101
2021-06-09,"2021-06-09 08:10:04",0.000247098728990101
2021-06-09,"2021-06-09 08:20:04",0.000247098728990101
2021-06-09,"2021-06-09 08:30:04",0.000247010409798
2021-06-09,"2021-06-09 08:40:04",0.000247010409798
2021-06-09,"2021-06-09 08:50:03",0.000247010409798
2021-06-09,"2021-06-09 09:00:05",0.000247010409798
2021-06-09,"2021-06-09 09:10:05",0.000247010409798
2021-06-09,"2021-06-09 09:20:04",0.000247010409798
2021-06-09,"2021-06-09 09:30:04",0.000247010409806577
2021-06-09,"2021-06-09 09:40:04",0.000247010409806577
2021-06-09,"2021-06-09 09:50:04",0.000247010409806577
2021-06-09,"2021-06-09 10:00:04",0.000247010409806577
2021-06-09,"2021-06-09 10:10:04",0.000247010409806577
2021-06-09,"2021-06-09 10:20:04",0.000247010409806577
2021-06-09,"2021-06-09 10:30:04",0.000247010409807958
2021-06-09,"2021-06-09 10:40:04",0.000247010409807958
2021-06-09,"2021-06-09 10:50:05",0.000242744804429898
2021-06-09,"2021-06-09 11:00:04",0.000247413569956735
2021-06-09,"2021-06-09 11:10:04",0.000247413569960997
2021-06-09,"2021-06-09 11:20:04",0.000247413569960997
2021-06-09,"2021-06-09 11:30:04",0.000247413569960997
2021-06-09,"2021-06-09 11:40:03",0.000247413569960997
2021-06-09,"2021-06-09 11:50:04",0.000247413569960997
2021-06-09,"2021-06-09 12:00:04",0.000247413569960997
2021-06-09,"2021-06-09 12:10:04",0.000247413569960997
2021-06-09,"2021-06-09 12:20:04",0.000247413569960997
2021-06-09,"2021-06-09 12:30:04",0.000247413569960997
2021-06-09,"2021-06-09 12:40:04",0.000243372529290281
2021-06-09,"2021-06-09 12:50:04",0.000243372529294239
2021-06-09,"2021-06-09 13:00:05",0.000243372529294239
2021-06-09,"2021-06-09 13:10:04",0.000243363734007205
2021-06-09,"2021-06-09 13:20:04",0.000243363734007205
2021-06-09,"2021-06-09 13:30:04",0.000243363734007205
2021-06-09,"2021-06-09 13:40:03",0.000243363734007205
2021-06-09,"2021-06-09 13:50:03",0.000243363734007205
2021-06-09,"2021-06-09 14:00:04",0.000243363734007205
2021-06-09,"2021-06-09 14:10:04",0.000243363734007205
2021-06-09,"2021-06-09 14:20:03",0.000243327535410039
2021-06-09,"2021-06-09 14:30:04",0.000243323002849613
2021-06-09,"2021-06-09 14:40:04",0.000243323002851626
2021-06-09,"2021-06-09 14:50:04",0.000243323002855497
2021-06-09,"2021-06-09 15:00:05",0.000243323002855497
2021-06-09,"2021-06-09 15:10:04",0.000243323002855497
2021-06-09,"2021-06-09 15:20:04",0.000243323002855497
2021-06-09,"2021-06-09 15:30:04",0.000243323002855497
2021-06-09,"2021-06-09 15:40:04",0.000243323002855497
2021-06-09,"2021-06-09 15:50:03",0.000243323002855497
2021-06-09,"2021-06-09 16:00:05",0.000243323002855497
2021-06-09,"2021-06-09 16:10:04",0.000243323002855497
2021-06-09,"2021-06-09 16:20:03",0.000243323002855497
2021-06-09,"2021-06-09 16:30:04",0.000243323002855497
2021-06-09,"2021-06-09 16:40:04",0.000243323002855497
2021-06-09,"2021-06-09 16:50:04",0.000243323002855497
2021-06-09,"2021-06-09 17:00:05",0.000243323002855497
2021-06-09,"2021-06-09 17:10:04",0.000248682290202314
2021-06-09,"2021-06-09 17:20:04",0.000248682290202314
2021-06-09,"2021-06-09 17:30:04",0.000248682290202314
2021-06-09,"2021-06-09 17:40:04",0.000252772592495165
2021-06-09,"2021-06-09 17:50:04",0.000251929265493271
2021-06-09,"2021-06-09 18:00:06",0.000251929265493271
2021-06-09,"2021-06-09 18:10:04",0.000253667733574089
2021-06-09,"2021-06-09 18:20:04",0.000253667733574089
2021-06-09,"2021-06-09 18:30:04",0.000253667733574089
2021-06-09,"2021-06-09 18:40:04",0.000253667733574089
2021-06-09,"2021-06-09 18:50:04",0.000253374035767241
2021-06-09,"2021-06-09 19:00:05",0.000253374035767241
2021-06-09,"2021-06-09 19:10:04",0.000253374035767241
2021-06-09,"2021-06-09 19:20:04",0.000253374035767241
2021-06-09,"2021-06-09 19:30:04",0.000253374035767241
2021-06-09,"2021-06-09 19:40:04",0.000253374035767241
2021-06-09,"2021-06-09 19:50:04",0.000253374035767241
2021-06-09,"2021-06-09 20:00:04",0.000253374035767241
2021-06-09,"2021-06-09 20:10:04",0.000253374035767241
2021-06-09,"2021-06-09 20:20:04",0.000253374035767241
2021-06-09,"2021-06-09 20:30:05",0.000253374035767241
2021-06-09,"2021-06-09 20:40:03",0.000249281387292141
2021-06-09,"2021-06-09 20:50:03",0.000251660705055531
2021-06-09,"2021-06-09 21:00:05",0.000251660705055531
2021-06-09,"2021-06-09 21:10:04",0.000251660705055531
2021-06-09,"2021-06-09 21:20:04",0.000251660705055531
2021-06-09,"2021-06-09 21:30:04",0.000251660705055531
2021-06-09,"2021-06-09 21:40:04",0.000251660705055531
2021-06-09,"2021-06-09 21:50:04",0.00025163552074654
2021-06-09,"2021-06-09 22:00:05",0.00025163552074654
2021-06-09,"2021-06-09 22:10:04",0.00025163552074654
2021-06-09,"2021-06-09 22:20:04",0.00025163552074654
2021-06-09,"2021-06-09 22:30:03",0.000251631740276025
2021-06-09,"2021-06-09 22:40:05",0.000251631740276025
2021-06-09,"2021-06-09 22:50:04",0.000251631740276025
2021-06-09,"2021-06-09 23:00:04",0.000251631740276025
2021-06-09,"2021-06-09 23:10:04",0.000251631740276025
2021-06-09,"2021-06-09 23:20:04",0.000251631740276025
2021-06-09,"2021-06-09 23:30:03",0.000251631740276025
2021-06-09,"2021-06-09 23:40:03",0.000251631740276025
2021-06-09,"2021-06-09 23:50:04",0.000251631740276025
2021-06-10,"2021-06-10 00:00:05",0.000251631740276025
2021-06-10,"2021-06-10 00:10:04",0.000251631740276025
2021-06-10,"2021-06-10 00:20:03",0.000238075842322027
2021-06-10,"2021-06-10 00:30:03",0.000238075842322027
2021-06-10,"2021-06-10 00:40:04",0.000238075842322027
2021-06-10,"2021-06-10 00:50:04",0.000238075842322027
2021-06-10,"2021-06-10 01:00:04",0.000238075842322027
2021-06-10,"2021-06-10 01:10:04",0.000238075842322027
2021-06-10,"2021-06-10 01:20:04",0.000238075842322027
2021-06-10,"2021-06-10 01:30:04",0.000238075842322027
2021-06-10,"2021-06-10 01:40:04",0.000238075842322027
2021-06-10,"2021-06-10 01:50:04",0.000238075842322027
2021-06-10,"2021-06-10 02:00:05",0.000238118018592286
2021-06-10,"2021-06-10 02:10:04",0.000238118018592286
2021-06-10,"2021-06-10 02:20:04",0.000238118018592286
2021-06-10,"2021-06-10 02:30:04",0.000238118018592286
2021-06-10,"2021-06-10 02:40:04",0.000238118018592286
2021-06-10,"2021-06-10 02:50:04",0.000238118018592286
2021-06-10,"2021-06-10 03:00:05",0.000238118018592286
2021-06-10,"2021-06-10 03:10:04",0.000238118018592286
2021-06-10,"2021-06-10 03:20:04",0.000238118018592286
2021-06-10,"2021-06-10 03:30:04",0.000238118018592286
2021-06-10,"2021-06-10 03:40:03",0.000238118018592286
2021-06-10,"2021-06-10 03:50:03",0.000238118018592286
2021-06-10,"2021-06-10 04:00:05",0.000238118018592286
2021-06-10,"2021-06-10 04:10:04",0.000238118018592286
2021-06-10,"2021-06-10 04:20:04",0.000238118018592286
2021-06-10,"2021-06-10 04:30:04",0.000238118018592286
2021-06-10,"2021-06-10 04:40:04",0.000238191836044036
2021-06-10,"2021-06-10 04:50:04",0.000238191836044036
2021-06-10,"2021-06-10 05:00:04",0.000238191836044036
2021-06-10,"2021-06-10 05:10:04",0.000238191836044036
2021-06-10,"2021-06-10 05:20:04",0.000238191836044036
2021-06-10,"2021-06-10 05:30:05",0.000238191836044036
2021-06-10,"2021-06-10 05:40:04",0.000238191836044036
2021-06-10,"2021-06-10 05:50:04",0.000238191836044036
2021-06-10,"2021-06-10 06:00:05",0.000238191836044036
2021-06-10,"2021-06-10 06:10:04",0.000238191836044036
2021-06-10,"2021-06-10 06:20:04",0.000238191836044036
2021-06-10,"2021-06-10 06:30:04",0.000255325030129566
2021-06-10,"2021-06-10 06:40:04",0.000260269189523408
2021-06-10,"2021-06-10 06:50:04",0.000260269189523408
2021-06-10,"2021-06-10 07:00:04",0.000260269189523408
2021-06-10,"2021-06-10 07:10:04",0.000260269189523408
2021-06-10,"2021-06-10 07:20:04",0.000260269189523408
2021-06-10,"2021-06-10 07:30:04",0.000260269189523408
2021-06-10,"2021-06-10 07:40:04",0.000260043271618003
2021-06-10,"2021-06-10 07:50:04",0.000260043271618003
2021-06-10,"2021-06-10 08:00:04",0.000256237520995376
2021-06-10,"2021-06-10 08:10:04",0.000256237520995376
2021-06-10,"2021-06-10 08:20:03",0.000256198289074389
2021-06-10,"2021-06-10 08:30:04",0.000256198289074389
2021-06-10,"2021-06-10 08:40:03",0.000256198289074389
2021-06-10,"2021-06-10 08:50:04",0.000256198289074389
2021-06-10,"2021-06-10 09:00:04",0.000256198289074389
2021-06-10,"2021-06-10 09:10:04",0.000256198289074389
2021-06-10,"2021-06-10 09:20:04",0.000256177703429825
2021-06-10,"2021-06-10 09:30:04",0.000256177703429825
2021-06-10,"2021-06-10 09:40:04",0.000256177703429825
2021-06-10,"2021-06-10 09:50:04",0.000256177703429825
2021-06-10,"2021-06-10 10:00:05",0.000256177703429825
2021-06-10,"2021-06-10 10:10:04",0.000256177703429825
2021-06-10,"2021-06-10 10:20:04",0.000256177703429825
2021-06-10,"2021-06-10 10:30:04",0.000256177703429825
2021-06-10,"2021-06-10 10:40:04",0.000256177703429825
2021-06-10,"2021-06-10 10:50:04",0.000256177703429825
2021-06-10,"2021-06-10 11:00:05",0.000256177703429825
2021-06-10,"2021-06-10 11:10:04",0.000256177703429825
2021-06-10,"2021-06-10 11:20:04",0.000256177703429825
2021-06-10,"2021-06-10 11:30:04",0.000261265886587895
2021-06-10,"2021-06-10 11:40:04",0.00025448664900444
2021-06-10,"2021-06-10 11:50:03",0.00025448664900444
2021-06-10,"2021-06-10 12:00:05",0.000254480890315003
2021-06-10,"2021-06-10 12:10:04",0.000254907262136112
2021-06-10,"2021-06-10 12:20:04",0.000254907262136112
2021-06-10,"2021-06-10 12:30:03",0.000254907262136112
2021-06-10,"2021-06-10 12:40:04",0.000254907262136112
2021-06-10,"2021-06-10 12:50:04",0.000254907262136112
2021-06-10,"2021-06-10 13:00:04",0.000254907262136112
2021-06-10,"2021-06-10 13:10:04",0.000254907262136112
2021-06-10,"2021-06-10 13:20:04",0.000254907262136112
2021-06-10,"2021-06-10 13:30:04",0.000254907262136112
2021-06-10,"2021-06-10 13:40:04",0.000266745093194328
2021-06-10,"2021-06-10 13:50:03",0.000267876613646853
2021-06-10,"2021-06-10 14:00:05",0.000267849251151655
2021-06-10,"2021-06-10 14:10:04",0.00026784925115194
2021-06-10,"2021-06-10 14:20:04",0.00026784925115194
2021-06-10,"2021-06-10 14:30:04",0.000266721114041966
2021-06-10,"2021-06-10 14:40:04",0.000266721114041966
2021-06-10,"2021-06-10 14:50:04",0.000267341452464415
2021-06-10,"2021-06-10 15:00:04",0.000267341452474764
2021-06-10,"2021-06-10 15:10:04",0.000267341452474764
2021-06-10,"2021-06-10 15:20:04",0.000267341452474764
2021-06-10,"2021-06-10 15:30:04",0.000267341452474764
2021-06-10,"2021-06-10 15:40:04",0.000267341452474764
2021-06-10,"2021-06-10 15:50:04",0.000267341452474764
2021-06-10,"2021-06-10 16:00:05",0.000267341452474764
2021-06-10,"2021-06-10 16:10:03",0.000267341452474764
2021-06-10,"2021-06-10 16:20:04",0.000267341452474764
2021-06-10,"2021-06-10 16:30:04",0.000267341452474764
2021-06-10,"2021-06-10 16:40:04",0.000267341452474764
2021-06-10,"2021-06-10 16:50:04",0.000267341452474764
2021-06-10,"2021-06-10 17:00:05",0.000267341452474764
2021-06-10,"2021-06-10 17:10:04",0.000267341452474764
2021-06-10,"2021-06-10 17:20:04",0.000267341452474764
2021-06-10,"2021-06-10 17:30:04",0.000267341452474764
2021-06-10,"2021-06-10 17:40:03",0.0002708838006323
2021-06-10,"2021-06-10 17:50:04",0.000270881346524191
2021-06-10,"2021-06-10 18:00:05",0.000270881346524191
2021-06-10,"2021-06-10 18:10:04",0.000261130181543745
2021-06-10,"2021-06-10 18:20:04",0.000261130181543745
2021-06-10,"2021-06-10 18:30:04",0.000261130181552611
2021-06-10,"2021-06-10 18:40:04",0.000259732039519008
2021-06-10,"2021-06-10 18:50:04",0.000259732039519008
2021-06-10,"2021-06-10 19:00:04",0.000259725187158981
2021-06-10,"2021-06-10 19:10:04",0.000259725187158981
2021-06-10,"2021-06-10 19:20:05",0.000259725187158981
2021-06-10,"2021-06-10 19:30:04",0.000259725187158981
2021-06-10,"2021-06-10 19:40:04",0.000259725187158981
2021-06-10,"2021-06-10 19:50:04",0.000259725187158981
2021-06-10,"2021-06-10 20:00:05",0.00025974755382688
2021-06-10,"2021-06-10 20:10:04",0.000259693355409321
2021-06-10,"2021-06-10 20:20:04",0.000255906741235488
2021-06-10,"2021-06-10 20:30:04",0.000255778907332118
2021-06-10,"2021-06-10 20:40:04",0.000255778907332118
2021-06-10,"2021-06-10 20:50:03",0.000255778907332118
2021-06-10,"2021-06-10 21:00:05",0.000255778907332118
2021-06-10,"2021-06-10 21:10:04",0.000255778907332118
2021-06-10,"2021-06-10 21:20:04",0.000255778907332973
2021-06-10,"2021-06-10 21:30:04",0.000255361874411049
2021-06-10,"2021-06-10 21:40:03",0.000255361874411049
2021-06-10,"2021-06-10 21:50:04",0.000254938199903823
2021-06-10,"2021-06-10 22:00:04",0.000254938199903823
2021-06-10,"2021-06-10 22:10:04",0.000254938199903823
2021-06-10,"2021-06-10 22:20:04",0.000254938199903823
2021-06-10,"2021-06-10 22:30:04",0.000254938199903823
2021-06-10,"2021-06-10 22:40:04",0.000254938199903823
2021-06-10,"2021-06-10 22:50:04",0.000254938199903823
2021-06-10,"2021-06-10 23:00:05",0.000254938199903823
2021-06-10,"2021-06-10 23:10:04",0.000254938199903823
2021-06-10,"2021-06-10 23:20:04",0.000254938199906857
2021-06-10,"2021-06-10 23:30:04",0.000254853002316982
2021-06-10,"2021-06-10 23:40:04",0.000254854337192497
2021-06-10,"2021-06-10 23:50:04",0.000254854337192497
2021-06-11,"2021-06-11 00:00:06",0.000254854337192497
2021-06-11,"2021-06-11 00:10:04",0.000254720320282352
2021-06-11,"2021-06-11 00:20:04",0.000254720320282352
2021-06-11,"2021-06-11 00:30:04",0.000254724034500293
2021-06-11,"2021-06-11 00:40:04",0.000254724034500293
2021-06-11,"2021-06-11 00:50:04",0.000254724034510958
2021-06-11,"2021-06-11 01:00:05",0.000257474873381344
2021-06-11,"2021-06-11 01:10:03",0.000257474873381344
2021-06-11,"2021-06-11 01:20:04",0.000257474873381344
2021-06-11,"2021-06-11 01:30:04",0.000257474873381344
2021-06-11,"2021-06-11 01:40:03",0.000257474873381344
2021-06-11,"2021-06-11 01:50:03",0.000258170499608445
2021-06-11,"2021-06-11 02:00:05",0.000258170499608445
2021-06-11,"2021-06-11 02:10:04",0.000258170499608445
2021-06-11,"2021-06-11 02:20:04",0.000258170499608445
2021-06-11,"2021-06-11 02:30:04",0.000258170499608445
2021-06-11,"2021-06-11 02:40:04",0.000258170499608445
2021-06-11,"2021-06-11 02:50:04",0.000258170499608445
2021-06-11,"2021-06-11 03:00:04",0.000258170499608445
2021-06-11,"2021-06-11 03:10:04",0.000258170499608445
2021-06-11,"2021-06-11 03:20:04",0.000258170499608445
2021-06-11,"2021-06-11 03:30:04",0.000258170499608445
2021-06-11,"2021-06-11 03:40:04",0.000258170499608445
2021-06-11,"2021-06-11 03:50:04",0.000258170499608445
2021-06-11,"2021-06-11 04:00:05",0.000258170499608445
2021-06-11,"2021-06-11 04:10:04",0.000258170499608445
2021-06-11,"2021-06-11 04:20:04",0.000258170499608445
2021-06-11,"2021-06-11 04:30:04",0.000258170499608445
2021-06-11,"2021-06-11 04:40:04",0.000258170499608445
2021-06-11,"2021-06-11 04:50:04",0.000258170499608445
2021-06-11,"2021-06-11 05:00:04",0.000258170499608445
2021-06-11,"2021-06-11 05:10:04",0.000258170499608445
2021-06-11,"2021-06-11 05:20:03",0.000258170499608445
2021-06-11,"2021-06-11 05:30:04",0.000258170499608445
2021-06-11,"2021-06-11 05:40:04",0.000258170499608445
2021-06-11,"2021-06-11 05:50:04",0.000258170499608445
2021-06-11,"2021-06-11 06:00:05",0.000258170499608445
2021-06-11,"2021-06-11 06:10:03",0.000258170499608445
2021-06-11,"2021-06-11 06:20:04",0.000258005470586471
2021-06-11,"2021-06-11 06:30:04",0.000258005470586471
2021-06-11,"2021-06-11 06:40:04",0.000258005470586471
2021-06-11,"2021-06-11 06:50:04",0.000258005470586471
2021-06-11,"2021-06-11 07:00:04",0.000258005470586471
2021-06-11,"2021-06-11 07:10:04",0.000258005470586471
2021-06-11,"2021-06-11 07:20:04",0.000258005470586471
2021-06-11,"2021-06-11 07:30:04",0.000258005470586471
2021-06-11,"2021-06-11 07:40:04",0.000258005470586471
2021-06-11,"2021-06-11 07:50:03",0.000258005470586471
2021-06-11,"2021-06-11 08:00:05",0.000258005470586471
2021-06-11,"2021-06-11 08:10:04",0.000258005470586471
2021-06-11,"2021-06-11 08:20:03",0.000257830512030192
2021-06-11,"2021-06-11 08:30:03",0.000257830512030192
2021-06-11,"2021-06-11 08:40:03",0.000257830512030192
2021-06-11,"2021-06-11 08:50:04",0.000257830512030192
2021-06-11,"2021-06-11 09:00:04",0.000257830512030192
2021-06-11,"2021-06-11 09:10:04",0.000257830512030192
2021-06-11,"2021-06-11 09:20:04",0.000257830512030192
2021-06-11,"2021-06-11 09:30:04",0.000257830512030192
2021-06-11,"2021-06-11 09:40:04",0.000257830512030192
2021-06-11,"2021-06-11 09:50:03",0.000257830512030192
2021-06-11,"2021-06-11 10:00:05",0.000257830512030192
2021-06-11,"2021-06-11 10:10:04",0.00025783051203205
2021-06-11,"2021-06-11 10:20:04",0.00025783051203205
2021-06-11,"2021-06-11 10:30:04",0.00025783051203205
2021-06-11,"2021-06-11 10:40:04",0.00025783051203205
2021-06-11,"2021-06-11 10:50:04",0.00025783051203205
2021-06-11,"2021-06-11 11:00:04",0.000257713614754977
2021-06-11,"2021-06-11 11:10:04",0.000257713614754977
2021-06-11,"2021-06-11 11:20:04",0.000257713614754977
2021-06-11,"2021-06-11 11:30:04",0.000257713614754977
2021-06-11,"2021-06-11 11:40:04",0.000257713614754977
2021-06-11,"2021-06-11 11:50:04",0.000257713614754977
2021-06-11,"2021-06-11 12:00:04",0.000257713614754977
2021-06-11,"2021-06-11 12:10:04",0.000257713614754977
2021-06-11,"2021-06-11 12:20:03",0.000257713614754977
2021-06-11,"2021-06-11 12:30:04",0.000257713614754977
2021-06-11,"2021-06-11 12:40:03",0.000257711134106087
2021-06-11,"2021-06-11 12:50:04",0.000257711134106087
2021-06-11,"2021-06-11 13:00:05",0.000257801156716125
2021-06-11,"2021-06-11 13:10:03",0.000257801156716125
2021-06-11,"2021-06-11 13:20:03",0.000257801156716125
2021-06-11,"2021-06-11 13:30:04",0.000257801156716125
2021-06-11,"2021-06-11 13:40:04",0.000257801156716125
2021-06-11,"2021-06-11 13:50:04",0.000257801156716125
2021-06-11,"2021-06-11 14:00:05",0.000265319029070922
2021-06-11,"2021-06-11 14:10:04",0.000286903178031896
2021-06-11,"2021-06-11 14:20:04",0.000286903178031896
2021-06-11,"2021-06-11 14:30:04",0.000286807501248938
2021-06-11,"2021-06-11 14:40:04",0.000286807501248938
2021-06-11,"2021-06-11 14:50:04",0.000286859727129844
2021-06-11,"2021-06-11 15:00:05",0.000286859727129844
2021-06-11,"2021-06-11 15:10:04",0.000286859727129844
2021-06-11,"2021-06-11 15:20:04",0.000286930951892759
2021-06-11,"2021-06-11 15:30:04",0.000266104178911265
2021-06-11,"2021-06-11 15:40:04",0.000266104178911265
2021-06-11,"2021-06-11 15:50:03",0.000266104178911265
2021-06-11,"2021-06-11 16:00:05",0.000266104178915761
2021-06-11,"2021-06-11 16:10:04",0.000266104178915761
2021-06-11,"2021-06-11 16:20:04",0.000265791460492321
2021-06-11,"2021-06-11 16:30:04",0.00026762589013763
2021-06-11,"2021-06-11 16:40:04",0.00026762589013763
2021-06-11,"2021-06-11 16:50:04",0.00026854248879472
2021-06-11,"2021-06-11 17:00:04",0.00026854248879472
2021-06-11,"2021-06-11 17:10:04",0.00026854248879472
2021-06-11,"2021-06-11 17:20:04",0.00026854248879472
2021-06-11,"2021-06-11 17:30:04",0.00026854248879472
2021-06-11,"2021-06-11 17:40:04",0.00026844691483598
2021-06-11,"2021-06-11 17:50:04",0.00026844691483598
2021-06-11,"2021-06-11 18:00:04",0.000269521415629259
2021-06-11,"2021-06-11 18:10:04",0.000269521415629259
2021-06-11,"2021-06-11 18:20:04",0.000269521415629259
2021-06-11,"2021-06-11 18:30:04",0.000269521415629259
2021-06-11,"2021-06-11 18:40:03",0.000269521415629259
2021-06-11,"2021-06-11 18:50:04",0.000269521415629259
2021-06-11,"2021-06-11 19:00:04",0.000269521415629259
2021-06-11,"2021-06-11 19:10:04",0.000269521415629259
2021-06-11,"2021-06-11 19:20:04",0.000269521415629259
2021-06-11,"2021-06-11 19:30:04",0.000269521415629259
2021-06-11,"2021-06-11 19:40:04",0.000269521415629259
2021-06-11,"2021-06-11 19:50:04",0.000269521415629259
2021-06-11,"2021-06-11 20:00:05",0.000269521415629259
2021-06-11,"2021-06-11 20:10:03",0.00026959057227767
2021-06-11,"2021-06-11 20:20:04",0.00026959057227767
2021-06-11,"2021-06-11 20:30:04",0.00026959057227767
2021-06-11,"2021-06-11 20:40:04",0.00026959057227767
2021-06-11,"2021-06-11 20:50:04",0.000270097992002912
2021-06-11,"2021-06-11 21:00:04",0.000270097992002912
2021-06-11,"2021-06-11 21:10:04",0.000270161452923743
2021-06-11,"2021-06-11 21:20:04",0.000270409941826131
2021-06-11,"2021-06-11 21:30:04",0.000267929774514495
2021-06-11,"2021-06-11 21:40:03",0.000267929774514495
2021-06-11,"2021-06-11 21:50:04",0.000267873412432529
2021-06-11,"2021-06-11 22:00:04",0.000267873412432529
2021-06-11,"2021-06-11 22:10:03",0.000267873412432529
2021-06-11,"2021-06-11 22:20:03",0.000267873412432529
2021-06-11,"2021-06-11 22:30:04",0.000267873412432529
2021-06-11,"2021-06-11 22:40:04",0.000268610425491266
2021-06-11,"2021-06-11 22:50:04",0.000268610425491266
2021-06-11,"2021-06-11 23:00:05",0.000268610425491266
2021-06-11,"2021-06-11 23:10:03",0.000268610425491266
2021-06-11,"2021-06-11 23:20:03",0.000268610425491266
2021-06-11,"2021-06-11 23:30:04",0.000269528181329804
2021-06-11,"2021-06-11 23:40:04",0.000269528181329804
2021-06-11,"2021-06-11 23:50:03",0.000269597337867043
2021-06-12,"2021-06-12 00:00:04",0.000269597337867043
2021-06-12,"2021-06-12 00:10:04",0.000269597337867043
2021-06-12,"2021-06-12 00:20:04",0.000269584811104538
2021-06-12,"2021-06-12 00:30:03",0.000269584811104538
2021-06-12,"2021-06-12 00:40:04",0.000269584811104538
2021-06-12,"2021-06-12 00:50:04",0.000269584811104538
2021-06-12,"2021-06-12 01:00:05",0.000269584811104538
2021-06-12,"2021-06-12 01:10:04",0.000269584811104538
2021-06-12,"2021-06-12 01:20:03",0.000269584811104538
2021-06-12,"2021-06-12 01:30:04",0.000270440007160477
2021-06-12,"2021-06-12 01:40:03",0.000270440007160477
2021-06-12,"2021-06-12 01:50:03",0.000270440007160477
2021-06-12,"2021-06-12 02:00:04",0.000270440007160477
2021-06-12,"2021-06-12 02:10:04",0.000270440007160477
2021-06-12,"2021-06-12 02:20:04",0.000270440007160477
2021-06-12,"2021-06-12 02:30:03",0.000270440007160477
2021-06-12,"2021-06-12 02:40:04",0.000270440007160477
2021-06-12,"2021-06-12 02:50:03",0.000270440007160477
2021-06-12,"2021-06-12 03:00:04",0.000270440007160477
2021-06-12,"2021-06-12 03:10:04",0.000270440007160477
2021-06-12,"2021-06-12 03:20:04",0.000270440007160477
2021-06-12,"2021-06-12 03:30:04",0.000270440007160477
2021-06-12,"2021-06-12 03:40:03",0.000270440007160477
2021-06-12,"2021-06-12 03:50:04",0.000270440007160477
2021-06-12,"2021-06-12 04:00:05",0.000270440007160477
2021-06-12,"2021-06-12 04:10:04",0.000270440007160477
2021-06-12,"2021-06-12 04:20:03",0.000270440007160477
2021-06-12,"2021-06-12 04:30:04",0.000270440007160477
2021-06-12,"2021-06-12 04:40:03",0.000270440007160477
2021-06-12,"2021-06-12 04:50:04",0.000270440007160477
2021-06-12,"2021-06-12 05:00:05",0.000270440007160477
2021-06-12,"2021-06-12 05:10:04",0.000270440007160477
2021-06-12,"2021-06-12 05:20:04",0.000270440007160477
2021-06-12,"2021-06-12 05:30:04",0.00027043702673037
2021-06-12,"2021-06-12 05:40:04",0.00027043702673037
2021-06-12,"2021-06-12 05:50:04",0.00027043702673037
2021-06-12,"2021-06-12 06:00:04",0.000270437026734225
2021-06-12,"2021-06-12 06:10:04",0.000270437026734225
2021-06-12,"2021-06-12 06:20:04",0.000270437026734225
2021-06-12,"2021-06-12 06:30:04",0.000270437026734225
2021-06-12,"2021-06-12 06:40:04",0.000270437026734225
2021-06-12,"2021-06-12 06:50:04",0.000270437026734225
2021-06-12,"2021-06-12 07:00:05",0.000270437026734225
2021-06-12,"2021-06-12 07:10:03",0.000270437026734225
2021-06-12,"2021-06-12 07:20:04",0.000270437026734225
2021-06-12,"2021-06-12 07:30:04",0.000270437026734225
2021-06-12,"2021-06-12 07:40:04",0.000270437026734225
2021-06-12,"2021-06-12 07:50:04",0.000270437026734225
2021-06-12,"2021-06-12 08:00:05",0.000270437026734225
2021-06-12,"2021-06-12 08:10:04",0.000270437026734225
2021-06-12,"2021-06-12 08:20:04",0.000270437026734225
2021-06-12,"2021-06-12 08:30:04",0.000270437026734225
2021-06-12,"2021-06-12 08:40:03",0.000270437026734225
2021-06-12,"2021-06-12 08:50:03",0.000270437026734225
2021-06-12,"2021-06-12 09:00:05",0.000270416486719074
2021-06-12,"2021-06-12 09:10:04",0.000270416486719074
2021-06-12,"2021-06-12 09:20:04",0.00026476868520352
2021-06-12,"2021-06-12 09:30:03",0.000264793258740084
2021-06-12,"2021-06-12 09:40:04",0.000264793258740084
2021-06-12,"2021-06-12 09:50:04",0.000264793258740084
2021-06-12,"2021-06-12 10:00:04",0.000265021389786421
2021-06-12,"2021-06-12 10:10:04",0.000265021389786421
2021-06-12,"2021-06-12 10:20:04",0.000262386006145654
2021-06-12,"2021-06-12 10:30:04",0.000262386006145654
2021-06-12,"2021-06-12 10:40:04",0.000262386006145654
2021-06-12,"2021-06-12 10:50:04",0.000262386006145654
2021-06-12,"2021-06-12 11:00:04",0.000262386006145654
2021-06-12,"2021-06-12 11:10:04",0.000262386006145654
2021-06-12,"2021-06-12 11:20:04",0.000262386006145654
2021-06-12,"2021-06-12 11:30:04",0.000262386006145654
2021-06-12,"2021-06-12 11:40:03",0.000262355519665455
2021-06-12,"2021-06-12 11:50:03",0.000262355519665455
2021-06-12,"2021-06-12 12:00:04",0.000263423635038935
2021-06-12,"2021-06-12 12:10:04",0.000263423635038935
2021-06-12,"2021-06-12 12:20:03",0.000263423635038935
2021-06-12,"2021-06-12 12:30:04",0.000263423635038935
2021-06-12,"2021-06-12 12:40:03",0.000263423635040254
2021-06-12,"2021-06-12 12:50:04",0.000263423635040254
2021-06-12,"2021-06-12 13:00:04",0.000263423635051653
2021-06-12,"2021-06-12 13:10:04",0.000263423635051653
2021-06-12,"2021-06-12 13:20:04",0.000263423635051653
2021-06-12,"2021-06-12 13:30:04",0.000263431695167473
2021-06-12,"2021-06-12 13:40:04",0.000263431695167473
2021-06-12,"2021-06-12 13:50:04",0.000277547529351178
2021-06-12,"2021-06-12 14:00:04",0.000277544481287669
2021-06-12,"2021-06-12 14:10:04",0.000277544481287669
2021-06-12,"2021-06-12 14:20:03",0.000277567846807139
2021-06-12,"2021-06-12 14:30:04",0.000275638389876627
2021-06-12,"2021-06-12 14:40:04",0.000275638389880446
2021-06-12,"2021-06-12 14:50:04",0.000275240360877466
2021-06-12,"2021-06-12 15:00:04",0.000277581041431031
2021-06-12,"2021-06-12 15:10:04",0.000277560906335861
2021-06-12,"2021-06-12 15:20:03",0.000277560906335861
2021-06-12,"2021-06-12 15:30:04",0.000275926089602436
2021-06-12,"2021-06-12 15:40:04",0.000275926089602436
2021-06-12,"2021-06-12 15:50:03",0.000275926089602436
2021-06-12,"2021-06-12 16:00:05",0.000275926089602436
2021-06-12,"2021-06-12 16:10:04",0.000275926089602436
2021-06-12,"2021-06-12 16:20:04",0.000275926089602436
2021-06-12,"2021-06-12 16:30:04",0.000275926089602436
2021-06-12,"2021-06-12 16:40:04",0.00027597286373845
2021-06-12,"2021-06-12 16:50:04",0.000276019641832675
2021-06-12,"2021-06-12 17:00:04",0.000276019641832675
2021-06-12,"2021-06-12 17:10:04",0.000276019641832675
2021-06-12,"2021-06-12 17:20:04",0.000276019641832675
2021-06-12,"2021-06-12 17:30:04",0.000276019641832675
2021-06-12,"2021-06-12 17:40:04",0.000276019641832675
2021-06-12,"2021-06-12 17:50:03",0.000276019641832675
2021-06-12,"2021-06-12 18:00:05",0.000276019641832675
2021-06-12,"2021-06-12 18:10:03",0.000276019641832675
2021-06-12,"2021-06-12 18:20:04",0.000276019641832675
2021-06-12,"2021-06-12 18:30:04",0.000276019641832675
2021-06-12,"2021-06-12 18:40:04",0.000276019641832675
2021-06-12,"2021-06-12 18:50:04",0.000276019641832675
2021-06-12,"2021-06-12 19:00:04",0.000276019641832675
2021-06-12,"2021-06-12 19:10:04",0.000276019641832675
2021-06-12,"2021-06-12 19:20:04",0.000276019641832675
2021-06-12,"2021-06-12 19:30:03",0.000276005515792832
2021-06-12,"2021-06-12 19:40:04",0.000276005515794936
2021-06-12,"2021-06-12 19:50:04",0.000276005515794936
2021-06-12,"2021-06-12 20:00:04",0.000275954022150604
2021-06-12,"2021-06-12 20:10:03",0.00027605929705995
2021-06-12,"2021-06-12 20:20:03",0.00027605929705995
2021-06-12,"2021-06-12 20:30:04",0.00027605929705995
2021-06-12,"2021-06-12 20:40:04",0.00027605929705995
2021-06-12,"2021-06-12 20:50:03",0.00027605929705995
2021-06-12,"2021-06-12 21:00:05",0.00027605929705995
2021-06-12,"2021-06-12 21:10:04",0.00027605929705995
2021-06-12,"2021-06-12 21:20:04",0.00027605929705995
2021-06-12,"2021-06-12 21:30:04",0.00027605929705995
2021-06-12,"2021-06-12 21:40:04",0.00027605929705995
2021-06-12,"2021-06-12 21:50:03",0.00027605929705995
2021-06-12,"2021-06-12 22:00:04",0.000276026531130335
2021-06-12,"2021-06-12 22:10:04",0.000276026531130335
2021-06-12,"2021-06-12 22:20:04",0.000275978766369621
2021-06-12,"2021-06-12 22:30:04",0.000275978766369621
2021-06-12,"2021-06-12 22:40:04",0.000275978766369621
2021-06-12,"2021-06-12 22:50:04",0.000277078885273254
2021-06-12,"2021-06-12 23:00:05",0.000277078885273254
2021-06-12,"2021-06-12 23:10:04",0.000277078885273254
2021-06-12,"2021-06-12 23:20:03",0.000277219541557309
2021-06-12,"2021-06-12 23:30:04",0.000277219541557309
2021-06-12,"2021-06-12 23:40:03",0.00027721954156662
2021-06-12,"2021-06-12 23:50:03",0.000277219541571831
2021-06-13,"2021-06-13 00:00:04",0.000277219541571831
2021-06-13,"2021-06-13 00:10:04",0.000277219541571831
2021-06-13,"2021-06-13 00:20:03",0.000277219541571831
2021-06-13,"2021-06-13 00:30:03",0.000277219541571831
2021-06-13,"2021-06-13 00:40:03",0.00027760591760324
2021-06-13,"2021-06-13 00:50:03",0.000276263059285195
2021-06-13,"2021-06-13 01:00:04",0.000276216877265889
2021-06-13,"2021-06-13 01:10:03",0.000276216877265889
2021-06-13,"2021-06-13 01:20:03",0.000276216877265889
2021-06-13,"2021-06-13 01:30:04",0.000276310540004159
2021-06-13,"2021-06-13 01:40:04",0.000276310540004159
2021-06-13,"2021-06-13 01:50:04",0.000276310540004159
2021-06-13,"2021-06-13 02:00:04",0.000276310540004159
2021-06-13,"2021-06-13 02:10:03",0.000276310540004159
2021-06-13,"2021-06-13 02:20:04",0.000276310540004159
2021-06-13,"2021-06-13 02:30:03",0.000276310540004159
2021-06-13,"2021-06-13 02:40:04",0.000276310540004159
2021-06-13,"2021-06-13 02:50:04",0.000276310540004159
2021-06-13,"2021-06-13 03:00:04",0.000276310540004159
2021-06-13,"2021-06-13 03:10:03",0.000276310540004159
2021-06-13,"2021-06-13 03:20:04",0.000276310540004159
2021-06-13,"2021-06-13 03:30:03",0.000276310540004159
2021-06-13,"2021-06-13 03:40:04",0.000276310540004159
2021-06-13,"2021-06-13 03:50:04",0.000276310540004159
2021-06-13,"2021-06-13 04:00:05",0.000276310540004159
2021-06-13,"2021-06-13 04:10:04",0.000276310540004159
2021-06-13,"2021-06-13 04:20:03",0.000276310540004159
2021-06-13,"2021-06-13 04:30:04",0.000276310540004159
2021-06-13,"2021-06-13 04:40:04",0.000276310540004159
2021-06-13,"2021-06-13 04:50:03",0.000276310540004159
2021-06-13,"2021-06-13 05:00:04",0.000276310540004159
2021-06-13,"2021-06-13 05:10:04",0.000276310540004159
2021-06-13,"2021-06-13 05:20:03",0.000276310540004159
2021-06-13,"2021-06-13 05:30:04",0.000276310540004159
2021-06-13,"2021-06-13 05:40:04",0.000276310540004159
2021-06-13,"2021-06-13 05:50:04",0.000276252522488912
2021-06-13,"2021-06-13 06:00:04",0.000276252522488912
2021-06-13,"2021-06-13 06:10:04",0.000276252522488912
2021-06-13,"2021-06-13 06:20:03",0.000276252522488912
2021-06-13,"2021-06-13 06:30:03",0.000276252522488912
2021-06-13,"2021-06-13 06:40:04",0.000276252522488912
