"date_utc","date_time_utc","usdtz_price"
2021-05-01,"2021-05-01 18:14:28",0.173617315785673
2021-05-01,"2021-05-01 18:20:03",0.173617315785673
2021-05-01,"2021-05-01 18:30:03",0.173617315785673
2021-05-01,"2021-05-01 18:40:03",0.173617315785673
2021-05-01,"2021-05-01 18:50:03",0.173617315785673
2021-05-01,"2021-05-01 19:00:03",0.173617315785673
2021-05-01,"2021-05-01 19:10:03",0.171142181510213
2021-05-01,"2021-05-01 19:20:03",0.171142181510213
2021-05-01,"2021-05-01 19:30:03",0.165599581872639
2021-05-01,"2021-05-01 19:40:03",0.165599581872639
2021-05-01,"2021-05-01 19:50:02",0.165599581872639
2021-05-01,"2021-05-01 20:00:04",0.165599581872639
2021-05-01,"2021-05-01 20:10:03",0.165599581872639
2021-05-01,"2021-05-01 20:20:03",0.165599581872639
2021-05-01,"2021-05-01 20:30:03",0.165599581872639
2021-05-01,"2021-05-01 20:40:03",0.165599581872639
2021-05-01,"2021-05-01 20:50:03",0.165599875629465
2021-05-01,"2021-05-01 21:00:03",0.165599875629465
2021-05-01,"2021-05-01 21:10:03",0.165599875629465
2021-05-01,"2021-05-01 21:20:03",0.165599875629465
2021-05-01,"2021-05-01 21:30:03",0.165599875629465
2021-05-01,"2021-05-01 21:40:03",0.165599875629465
2021-05-01,"2021-05-01 21:50:03",0.165599875629465
2021-05-01,"2021-05-01 22:00:04",0.165599875629465
2021-05-01,"2021-05-01 22:10:03",0.165599875629465
2021-05-01,"2021-05-01 22:20:03",0.165599875629465
2021-05-01,"2021-05-01 22:30:04",0.165599875629465
2021-05-01,"2021-05-01 22:40:03",0.174306850328239
2021-05-01,"2021-05-01 22:50:03",0.171839961612776
2021-05-01,"2021-05-01 23:00:04",0.171839961612776
2021-05-01,"2021-05-01 23:10:03",0.171839961612776
2021-05-01,"2021-05-01 23:20:03",0.171839961612776
2021-05-01,"2021-05-01 23:30:03",0.171839961612776
2021-05-01,"2021-05-01 23:40:03",0.171839961612776
2021-05-01,"2021-05-01 23:50:03",0.169451604461273
2021-05-02,"2021-05-02 00:00:03",0.169451604461273
2021-05-02,"2021-05-02 00:10:03",0.169451604461273
2021-05-02,"2021-05-02 00:20:03",0.169451604461273
2021-05-02,"2021-05-02 00:30:03",0.169451604461273
2021-05-02,"2021-05-02 00:40:03",0.169451604461273
2021-05-02,"2021-05-02 00:50:03",0.169451604461273
2021-05-02,"2021-05-02 01:00:03",0.169451604461273
2021-05-02,"2021-05-02 01:10:03",0.169451604461273
2021-05-02,"2021-05-02 01:20:02",0.169451604461273
2021-05-02,"2021-05-02 01:30:03",0.169451604461273
2021-05-02,"2021-05-02 01:40:03",0.169451604461273
2021-05-02,"2021-05-02 01:50:03",0.169451604461273
2021-05-02,"2021-05-02 02:00:03",0.169451604461273
2021-05-02,"2021-05-02 02:10:03",0.169451604461273
2021-05-02,"2021-05-02 02:20:03",0.169451604461273
2021-05-02,"2021-05-02 02:30:03",0.169451604461273
2021-05-02,"2021-05-02 02:40:03",0.169451604461273
2021-05-02,"2021-05-02 02:50:03",0.169451604461273
2021-05-02,"2021-05-02 03:00:04",0.169451604461273
2021-05-02,"2021-05-02 03:10:03",0.169451604461273
2021-05-02,"2021-05-02 03:20:03",0.169451604461273
2021-05-02,"2021-05-02 03:30:03",0.169451604461273
2021-05-02,"2021-05-02 03:40:03",0.169451604461273
2021-05-02,"2021-05-02 03:50:03",0.169451604461273
2021-05-02,"2021-05-02 04:00:03",0.169451604461273
2021-05-02,"2021-05-02 04:10:03",0.169451604461273
2021-05-02,"2021-05-02 04:20:03",0.169451604461273
2021-05-02,"2021-05-02 04:30:03",0.169451604461273
2021-05-02,"2021-05-02 04:40:03",0.169451604461273
2021-05-02,"2021-05-02 04:50:03",0.169451604461273
2021-05-02,"2021-05-02 05:00:04",0.169451604461273
2021-05-02,"2021-05-02 05:10:03",0.169451604461273
2021-05-02,"2021-05-02 05:20:03",0.169451604461273
2021-05-02,"2021-05-02 05:30:03",0.169451604461273
2021-05-02,"2021-05-02 05:40:03",0.169451604461273
2021-05-02,"2021-05-02 05:50:03",0.169451604461273
2021-05-02,"2021-05-02 06:00:04",0.169451604461273
2021-05-02,"2021-05-02 06:10:03",0.169451604461273
2021-05-02,"2021-05-02 06:20:03",0.169451604461273
2021-05-02,"2021-05-02 06:30:03",0.169451604461273
2021-05-02,"2021-05-02 06:40:03",0.169451604461273
2021-05-02,"2021-05-02 06:50:03",0.169451604461273
2021-05-02,"2021-05-02 07:00:04",0.169451604461273
2021-05-02,"2021-05-02 07:10:03",0.169451604461273
2021-05-02,"2021-05-02 07:20:03",0.169451604461273
2021-05-02,"2021-05-02 07:30:03",0.169451604461273
2021-05-02,"2021-05-02 07:40:03",0.169451604461273
2021-05-02,"2021-05-02 07:50:03",0.169451604461273
2021-05-02,"2021-05-02 08:00:03",0.169451604461273
2021-05-02,"2021-05-02 08:10:03",0.169451604461273
2021-05-02,"2021-05-02 08:20:03",0.169451604461273
2021-05-02,"2021-05-02 08:30:04",0.169451604461273
2021-05-02,"2021-05-02 08:40:03",0.169451604461273
2021-05-02,"2021-05-02 08:50:03",0.169451604461273
2021-05-02,"2021-05-02 09:00:03",0.169451604461273
2021-05-02,"2021-05-02 09:10:02",0.169451604461273
2021-05-02,"2021-05-02 09:20:05",0.169451604461273
2021-05-02,"2021-05-02 09:30:03",0.169451604461273
2021-05-02,"2021-05-02 09:40:03",0.169451604461273
2021-05-02,"2021-05-02 09:50:03",0.169451604461273
2021-05-02,"2021-05-02 10:00:03",0.169451604461273
2021-05-02,"2021-05-02 10:10:03",0.169451604461273
2021-05-02,"2021-05-02 10:20:03",0.169451604461273
2021-05-02,"2021-05-02 10:30:03",0.169451604461273
2021-05-02,"2021-05-02 10:40:03",0.169451604461273
2021-05-02,"2021-05-02 10:50:03",0.169451604461273
2021-05-02,"2021-05-02 11:00:03",0.169451604461273
2021-05-02,"2021-05-02 11:10:03",0.169451604461273
2021-05-02,"2021-05-02 11:20:03",0.169451604461273
2021-05-02,"2021-05-02 11:30:03",0.169451604461273
2021-05-02,"2021-05-02 11:40:03",0.169451604461273
2021-05-02,"2021-05-02 11:50:03",0.169451604461273
2021-05-02,"2021-05-02 12:00:04",0.169451604461273
2021-05-02,"2021-05-02 12:10:03",0.169451604461273
2021-05-02,"2021-05-02 12:20:03",0.169451604461273
2021-05-02,"2021-05-02 12:30:03",0.170261079989168
2021-05-02,"2021-05-02 12:40:03",0.169454024255873
2021-05-02,"2021-05-02 12:50:03",0.169454024255873
2021-05-02,"2021-05-02 13:00:04",0.169454024255873
2021-05-02,"2021-05-02 13:10:03",0.169454024255873
2021-05-02,"2021-05-02 13:20:03",0.169454024255873
2021-05-02,"2021-05-02 13:30:03",0.169454024255873
2021-05-02,"2021-05-02 13:40:03",0.169454024255873
2021-05-02,"2021-05-02 13:50:03",0.169454024255873
2021-05-02,"2021-05-02 14:00:03",0.169454024255873
2021-05-02,"2021-05-02 14:10:03",0.169454024264173
2021-05-02,"2021-05-02 14:20:03",0.169454024264173
2021-05-02,"2021-05-02 14:30:03",0.169454024264173
2021-05-02,"2021-05-02 14:40:03",0.169454024264173
2021-05-02,"2021-05-02 14:50:03",0.169454024264173
2021-05-02,"2021-05-02 15:00:04",0.169454024264173
2021-05-02,"2021-05-02 15:10:03",0.169454024264173
2021-05-02,"2021-05-02 15:20:03",0.169454024264173
2021-05-02,"2021-05-02 15:30:03",0.169454024264173
2021-05-02,"2021-05-02 15:40:03",0.169454024264173
2021-05-02,"2021-05-02 15:50:03",0.169082511683017
2021-05-02,"2021-05-02 16:00:03",0.169486758073485
2021-05-02,"2021-05-02 16:10:03",0.169486758073485
2021-05-02,"2021-05-02 16:20:03",0.169486758073485
2021-05-02,"2021-05-02 16:30:03",0.169486758073485
2021-05-02,"2021-05-02 16:40:03",0.169486758073485
2021-05-02,"2021-05-02 16:50:03",0.169486758073485
2021-05-02,"2021-05-02 17:00:03",0.169486758073485
2021-05-02,"2021-05-02 17:10:02",0.169486758073485
2021-05-02,"2021-05-02 17:20:03",0.169486758073485
2021-05-02,"2021-05-02 17:30:03",0.169486758073485
2021-05-02,"2021-05-02 17:40:03",0.169486758073485
2021-05-02,"2021-05-02 17:50:03",0.169486758073485
2021-05-02,"2021-05-02 18:00:03",0.169486758073485
2021-05-02,"2021-05-02 18:10:03",0.169486758073485
2021-05-02,"2021-05-02 18:20:03",0.169486758073485
2021-05-02,"2021-05-02 18:30:13",0.169486758073485
2021-05-02,"2021-05-02 18:40:03",0.169486758073485
2021-05-02,"2021-05-02 18:50:05",0.169486758073485
2021-05-02,"2021-05-02 19:00:04",0.169486758073485
2021-05-02,"2021-05-02 19:10:03",0.169486758073485
2021-05-02,"2021-05-02 19:20:03",0.169486758073485
2021-05-02,"2021-05-02 19:30:03",0.169486758073485
2021-05-02,"2021-05-02 19:40:03",0.169486758073485
2021-05-02,"2021-05-02 19:50:03",0.169486758073485
2021-05-02,"2021-05-02 20:00:03",0.169486758073485
2021-05-02,"2021-05-02 20:10:03",0.169486758073485
2021-05-02,"2021-05-02 20:20:03",0.169486758073485
2021-05-02,"2021-05-02 20:30:03",0.169486758073485
2021-05-02,"2021-05-02 20:40:03",0.169486758073485
2021-05-02,"2021-05-02 20:50:03",0.169486758073485
2021-05-02,"2021-05-02 21:00:03",0.169486758073485
2021-05-02,"2021-05-02 21:10:03",0.169486758073485
2021-05-02,"2021-05-02 21:20:03",0.169486758073485
2021-05-02,"2021-05-02 21:30:03",0.169486758073485
2021-05-02,"2021-05-02 21:40:03",0.169486758073485
2021-05-02,"2021-05-02 21:50:03",0.169486758073485
2021-05-02,"2021-05-02 22:00:04",0.169486758073485
2021-05-02,"2021-05-02 22:10:03",0.169486758073485
2021-05-02,"2021-05-02 22:20:03",0.169486758073485
2021-05-02,"2021-05-02 22:30:03",0.167888503096672
2021-05-02,"2021-05-02 22:40:03",0.167888503096672
2021-05-02,"2021-05-02 22:50:03",0.167888503096672
2021-05-02,"2021-05-02 23:00:03",0.167888503096672
2021-05-02,"2021-05-02 23:10:03",0.167888503096672
2021-05-02,"2021-05-02 23:20:03",0.167888503096672
2021-05-02,"2021-05-02 23:30:02",0.167888503096672
2021-05-02,"2021-05-02 23:40:03",0.167888503096672
2021-05-02,"2021-05-02 23:50:03",0.167888503096672
2021-05-03,"2021-05-03 00:00:04",0.167888503096672
2021-05-03,"2021-05-03 00:10:03",0.167888503096672
2021-05-03,"2021-05-03 00:20:03",0.167888503096672
2021-05-03,"2021-05-03 00:30:03",0.167888503096672
2021-05-03,"2021-05-03 00:40:03",0.167888503096672
2021-05-03,"2021-05-03 00:50:03",0.167888503096672
2021-05-03,"2021-05-03 01:00:03",0.167888503096672
2021-05-03,"2021-05-03 01:10:04",0.167888503096672
2021-05-03,"2021-05-03 01:20:03",0.167888503096672
2021-05-03,"2021-05-03 01:30:03",0.167888503096672
2021-05-03,"2021-05-03 01:40:03",0.167888503096672
2021-05-03,"2021-05-03 01:50:03",0.167888503096672
2021-05-03,"2021-05-03 02:00:04",0.167888503096672
2021-05-03,"2021-05-03 02:10:03",0.167888503096672
2021-05-03,"2021-05-03 02:20:03",0.167888503096672
2021-05-03,"2021-05-03 02:30:03",0.167888503096672
2021-05-03,"2021-05-03 02:40:03",0.167888503096672
2021-05-03,"2021-05-03 02:50:03",0.167888503096672
2021-05-03,"2021-05-03 03:00:03",0.167888503096672
2021-05-03,"2021-05-03 03:10:03",0.167888503096672
2021-05-03,"2021-05-03 03:20:03",0.167888503096672
2021-05-03,"2021-05-03 03:30:03",0.165503262497418
2021-05-03,"2021-05-03 03:40:03",0.163578702630435
2021-05-03,"2021-05-03 03:50:03",0.163578702630435
2021-05-03,"2021-05-03 04:00:04",0.163578702630435
2021-05-03,"2021-05-03 04:10:03",0.163578702630435
2021-05-03,"2021-05-03 04:20:03",0.163578702630435
2021-05-03,"2021-05-03 04:30:03",0.163578702630435
2021-05-03,"2021-05-03 04:40:03",0.163578702630435
2021-05-03,"2021-05-03 04:50:03",0.163578702630435
2021-05-03,"2021-05-03 05:00:03",0.163578702630435
2021-05-03,"2021-05-03 05:10:03",0.163578702630435
2021-05-03,"2021-05-03 05:20:03",0.163578702630435
2021-05-03,"2021-05-03 05:30:03",0.163578702630435
2021-05-03,"2021-05-03 05:40:02",0.163578702630435
2021-05-03,"2021-05-03 05:50:03",0.163578702630435
2021-05-03,"2021-05-03 06:00:03",0.163578702630435
2021-05-03,"2021-05-03 06:10:03",0.163578702630435
2021-05-03,"2021-05-03 06:20:03",0.163578702648468
2021-05-03,"2021-05-03 06:30:03",0.162260049294937
2021-05-03,"2021-05-03 06:40:03",0.162260049294937
2021-05-03,"2021-05-03 06:50:03",0.162260049294937
2021-05-03,"2021-05-03 07:00:04",0.162260049294937
2021-05-03,"2021-05-03 07:10:03",0.162260049294937
2021-05-03,"2021-05-03 07:20:03",0.162260049294937
2021-05-03,"2021-05-03 07:30:03",0.162260049294937
2021-05-03,"2021-05-03 07:40:03",0.162260049294937
2021-05-03,"2021-05-03 07:50:03",0.162260049294937
2021-05-03,"2021-05-03 08:00:03",0.162260049294937
2021-05-03,"2021-05-03 08:10:03",0.162260049294937
2021-05-03,"2021-05-03 08:20:03",0.162260049294937
2021-05-03,"2021-05-03 08:30:03",0.162260049294937
2021-05-03,"2021-05-03 08:40:03",0.162260049294937
2021-05-03,"2021-05-03 08:50:03",0.162260049294937
2021-05-03,"2021-05-03 09:00:04",0.162260049294937
2021-05-03,"2021-05-03 09:10:03",0.162260049294937
2021-05-03,"2021-05-03 09:20:03",0.162260049294937
2021-05-03,"2021-05-03 09:30:03",0.162260049294937
2021-05-03,"2021-05-03 09:40:03",0.162260049294937
2021-05-03,"2021-05-03 09:50:03",0.162260049294937
2021-05-03,"2021-05-03 10:00:04",0.162260049294937
2021-05-03,"2021-05-03 10:10:03",0.162260049294937
2021-05-03,"2021-05-03 10:20:03",0.162260049294937
2021-05-03,"2021-05-03 10:30:03",0.162260049294937
2021-05-03,"2021-05-03 10:40:03",0.162260049294937
2021-05-03,"2021-05-03 10:50:03",0.162260049294937
2021-05-03,"2021-05-03 11:00:04",0.162260049294937
2021-05-03,"2021-05-03 11:10:04",0.162260049294937
2021-05-03,"2021-05-03 11:20:03",0.162260049294937
2021-05-03,"2021-05-03 11:30:03",0.162260049294937
2021-05-03,"2021-05-03 11:40:03",0.162260049294937
2021-05-03,"2021-05-03 11:50:03",0.162260049294937
2021-05-03,"2021-05-03 12:00:04",0.162260049294937
2021-05-03,"2021-05-03 12:10:03",0.162260049294937
2021-05-03,"2021-05-03 12:20:03",0.162260049294937
2021-05-03,"2021-05-03 12:30:03",0.162260049294937
2021-05-03,"2021-05-03 12:40:02",0.162260049294937
2021-05-03,"2021-05-03 12:50:03",0.162260049294937
2021-05-03,"2021-05-03 13:00:04",0.162260049294937
2021-05-03,"2021-05-03 13:10:03",0.162260992580199
2021-05-03,"2021-05-03 13:20:03",0.162260992580199
2021-05-03,"2021-05-03 13:30:03",0.162260992580199
2021-05-03,"2021-05-03 13:40:03",0.162260992580199
2021-05-03,"2021-05-03 13:50:03",0.164627716194975
2021-05-03,"2021-05-03 14:00:04",0.164627716194975
2021-05-03,"2021-05-03 14:10:03",0.164627716194975
2021-05-03,"2021-05-03 14:20:03",0.164627716194975
2021-05-03,"2021-05-03 14:30:03",0.164627716194975
2021-05-03,"2021-05-03 14:40:03",0.164627716194975
2021-05-03,"2021-05-03 14:50:03",0.164627716194975
2021-05-03,"2021-05-03 15:00:04",0.164627716194975
2021-05-03,"2021-05-03 15:10:03",0.164627716194975
2021-05-03,"2021-05-03 15:20:02",0.164627716194975
2021-05-03,"2021-05-03 15:30:03",0.164627716194975
2021-05-03,"2021-05-03 15:40:03",0.164627716194975
2021-05-03,"2021-05-03 15:50:03",0.164627716194975
2021-05-03,"2021-05-03 16:00:04",0.164627716194975
2021-05-03,"2021-05-03 16:10:03",0.164627716194975
2021-05-03,"2021-05-03 16:20:03",0.164627716194975
2021-05-03,"2021-05-03 16:30:03",0.164627716194975
2021-05-03,"2021-05-03 16:40:03",0.164627716194975
2021-05-03,"2021-05-03 16:50:03",0.164627716194975
2021-05-03,"2021-05-03 17:00:04",0.164627716194975
2021-05-03,"2021-05-03 17:10:03",0.164627716194975
2021-05-03,"2021-05-03 17:20:03",0.164627716194975
2021-05-03,"2021-05-03 17:30:03",0.164627716194975
2021-05-03,"2021-05-03 17:40:03",0.164627716194975
2021-05-03,"2021-05-03 17:50:03",0.164627716194975
2021-05-03,"2021-05-03 18:00:03",0.164627716194975
2021-05-03,"2021-05-03 18:10:03",0.164627716194975
2021-05-03,"2021-05-03 18:20:03",0.164627716194975
2021-05-03,"2021-05-03 18:30:03",0.164627716194975
2021-05-03,"2021-05-03 18:40:03",0.164627716194975
2021-05-03,"2021-05-03 18:50:03",0.164627716194975
2021-05-03,"2021-05-03 19:00:03",0.164627716194975
2021-05-03,"2021-05-03 19:10:03",0.164627716194975
2021-05-03,"2021-05-03 19:20:03",0.164627716194975
2021-05-03,"2021-05-03 19:30:03",0.164627716194975
2021-05-03,"2021-05-03 19:40:03",0.164627716194975
2021-05-03,"2021-05-03 19:50:03",0.164627716194975
2021-05-03,"2021-05-03 20:00:03",0.164627716194975
2021-05-03,"2021-05-03 20:10:03",0.164627716194975
2021-05-03,"2021-05-03 20:20:03",0.164627716194975
2021-05-03,"2021-05-03 20:30:03",0.164627716194975
2021-05-03,"2021-05-03 20:40:03",0.164627716194975
2021-05-03,"2021-05-03 20:50:03",0.164627716194975
2021-05-03,"2021-05-03 21:00:03",0.164627716194975
2021-05-03,"2021-05-03 21:10:03",0.164627716194975
2021-05-03,"2021-05-03 21:20:03",0.164627716194975
2021-05-03,"2021-05-03 21:30:03",0.164627716194975
2021-05-03,"2021-05-03 21:40:03",0.164627716194975
2021-05-03,"2021-05-03 21:50:03",0.164627716194975
2021-05-03,"2021-05-03 22:00:04",0.164627716194975
2021-05-03,"2021-05-03 22:10:04",0.164627716194975
2021-05-03,"2021-05-03 22:20:03",0.164627716194975
2021-05-03,"2021-05-03 22:30:03",0.164627716194975
2021-05-03,"2021-05-03 22:40:03",0.164627716194975
2021-05-03,"2021-05-03 22:50:03",0.164627716194975
2021-05-03,"2021-05-03 23:00:03",0.164627716194975
2021-05-03,"2021-05-03 23:10:03",0.164627716194975
2021-05-03,"2021-05-03 23:20:03",0.164627716194975
2021-05-03,"2021-05-03 23:30:03",0.164627716194975
2021-05-03,"2021-05-03 23:40:03",0.164627716194975
2021-05-03,"2021-05-03 23:50:03",0.164627716194975
2021-05-04,"2021-05-04 00:00:03",0.164627716194975
2021-05-04,"2021-05-04 00:10:03",0.164627716194975
2021-05-04,"2021-05-04 00:20:03",0.164627716194975
2021-05-04,"2021-05-04 00:30:03",0.164627716194975
2021-05-04,"2021-05-04 00:40:03",0.164730325555781
2021-05-04,"2021-05-04 00:50:04",0.164730325555781
2021-05-04,"2021-05-04 01:00:03",0.164730325555781
2021-05-04,"2021-05-04 01:10:03",0.164730325555781
2021-05-04,"2021-05-04 01:20:03",0.164730325555781
2021-05-04,"2021-05-04 01:30:03",0.164730325555781
2021-05-04,"2021-05-04 01:40:03",0.164730325555781
2021-05-04,"2021-05-04 01:50:03",0.164730325555781
2021-05-04,"2021-05-04 02:00:04",0.164730325555781
2021-05-04,"2021-05-04 02:10:02",0.164730325555781
2021-05-04,"2021-05-04 02:20:03",0.164730325555781
2021-05-04,"2021-05-04 02:30:03",0.164730325555781
2021-05-04,"2021-05-04 02:40:03",0.164730325555781
2021-05-04,"2021-05-04 02:50:03",0.164730325555781
2021-05-04,"2021-05-04 03:00:04",0.164730325555781
2021-05-04,"2021-05-04 03:10:03",0.164730325555781
2021-05-04,"2021-05-04 03:20:03",0.164730325555781
2021-05-04,"2021-05-04 03:30:03",0.164730325555781
2021-05-04,"2021-05-04 03:40:03",0.164730325555781
2021-05-04,"2021-05-04 03:50:03",0.164730325555781
2021-05-04,"2021-05-04 04:00:04",0.164730325555781
2021-05-04,"2021-05-04 04:10:03",0.164730325555781
2021-05-04,"2021-05-04 04:20:03",0.164950330124244
2021-05-04,"2021-05-04 04:30:03",0.164950330124244
2021-05-04,"2021-05-04 04:40:03",0.164950330124244
2021-05-04,"2021-05-04 04:50:03",0.164950330124244
2021-05-04,"2021-05-04 05:00:04",0.164950330124244
2021-05-04,"2021-05-04 05:10:03",0.164950330124244
2021-05-04,"2021-05-04 05:20:03",0.164950330124244
2021-05-04,"2021-05-04 05:30:03",0.164950330124244
2021-05-04,"2021-05-04 05:40:02",0.164950330124244
2021-05-04,"2021-05-04 05:50:03",0.164950330124244
2021-05-04,"2021-05-04 06:00:03",0.164950330124244
2021-05-04,"2021-05-04 06:10:03",0.164950330124244
2021-05-04,"2021-05-04 06:20:03",0.164715271321651
2021-05-04,"2021-05-04 06:30:03",0.164715271321651
2021-05-04,"2021-05-04 06:40:03",0.164715271321651
2021-05-04,"2021-05-04 06:50:03",0.164715271321651
2021-05-04,"2021-05-04 07:00:04",0.164715271321651
2021-05-04,"2021-05-04 07:10:03",0.164715271321651
2021-05-04,"2021-05-04 07:20:03",0.164715271321651
2021-05-04,"2021-05-04 07:30:03",0.164715271321651
2021-05-04,"2021-05-04 07:40:03",0.164715271321651
2021-05-04,"2021-05-04 07:50:03",0.164715271321651
2021-05-04,"2021-05-04 08:00:11",0.164715271321651
2021-05-04,"2021-05-04 08:10:03",0.164715271321651
2021-05-04,"2021-05-04 08:20:03",0.165520405880629
2021-05-04,"2021-05-04 08:30:03",0.165520405880629
2021-05-04,"2021-05-04 08:40:03",0.165520405880629
2021-05-04,"2021-05-04 08:50:03",0.165520405880629
2021-05-04,"2021-05-04 09:00:03",0.165520405880629
2021-05-04,"2021-05-04 09:10:03",0.165520405880629
2021-05-04,"2021-05-04 09:20:03",0.165520405880629
2021-05-04,"2021-05-04 09:30:03",0.165520405880629
2021-05-04,"2021-05-04 09:40:03",0.165520405880629
2021-05-04,"2021-05-04 09:50:03",0.165520405880629
2021-05-04,"2021-05-04 10:00:04",0.165520405880629
2021-05-04,"2021-05-04 10:10:03",0.165520405880629
2021-05-04,"2021-05-04 10:20:03",0.165520405880629
2021-05-04,"2021-05-04 10:30:03",0.165520405880629
2021-05-04,"2021-05-04 10:40:03",0.165520405880629
2021-05-04,"2021-05-04 10:50:03",0.165520405880629
2021-05-04,"2021-05-04 11:00:04",0.165520405880629
2021-05-04,"2021-05-04 11:10:03",0.165520405880629
2021-05-04,"2021-05-04 11:20:03",0.165520405880629
2021-05-04,"2021-05-04 11:30:03",0.165520405880629
2021-05-04,"2021-05-04 11:40:03",0.165520405880629
2021-05-04,"2021-05-04 11:50:03",0.165520405880629
2021-05-04,"2021-05-04 12:00:04",0.165520405880629
2021-05-04,"2021-05-04 12:10:03",0.163954733567769
2021-05-04,"2021-05-04 12:20:03",0.163954733567769
2021-05-04,"2021-05-04 12:30:03",0.163954733567769
2021-05-04,"2021-05-04 12:40:03",0.163566789324118
2021-05-04,"2021-05-04 12:50:03",0.163566789324118
2021-05-04,"2021-05-04 13:00:03",0.163566789324118
2021-05-04,"2021-05-04 13:10:03",0.163566789324118
2021-05-04,"2021-05-04 13:20:03",0.163566789324118
2021-05-04,"2021-05-04 13:30:03",0.163566789324118
2021-05-04,"2021-05-04 13:40:03",0.163566789324118
2021-05-04,"2021-05-04 13:50:03",0.163566789324118
2021-05-04,"2021-05-04 14:00:03",0.163566789324118
2021-05-04,"2021-05-04 14:10:03",0.163566789324118
2021-05-04,"2021-05-04 14:20:02",0.163566789324118
2021-05-04,"2021-05-04 14:30:03",0.163566789324118
2021-05-04,"2021-05-04 14:40:03",0.163566789324118
2021-05-04,"2021-05-04 14:50:03",0.164988005874507
2021-05-04,"2021-05-04 15:00:04",0.162452945357327
2021-05-04,"2021-05-04 15:10:03",0.162452945357327
2021-05-04,"2021-05-04 15:20:03",0.162452945357327
2021-05-04,"2021-05-04 15:30:03",0.162452945357327
2021-05-04,"2021-05-04 15:40:03",0.162452945357327
2021-05-04,"2021-05-04 15:50:03",0.162452945357327
2021-05-04,"2021-05-04 16:00:03",0.162452945357327
2021-05-04,"2021-05-04 16:10:03",0.162452945357327
2021-05-04,"2021-05-04 16:20:03",0.162452945357327
2021-05-04,"2021-05-04 16:30:03",0.162452945357327
2021-05-04,"2021-05-04 16:40:03",0.162452945357327
2021-05-04,"2021-05-04 16:50:03",0.162287779516845
2021-05-04,"2021-05-04 17:00:04",0.163327009211413
2021-05-04,"2021-05-04 17:10:03",0.163327009211413
2021-05-04,"2021-05-04 17:20:03",0.163327009211413
2021-05-04,"2021-05-04 17:30:03",0.163327009211413
2021-05-04,"2021-05-04 17:40:03",0.163327009211413
2021-05-04,"2021-05-04 17:50:03",0.163327009211413
2021-05-04,"2021-05-04 18:00:03",0.163327009211413
2021-05-04,"2021-05-04 18:10:04",0.163327009211413
2021-05-04,"2021-05-04 18:20:03",0.163327009211413
2021-05-04,"2021-05-04 18:30:04",0.163327718406919
2021-05-04,"2021-05-04 18:40:03",0.163327718406919
2021-05-04,"2021-05-04 18:50:03",0.163327718406919
2021-05-04,"2021-05-04 19:00:04",0.163327718406919
2021-05-04,"2021-05-04 19:10:03",0.163327718406919
2021-05-04,"2021-05-04 19:20:03",0.163327718406919
2021-05-04,"2021-05-04 19:30:03",0.163250470808464
2021-05-04,"2021-05-04 19:40:03",0.163250470808464
2021-05-04,"2021-05-04 19:50:04",0.163250470808464
2021-05-04,"2021-05-04 20:00:03",0.163250470808464
2021-05-04,"2021-05-04 20:10:03",0.163250470808464
2021-05-04,"2021-05-04 20:20:03",0.163250470808464
2021-05-04,"2021-05-04 20:30:03",0.163250470808464
2021-05-04,"2021-05-04 20:40:03",0.163250470808464
2021-05-04,"2021-05-04 20:50:02",0.163250470808464
2021-05-04,"2021-05-04 21:00:03",0.163250470808464
2021-05-04,"2021-05-04 21:10:04",0.163250470808464
2021-05-04,"2021-05-04 21:20:04",0.163250470808464
2021-05-04,"2021-05-04 21:30:03",0.163250470808464
2021-05-04,"2021-05-04 21:40:03",0.163250470808464
2021-05-04,"2021-05-04 21:50:03",0.163250470808464
2021-05-04,"2021-05-04 22:00:04",0.163250470808464
2021-05-04,"2021-05-04 22:10:03",0.163250470808464
2021-05-04,"2021-05-04 22:20:03",0.164828945399693
2021-05-04,"2021-05-04 22:30:03",0.164633264091639
2021-05-04,"2021-05-04 22:40:03",0.164633264091639
2021-05-04,"2021-05-04 22:50:03",0.164633264091639
2021-05-04,"2021-05-04 23:00:03",0.164633264091639
2021-05-04,"2021-05-04 23:10:03",0.164633264091639
2021-05-04,"2021-05-04 23:20:03",0.164633264091639
2021-05-04,"2021-05-04 23:30:04",0.164633264091639
2021-05-04,"2021-05-04 23:40:03",0.164437931213343
2021-05-04,"2021-05-04 23:50:03",0.164437931213343
2021-05-05,"2021-05-05 00:00:03",0.166820144871575
2021-05-05,"2021-05-05 00:10:03",0.166820144871575
2021-05-05,"2021-05-05 00:20:03",0.166820144871575
2021-05-05,"2021-05-05 00:30:03",0.166820144871575
2021-05-05,"2021-05-05 00:40:04",0.166820144871575
2021-05-05,"2021-05-05 00:50:03",0.166820144871575
2021-05-05,"2021-05-05 01:00:03",0.166820144871575
2021-05-05,"2021-05-05 01:10:03",0.166820144871575
2021-05-05,"2021-05-05 01:20:03",0.166820144871575
2021-05-05,"2021-05-05 01:30:03",0.166820144871575
2021-05-05,"2021-05-05 01:40:03",0.166820144871575
2021-05-05,"2021-05-05 01:50:03",0.166820144871575
2021-05-05,"2021-05-05 02:00:03",0.166820144871575
2021-05-05,"2021-05-05 02:10:03",0.166820144871575
2021-05-05,"2021-05-05 02:20:03",0.166820144871575
2021-05-05,"2021-05-05 02:30:03",0.166820144871575
2021-05-05,"2021-05-05 02:40:03",0.164430840249145
2021-05-05,"2021-05-05 02:50:03",0.164430840249145
2021-05-05,"2021-05-05 03:00:04",0.164430840249145
2021-05-05,"2021-05-05 03:10:03",0.164430840249145
2021-05-05,"2021-05-05 03:20:03",0.164430840249145
2021-05-05,"2021-05-05 03:30:03",0.164430840249145
2021-05-05,"2021-05-05 03:40:03",0.164430840249145
2021-05-05,"2021-05-05 03:50:03",0.164620778705289
2021-05-05,"2021-05-05 04:00:04",0.164431409591033
2021-05-05,"2021-05-05 04:10:03",0.164431409591033
2021-05-05,"2021-05-05 04:20:03",0.16538219824388
2021-05-05,"2021-05-05 04:30:03",0.16538219824388
2021-05-05,"2021-05-05 04:40:04",0.16538219824388
2021-05-05,"2021-05-05 04:50:03",0.16538219824388
2021-05-05,"2021-05-05 05:00:04",0.16538219824388
2021-05-05,"2021-05-05 05:10:03",0.16538219824388
2021-05-05,"2021-05-05 05:20:03",0.164936709834605
2021-05-05,"2021-05-05 05:30:03",0.164612771733905
2021-05-05,"2021-05-05 05:40:03",0.163656264198613
2021-05-05,"2021-05-05 05:50:03",0.163656264198613
2021-05-05,"2021-05-05 06:00:04",0.163656264198613
2021-05-05,"2021-05-05 06:10:03",0.163656264198613
2021-05-05,"2021-05-05 06:20:03",0.162728436694718
2021-05-05,"2021-05-05 06:30:03",0.162728436694718
2021-05-05,"2021-05-05 06:40:03",0.162728436694718
2021-05-05,"2021-05-05 06:50:03",0.162643938666574
2021-05-05,"2021-05-05 07:00:03",0.162636260296451
2021-05-05,"2021-05-05 07:10:03",0.162636260296451
2021-05-05,"2021-05-05 07:20:03",0.162636260296451
2021-05-05,"2021-05-05 07:30:04",0.159236545760379
2021-05-05,"2021-05-05 07:40:03",0.159236545760379
2021-05-05,"2021-05-05 07:50:14",0.157869215050535
2021-05-05,"2021-05-05 08:00:03",0.159312983785429
2021-05-05,"2021-05-05 08:10:03",0.159312983785429
2021-05-05,"2021-05-05 08:20:03",0.159312983785429
2021-05-05,"2021-05-05 08:30:04",0.159312983785429
2021-05-05,"2021-05-05 08:40:03",0.155827788318357
2021-05-05,"2021-05-05 08:50:03",0.154434641984368
2021-05-05,"2021-05-05 09:00:03",0.154434641984368
2021-05-05,"2021-05-05 09:10:03",0.155846899616706
2021-05-05,"2021-05-05 09:20:03",0.156462555379161
2021-05-05,"2021-05-05 09:30:03",0.156462555379161
2021-05-05,"2021-05-05 09:40:03",0.156462555379161
2021-05-05,"2021-05-05 09:50:03",0.157955624142491
2021-05-05,"2021-05-05 10:00:04",0.157955624142491
2021-05-05,"2021-05-05 10:10:03",0.157955624142491
2021-05-05,"2021-05-05 10:20:03",0.149309072362846
2021-05-05,"2021-05-05 10:30:03",0.152582978874816
2021-05-05,"2021-05-05 10:40:03",0.154731248564556
2021-05-05,"2021-05-05 10:50:03",0.154731248564556
2021-05-05,"2021-05-05 11:00:04",0.154731248564556
2021-05-05,"2021-05-05 11:10:03",0.154731248564556
2021-05-05,"2021-05-05 11:20:03",0.154731248564556
2021-05-05,"2021-05-05 11:30:03",0.154731248564556
2021-05-05,"2021-05-05 11:40:03",0.154731248564556
2021-05-05,"2021-05-05 11:50:03",0.154731248564556
2021-05-05,"2021-05-05 12:00:04",0.154731248564556
2021-05-05,"2021-05-05 12:10:03",0.154731248564556
2021-05-05,"2021-05-05 12:20:03",0.154731248564556
2021-05-05,"2021-05-05 12:30:03",0.154731248564556
2021-05-05,"2021-05-05 12:40:04",0.154731248564556
2021-05-05,"2021-05-05 12:50:03",0.154731248564556
2021-05-05,"2021-05-05 13:00:04",0.154731248564556
2021-05-05,"2021-05-05 13:10:03",0.154731248564556
2021-05-05,"2021-05-05 13:20:03",0.154731248564556
2021-05-05,"2021-05-05 13:30:03",0.154731248564556
2021-05-05,"2021-05-05 13:40:03",0.154731248564556
2021-05-05,"2021-05-05 13:50:03",0.154731248564556
2021-05-05,"2021-05-05 14:00:03",0.154731248564556
2021-05-05,"2021-05-05 14:10:03",0.154731248564556
2021-05-05,"2021-05-05 14:20:03",0.154731248564556
2021-05-05,"2021-05-05 14:30:03",0.154731248564556
2021-05-05,"2021-05-05 14:40:03",0.154731248564556
2021-05-05,"2021-05-05 14:50:04",0.154731248564556
2021-05-05,"2021-05-05 15:00:04",0.154731248564556
2021-05-05,"2021-05-05 15:10:03",0.153713184917835
2021-05-05,"2021-05-05 15:20:03",0.153713184917835
2021-05-05,"2021-05-05 15:30:03",0.153713184917835
2021-05-05,"2021-05-05 15:40:03",0.153713184917835
2021-05-05,"2021-05-05 15:50:03",0.153713184917835
2021-05-05,"2021-05-05 16:00:03",0.153713184917835
2021-05-05,"2021-05-05 16:10:03",0.153713184917835
2021-05-05,"2021-05-05 16:20:04",0.152697871226376
2021-05-05,"2021-05-05 16:30:03",0.151320349318499
2021-05-05,"2021-05-05 16:40:03",0.149807464333704
2021-05-05,"2021-05-05 16:50:03",0.149807464333704
2021-05-05,"2021-05-05 17:00:03",0.149807464333704
2021-05-05,"2021-05-05 17:10:03",0.149807464333704
2021-05-05,"2021-05-05 17:20:03",0.148804867185452
2021-05-05,"2021-05-05 17:30:03",0.148804867185452
2021-05-05,"2021-05-05 17:40:03",0.148804867185452
2021-05-05,"2021-05-05 17:50:03",0.148804867185452
2021-05-05,"2021-05-05 18:00:04",0.148804867185452
2021-05-05,"2021-05-05 18:10:04",0.148804867185452
2021-05-05,"2021-05-05 18:20:03",0.148804867185452
2021-05-05,"2021-05-05 18:30:03",0.148804867185452
2021-05-05,"2021-05-05 18:40:03",0.148804867185452
2021-05-05,"2021-05-05 18:50:03",0.148804867185452
2021-05-05,"2021-05-05 19:00:04",0.148804867185452
2021-05-05,"2021-05-05 19:10:03",0.148804867185452
2021-05-05,"2021-05-05 19:20:03",0.148804867185452
2021-05-05,"2021-05-05 19:30:04",0.148804867185452
2021-05-05,"2021-05-05 19:40:03",0.148804867185452
2021-05-05,"2021-05-05 19:50:04",0.148804867185452
2021-05-05,"2021-05-05 20:00:04",0.148804867185452
2021-05-05,"2021-05-05 20:10:03",0.148804867185452
2021-05-05,"2021-05-05 20:20:03",0.147874682346337
2021-05-05,"2021-05-05 20:30:04",0.151509086990977
2021-05-05,"2021-05-05 20:40:03",0.151509086990977
2021-05-05,"2021-05-05 20:50:03",0.151509086990977
2021-05-05,"2021-05-05 21:00:03",0.151509086990977
2021-05-05,"2021-05-05 21:10:04",0.149213033960063
2021-05-05,"2021-05-05 21:20:03",0.149213033960063
2021-05-05,"2021-05-05 21:30:03",0.149213033960063
2021-05-05,"2021-05-05 21:40:03",0.149213033960063
2021-05-05,"2021-05-05 21:50:03",0.149213033960063
2021-05-05,"2021-05-05 22:00:04",0.149213033960063
2021-05-05,"2021-05-05 22:10:03",0.149213033960063
2021-05-05,"2021-05-05 22:20:03",0.149213033960063
2021-05-05,"2021-05-05 22:30:03",0.149213033960063
2021-05-05,"2021-05-05 22:40:03",0.149213033960063
2021-05-05,"2021-05-05 22:50:03",0.149213033960063
2021-05-05,"2021-05-05 23:00:03",0.149213033960063
2021-05-05,"2021-05-05 23:10:03",0.149213033960063
2021-05-05,"2021-05-05 23:20:03",0.149213033960063
2021-05-05,"2021-05-05 23:30:03",0.149213033960063
2021-05-05,"2021-05-05 23:40:03",0.149213033960063
2021-05-05,"2021-05-05 23:50:03",0.149213033960063
2021-05-06,"2021-05-06 00:00:03",0.149213033960063
2021-05-06,"2021-05-06 00:10:03",0.149213033960063
2021-05-06,"2021-05-06 00:20:03",0.146471166271717
2021-05-06,"2021-05-06 00:30:03",0.146471166271717
2021-05-06,"2021-05-06 00:40:03",0.146471166271717
2021-05-06,"2021-05-06 00:50:03",0.145104153310615
2021-05-06,"2021-05-06 01:00:04",0.145051863624048
2021-05-06,"2021-05-06 01:10:03",0.145051863624048
2021-05-06,"2021-05-06 01:20:03",0.145051863624048
2021-05-06,"2021-05-06 01:30:03",0.145051863624048
2021-05-06,"2021-05-06 01:40:03",0.145051863624048
2021-05-06,"2021-05-06 01:50:03",0.145051863624048
2021-05-06,"2021-05-06 02:00:03",0.145051863624048
2021-05-06,"2021-05-06 02:10:03",0.145051863624048
2021-05-06,"2021-05-06 02:20:03",0.145051863624048
2021-05-06,"2021-05-06 02:30:03",0.145051863624048
2021-05-06,"2021-05-06 02:40:03",0.145051863624048
2021-05-06,"2021-05-06 02:50:03",0.145051863624048
2021-05-06,"2021-05-06 03:00:04",0.145051863624048
2021-05-06,"2021-05-06 03:10:03",0.145051863624048
2021-05-06,"2021-05-06 03:20:03",0.145051863624048
2021-05-06,"2021-05-06 03:30:03",0.145051863624048
2021-05-06,"2021-05-06 03:40:03",0.145051863624048
2021-05-06,"2021-05-06 03:50:04",0.145051863624048
2021-05-06,"2021-05-06 04:00:03",0.145051863624048
2021-05-06,"2021-05-06 04:10:03",0.145051863624048
2021-05-06,"2021-05-06 04:20:04",0.145051863624048
2021-05-06,"2021-05-06 04:30:03",0.145051863624048
2021-05-06,"2021-05-06 04:40:03",0.145051863624048
2021-05-06,"2021-05-06 04:50:03",0.145051863624048
2021-05-06,"2021-05-06 05:00:04",0.145051863624048
2021-05-06,"2021-05-06 05:10:03",0.145051863624048
2021-05-06,"2021-05-06 05:20:03",0.145051863624048
2021-05-06,"2021-05-06 05:30:03",0.145051863624048
2021-05-06,"2021-05-06 05:40:03",0.145051863624048
2021-05-06,"2021-05-06 05:50:03",0.145051863624048
2021-05-06,"2021-05-06 06:00:03",0.145051863624048
2021-05-06,"2021-05-06 06:10:03",0.145051863624048
2021-05-06,"2021-05-06 06:20:03",0.145051863624048
2021-05-06,"2021-05-06 06:30:03",0.145051863624048
2021-05-06,"2021-05-06 06:40:03",0.145051863624048
2021-05-06,"2021-05-06 06:50:03",0.145051863624048
2021-05-06,"2021-05-06 07:00:04",0.145051863624048
2021-05-06,"2021-05-06 07:10:03",0.145051863624048
2021-05-06,"2021-05-06 07:20:03",0.145051863624048
2021-05-06,"2021-05-06 07:30:04",0.145051863624048
2021-05-06,"2021-05-06 07:40:03",0.144251632011533
2021-05-06,"2021-05-06 07:50:03",0.144251632011533
2021-05-06,"2021-05-06 08:00:04",0.144251632011533
2021-05-06,"2021-05-06 08:10:03",0.144251632011533
2021-05-06,"2021-05-06 08:20:03",0.144251632011533
2021-05-06,"2021-05-06 08:30:03",0.144251632011533
2021-05-06,"2021-05-06 08:40:03",0.144251632011533
2021-05-06,"2021-05-06 08:50:02",0.144251632011533
2021-05-06,"2021-05-06 09:00:03",0.144251632011533
2021-05-06,"2021-05-06 09:10:03",0.145141887210536
2021-05-06,"2021-05-06 09:20:03",0.145141887210536
2021-05-06,"2021-05-06 09:30:03",0.145141887210536
2021-05-06,"2021-05-06 09:40:03",0.145141887210536
2021-05-06,"2021-05-06 09:50:03",0.145141887210536
2021-05-06,"2021-05-06 10:00:04",0.145141887210536
2021-05-06,"2021-05-06 10:10:03",0.145141887210536
2021-05-06,"2021-05-06 10:20:03",0.145141887210536
2021-05-06,"2021-05-06 10:30:03",0.145141887210536
2021-05-06,"2021-05-06 10:40:03",0.145141887210536
2021-05-06,"2021-05-06 10:50:03",0.144026166949355
2021-05-06,"2021-05-06 11:00:04",0.144026166949355
2021-05-06,"2021-05-06 11:10:03",0.144026166949355
2021-05-06,"2021-05-06 11:20:03",0.142733381283065
2021-05-06,"2021-05-06 11:30:03",0.142733381283065
2021-05-06,"2021-05-06 11:40:03",0.140506621913529
2021-05-06,"2021-05-06 11:50:03",0.140506621913529
2021-05-06,"2021-05-06 12:00:03",0.140506621913529
2021-05-06,"2021-05-06 12:10:03",0.140506621913529
2021-05-06,"2021-05-06 12:20:03",0.140506621913529
2021-05-06,"2021-05-06 12:30:03",0.140506621913529
2021-05-06,"2021-05-06 12:40:03",0.140506621913529
2021-05-06,"2021-05-06 12:50:03",0.140506621913529
2021-05-06,"2021-05-06 13:00:04",0.138280478426862
2021-05-06,"2021-05-06 13:10:03",0.138280478426862
2021-05-06,"2021-05-06 13:20:03",0.138280478426862
2021-05-06,"2021-05-06 13:30:03",0.138280478426862
2021-05-06,"2021-05-06 13:40:03",0.136747039440154
2021-05-06,"2021-05-06 13:50:03",0.136747039440154
2021-05-06,"2021-05-06 14:00:04",0.136747039440154
2021-05-06,"2021-05-06 14:10:03",0.136747039440154
2021-05-06,"2021-05-06 14:20:03",0.136747039440154
2021-05-06,"2021-05-06 14:30:03",0.136747039440154
2021-05-06,"2021-05-06 14:40:03",0.136747039440154
2021-05-06,"2021-05-06 14:50:03",0.137700604770164
2021-05-06,"2021-05-06 15:00:04",0.137700604770164
2021-05-06,"2021-05-06 15:10:03",0.137744027143824
2021-05-06,"2021-05-06 15:20:03",0.137744027143824
2021-05-06,"2021-05-06 15:30:03",0.137744027143824
2021-05-06,"2021-05-06 15:40:03",0.135546279209962
2021-05-06,"2021-05-06 15:50:03",0.135546279209962
2021-05-06,"2021-05-06 16:00:05",0.135546279209962
2021-05-06,"2021-05-06 16:10:03",0.135546279209962
2021-05-06,"2021-05-06 16:20:03",0.130448373426009
2021-05-06,"2021-05-06 16:30:03",0.130448373426009
2021-05-06,"2021-05-06 16:40:04",0.128028792627045
2021-05-06,"2021-05-06 16:50:03",0.124753850752676
2021-05-06,"2021-05-06 17:00:03",0.124753850776815
2021-05-06,"2021-05-06 17:10:03",0.124753850776815
2021-05-06,"2021-05-06 17:20:03",0.125687196432603
2021-05-06,"2021-05-06 17:30:03",0.125687196432603
2021-05-06,"2021-05-06 17:40:04",0.125687196432603
2021-05-06,"2021-05-06 17:50:03",0.127627329022654
2021-05-06,"2021-05-06 18:00:04",0.127627329022654
2021-05-06,"2021-05-06 18:10:03",0.127627329022654
2021-05-06,"2021-05-06 18:20:03",0.127627329022654
2021-05-06,"2021-05-06 18:30:03",0.127627329022654
2021-05-06,"2021-05-06 18:40:03",0.127627329022654
2021-05-06,"2021-05-06 18:50:03",0.130799066429956
2021-05-06,"2021-05-06 19:00:04",0.130799066429956
2021-05-06,"2021-05-06 19:10:03",0.130799066429956
2021-05-06,"2021-05-06 19:20:03",0.130799066429956
2021-05-06,"2021-05-06 19:30:03",0.130799066429956
2021-05-06,"2021-05-06 19:40:03",0.130799066429956
2021-05-06,"2021-05-06 19:50:03",0.130799066429956
2021-05-06,"2021-05-06 20:00:04",0.132118293425753
2021-05-06,"2021-05-06 20:10:03",0.132468399868394
2021-05-06,"2021-05-06 20:20:03",0.132468399868394
2021-05-06,"2021-05-06 20:30:03",0.132468399868394
2021-05-06,"2021-05-06 20:40:03",0.132468399868394
2021-05-06,"2021-05-06 20:50:03",0.132468399868394
2021-05-06,"2021-05-06 21:00:04",0.132468399868394
2021-05-06,"2021-05-06 21:10:03",0.132468399868394
2021-05-06,"2021-05-06 21:20:03",0.131129546000465
2021-05-06,"2021-05-06 21:30:03",0.131129546000465
2021-05-06,"2021-05-06 21:40:03",0.128679144523761
2021-05-06,"2021-05-06 21:50:03",0.1283471849707
2021-05-06,"2021-05-06 22:00:03",0.1283471849707
2021-05-06,"2021-05-06 22:10:03",0.1283471849707
2021-05-06,"2021-05-06 22:20:03",0.1283471849707
2021-05-06,"2021-05-06 22:30:03",0.129742902703722
2021-05-06,"2021-05-06 22:40:03",0.129742902703722
2021-05-06,"2021-05-06 22:50:04",0.129742902703722
2021-05-06,"2021-05-06 23:00:04",0.129742902703722
2021-05-06,"2021-05-06 23:10:03",0.128504651943275
2021-05-06,"2021-05-06 23:20:03",0.128504651943275
2021-05-06,"2021-05-06 23:30:03",0.128504651943275
2021-05-06,"2021-05-06 23:40:03",0.128504651943275
2021-05-06,"2021-05-06 23:50:03",0.130660866167207
2021-05-07,"2021-05-07 00:00:04",0.130660866167207
2021-05-07,"2021-05-07 00:10:03",0.129971326514799
2021-05-07,"2021-05-07 00:20:03",0.128413662533886
2021-05-07,"2021-05-07 00:30:03",0.128413662533886
2021-05-07,"2021-05-07 00:40:03",0.127550334656794
2021-05-07,"2021-05-07 00:50:03",0.127550334656794
2021-05-07,"2021-05-07 01:00:03",0.127550334656794
2021-05-07,"2021-05-07 01:10:03",0.127550334656794
2021-05-07,"2021-05-07 01:20:03",0.126714324649128
2021-05-07,"2021-05-07 01:30:03",0.125993904987825
2021-05-07,"2021-05-07 01:40:03",0.125993904987825
2021-05-07,"2021-05-07 01:50:03",0.125993904987825
2021-05-07,"2021-05-07 02:00:04",0.121531263629877
2021-05-07,"2021-05-07 02:10:11",0.121531263629877
2021-05-07,"2021-05-07 02:20:03",0.124343130064192
2021-05-07,"2021-05-07 02:30:04",0.121512384417956
2021-05-07,"2021-05-07 02:40:03",0.121512384417956
2021-05-07,"2021-05-07 02:50:03",0.124517472249046
2021-05-07,"2021-05-07 03:00:04",0.123141187131319
2021-05-07,"2021-05-07 03:10:03",0.123141187131319
2021-05-07,"2021-05-07 03:20:03",0.123141187131319
2021-05-07,"2021-05-07 03:30:03",0.130001726887521
2021-05-07,"2021-05-07 03:40:03",0.129151344049512
2021-05-07,"2021-05-07 03:50:03",0.129151344049512
2021-05-07,"2021-05-07 04:00:04",0.125725482698977
2021-05-07,"2021-05-07 04:10:03",0.125725482698977
2021-05-07,"2021-05-07 04:20:03",0.125725482698977
2021-05-07,"2021-05-07 04:30:03",0.125725482698977
2021-05-07,"2021-05-07 04:40:03",0.125725482698977
2021-05-07,"2021-05-07 04:50:03",0.125725482698977
2021-05-07,"2021-05-07 05:00:04",0.125725482698977
2021-05-07,"2021-05-07 05:10:03",0.125725482698977
2021-05-07,"2021-05-07 05:20:03",0.123755479378568
2021-05-07,"2021-05-07 05:30:03",0.166820144871575
2021-05-07,"2021-05-07 05:40:03",0.123755479378568
2021-05-07,"2021-05-07 05:50:03",0.123755479378568
2021-05-07,"2021-05-07 06:00:04",0.123755479378568
2021-05-07,"2021-05-07 06:10:03",0.123755479378568
2021-05-07,"2021-05-07 06:20:03",0.123755479378568
2021-05-07,"2021-05-07 06:30:03",0.123755479378568
2021-05-07,"2021-05-07 06:40:03",0.123755479378568
2021-05-07,"2021-05-07 06:50:03",0.123755479378568
2021-05-07,"2021-05-07 07:00:03",0.123755479378568
2021-05-07,"2021-05-07 07:10:03",0.123755479378568
2021-05-07,"2021-05-07 07:20:03",0.123755479378568
2021-05-07,"2021-05-07 07:30:03",0.123755479378568
2021-05-07,"2021-05-07 07:40:03",0.123755479378568
2021-05-07,"2021-05-07 07:50:03",0.123755479378568
2021-05-07,"2021-05-07 08:00:03",0.123755479378568
2021-05-07,"2021-05-07 08:10:03",0.123755479378568
2021-05-07,"2021-05-07 08:20:03",0.123755479378568
2021-05-07,"2021-05-07 08:30:03",0.123755479378568
2021-05-07,"2021-05-07 08:40:03",0.123755479378568
2021-05-07,"2021-05-07 08:50:03",0.123755479378568
2021-05-07,"2021-05-07 09:00:04",0.123755479378568
2021-05-07,"2021-05-07 09:10:03",0.126211665155286
2021-05-07,"2021-05-07 09:20:03",0.126211665155286
2021-05-07,"2021-05-07 09:30:04",0.126211665155286
2021-05-07,"2021-05-07 09:40:03",0.126211665155286
2021-05-07,"2021-05-07 09:50:03",0.126211665155286
2021-05-07,"2021-05-07 10:00:04",0.126211665155286
2021-05-07,"2021-05-07 10:10:03",0.126211665155286
2021-05-07,"2021-05-07 10:20:03",0.126211665155286
2021-05-07,"2021-05-07 10:30:03",0.126211665155286
2021-05-07,"2021-05-07 10:40:03",0.126211665155286
2021-05-07,"2021-05-07 10:50:03",0.126211665155286
2021-05-07,"2021-05-07 11:00:04",0.126211665155286
2021-05-07,"2021-05-07 11:10:03",0.126211665155286
2021-05-07,"2021-05-07 11:20:03",0.126211665155286
2021-05-07,"2021-05-07 11:30:03",0.126211665155286
2021-05-07,"2021-05-07 11:40:03",0.126211665155286
2021-05-07,"2021-05-07 11:50:03",0.126211665155286
2021-05-07,"2021-05-07 12:00:04",0.126211665155286
2021-05-07,"2021-05-07 12:10:03",0.126211665155286
2021-05-07,"2021-05-07 12:20:03",0.126211665155286
2021-05-07,"2021-05-07 12:30:03",0.126211665155286
2021-05-07,"2021-05-07 12:40:04",0.126211665155286
2021-05-07,"2021-05-07 12:50:03",0.126211665155286
2021-05-07,"2021-05-07 13:00:04",0.126211665155286
2021-05-07,"2021-05-07 13:10:03",0.126211665155286
2021-05-07,"2021-05-07 13:20:03",0.126211665155286
2021-05-07,"2021-05-07 13:30:03",0.126211665155286
2021-05-07,"2021-05-07 13:40:03",0.126211665155286
2021-05-07,"2021-05-07 13:50:03",0.127223828731713
2021-05-07,"2021-05-07 14:00:03",0.127223828731713
2021-05-07,"2021-05-07 14:10:03",0.127223828731713
2021-05-07,"2021-05-07 14:20:03",0.127223828731713
2021-05-07,"2021-05-07 14:30:03",0.127223828731713
2021-05-07,"2021-05-07 14:40:03",0.127223828731713
2021-05-07,"2021-05-07 14:50:03",0.127223828731713
2021-05-07,"2021-05-07 15:00:04",0.129715077249726
2021-05-07,"2021-05-07 15:10:03",0.129715077249726
2021-05-07,"2021-05-07 15:20:03",0.129715077249726
2021-05-07,"2021-05-07 15:30:03",0.129715077249726
2021-05-07,"2021-05-07 15:40:03",0.129715077249726
2021-05-07,"2021-05-07 15:50:03",0.129715077249726
2021-05-07,"2021-05-07 16:00:03",0.129715077249726
2021-05-07,"2021-05-07 16:10:03",0.129715077249726
2021-05-07,"2021-05-07 16:20:03",0.129715077249726
2021-05-07,"2021-05-07 16:30:03",0.129715077249726
2021-05-07,"2021-05-07 16:40:03",0.129715077249726
2021-05-07,"2021-05-07 16:50:03",0.129715077249726
2021-05-07,"2021-05-07 17:00:04",0.129715077249726
2021-05-07,"2021-05-07 17:10:03",0.129715077249726
2021-05-07,"2021-05-07 17:20:03",0.129715077249726
2021-05-07,"2021-05-07 17:30:03",0.129715077249726
2021-05-07,"2021-05-07 17:40:03",0.129715077249726
2021-05-07,"2021-05-07 17:50:03",0.129715077249726
2021-05-07,"2021-05-07 18:00:04",0.129715077249726
2021-05-07,"2021-05-07 18:10:03",0.129715077249726
2021-05-07,"2021-05-07 18:20:03",0.129715077249726
2021-05-07,"2021-05-07 18:30:03",0.129715077249726
2021-05-07,"2021-05-07 18:40:03",0.129715077249726
2021-05-07,"2021-05-07 18:50:03",0.129715077249726
2021-05-07,"2021-05-07 19:00:03",0.129715077249726
2021-05-07,"2021-05-07 19:10:03",0.129715077249726
2021-05-07,"2021-05-07 19:20:03",0.129715077249726
2021-05-07,"2021-05-07 19:30:03",0.13257532066247
2021-05-07,"2021-05-07 19:40:03",0.13257532066247
2021-05-07,"2021-05-07 19:50:03",0.13257532066247
2021-05-07,"2021-05-07 20:00:03",0.13257532066247
2021-05-07,"2021-05-07 20:10:03",0.13257532066247
2021-05-07,"2021-05-07 20:20:03",0.13257532066247
2021-05-07,"2021-05-07 20:30:03",0.13257532066247
2021-05-07,"2021-05-07 20:40:03",0.13257532066247
2021-05-07,"2021-05-07 20:50:03",0.13257532066247
2021-05-07,"2021-05-07 21:00:04",0.13257532066247
2021-05-07,"2021-05-07 21:10:03",0.13257532066247
2021-05-07,"2021-05-07 21:20:03",0.13257532066247
2021-05-07,"2021-05-07 21:30:03",0.13257532066247
2021-05-07,"2021-05-07 21:40:02",0.13257532066247
2021-05-07,"2021-05-07 21:50:03",0.13257532066247
2021-05-07,"2021-05-07 22:00:04",0.13257532066247
2021-05-07,"2021-05-07 22:10:03",0.13257532066247
2021-05-07,"2021-05-07 22:20:03",0.13257532066247
2021-05-07,"2021-05-07 22:30:03",0.13257532066247
2021-05-07,"2021-05-07 22:40:03",0.13257532066247
2021-05-07,"2021-05-07 22:50:03",0.13257532066247
2021-05-07,"2021-05-07 23:00:03",0.13257532066247
2021-05-07,"2021-05-07 23:10:03",0.13257532066247
2021-05-07,"2021-05-07 23:20:03",0.13257532066247
2021-05-07,"2021-05-07 23:30:03",0.13257532066247
2021-05-07,"2021-05-07 23:40:03",0.13257532066247
2021-05-07,"2021-05-07 23:50:03",0.13257532066247
2021-05-08,"2021-05-08 00:00:04",0.13257532066247
2021-05-08,"2021-05-08 00:10:03",0.13257532066247
2021-05-08,"2021-05-08 00:20:03",0.13257532066247
2021-05-08,"2021-05-08 00:30:03",0.13257532066247
2021-05-08,"2021-05-08 00:40:03",0.13257532066247
2021-05-08,"2021-05-08 00:50:03",0.13257532066247
2021-05-08,"2021-05-08 01:00:04",0.13257532066247
2021-05-08,"2021-05-08 01:10:03",0.13257532066247
2021-05-08,"2021-05-08 01:20:03",0.13257532066247
2021-05-08,"2021-05-08 01:30:03",0.13257532066247
2021-05-08,"2021-05-08 01:40:03",0.13257532066247
2021-05-08,"2021-05-08 01:50:03",0.13257532066247
2021-05-08,"2021-05-08 02:00:03",0.13257532066247
2021-05-08,"2021-05-08 02:10:03",0.13257532066247
2021-05-08,"2021-05-08 02:20:03",0.13257532066247
2021-05-08,"2021-05-08 02:30:03",0.129847963686871
2021-05-08,"2021-05-08 02:40:03",0.129847963686871
2021-05-08,"2021-05-08 02:50:03",0.129847963686871
2021-05-08,"2021-05-08 03:00:03",0.129847963686871
2021-05-08,"2021-05-08 03:10:03",0.129847963686871
2021-05-08,"2021-05-08 03:20:03",0.129855582223159
2021-05-08,"2021-05-08 03:30:04",0.129855582223159
2021-05-08,"2021-05-08 03:40:03",0.129855582223159
2021-05-08,"2021-05-08 03:50:03",0.129855582223159
2021-05-08,"2021-05-08 04:00:04",0.129855582223159
2021-05-08,"2021-05-08 04:10:03",0.129855582223159
2021-05-08,"2021-05-08 04:20:03",0.129855582223159
2021-05-08,"2021-05-08 04:30:03",0.129855582223159
2021-05-08,"2021-05-08 04:40:03",0.129855582223159
2021-05-08,"2021-05-08 04:50:03",0.129855582223159
2021-05-08,"2021-05-08 05:00:03",0.129855582223159
2021-05-08,"2021-05-08 05:10:03",0.129855582223159
2021-05-08,"2021-05-08 05:20:03",0.129855582223159
2021-05-08,"2021-05-08 05:30:03",0.129855582223159
2021-05-08,"2021-05-08 05:40:03",0.129855582223159
2021-05-08,"2021-05-08 05:50:03",0.129855582223159
2021-05-08,"2021-05-08 06:00:03",0.129855582223159
2021-05-08,"2021-05-08 06:10:03",0.129855582223159
2021-05-08,"2021-05-08 06:20:03",0.129855582223159
2021-05-08,"2021-05-08 06:30:03",0.129855582223159
2021-05-08,"2021-05-08 06:40:03",0.134182956972294
2021-05-08,"2021-05-08 06:50:03",0.134182956972294
2021-05-08,"2021-05-08 07:00:04",0.133807436717809
2021-05-08,"2021-05-08 07:10:03",0.133807436717809
2021-05-08,"2021-05-08 07:20:03",0.133807436717809
2021-05-08,"2021-05-08 07:30:03",0.133807436717809
2021-05-08,"2021-05-08 07:40:03",0.136461404916181
2021-05-08,"2021-05-08 07:50:03",0.136461404916181
2021-05-08,"2021-05-08 08:00:04",0.136461404916181
2021-05-08,"2021-05-08 08:10:03",0.136461404916181
2021-05-08,"2021-05-08 08:20:03",0.136461404916181
2021-05-08,"2021-05-08 08:30:03",0.136461404916181
2021-05-08,"2021-05-08 08:40:03",0.136461404916181
2021-05-08,"2021-05-08 08:50:03",0.136461404916181
2021-05-08,"2021-05-08 09:00:03",0.136461404916181
2021-05-08,"2021-05-08 09:10:03",0.136461404916181
2021-05-08,"2021-05-08 09:20:03",0.136461404916181
2021-05-08,"2021-05-08 09:30:03",0.134579375680763
2021-05-08,"2021-05-08 09:40:03",0.134579375680763
2021-05-08,"2021-05-08 09:50:03",0.134579375680763
2021-05-08,"2021-05-08 10:00:04",0.134579375680763
2021-05-08,"2021-05-08 10:10:03",0.134579375680763
2021-05-08,"2021-05-08 10:20:03",0.134579375680763
2021-05-08,"2021-05-08 10:30:03",0.134579375680763
2021-05-08,"2021-05-08 10:40:03",0.134579375680763
2021-05-08,"2021-05-08 10:50:03",0.134579375680763
2021-05-08,"2021-05-08 11:00:03",0.134579375680763
2021-05-08,"2021-05-08 11:10:03",0.134579375680763
2021-05-08,"2021-05-08 11:20:03",0.134579375680763
2021-05-08,"2021-05-08 11:30:03",0.134579375680763
2021-05-08,"2021-05-08 11:40:03",0.134579375680763
2021-05-08,"2021-05-08 11:50:03",0.134579375680763
2021-05-08,"2021-05-08 12:00:04",0.134579375680763
2021-05-08,"2021-05-08 12:10:03",0.134579375680763
2021-05-08,"2021-05-08 12:20:03",0.134579375680763
2021-05-08,"2021-05-08 12:30:03",0.134579375680763
2021-05-08,"2021-05-08 12:40:03",0.134579375680763
2021-05-08,"2021-05-08 12:50:03",0.134579375680763
2021-05-08,"2021-05-08 13:00:03",0.134579375680763
2021-05-08,"2021-05-08 13:10:02",0.13458421629771
2021-05-08,"2021-05-08 13:20:03",0.134589056914657
2021-05-08,"2021-05-08 13:30:03",0.134589056914657
2021-05-08,"2021-05-08 13:40:03",0.134589056914657
2021-05-08,"2021-05-08 13:50:03",0.134589056914657
2021-05-08,"2021-05-08 14:00:03",0.134589056914657
2021-05-08,"2021-05-08 14:10:03",0.134589056914657
2021-05-08,"2021-05-08 14:20:03",0.134589056914657
2021-05-08,"2021-05-08 14:30:03",0.134589056914657
2021-05-08,"2021-05-08 14:40:03",0.134589056914657
2021-05-08,"2021-05-08 14:50:03",0.134589056914657
2021-05-08,"2021-05-08 15:00:04",0.134589056914657
2021-05-08,"2021-05-08 15:10:03",0.134589056914657
2021-05-08,"2021-05-08 15:20:03",0.134589056914657
2021-05-08,"2021-05-08 15:30:03",0.134589056914657
2021-05-08,"2021-05-08 15:40:03",0.134589056914657
2021-05-08,"2021-05-08 15:50:03",0.134589056914657
2021-05-08,"2021-05-08 16:00:03",0.134589056914657
2021-05-08,"2021-05-08 16:10:03",0.134589056914657
2021-05-08,"2021-05-08 16:20:03",0.134589056914657
2021-05-08,"2021-05-08 16:30:03",0.134589056914657
2021-05-08,"2021-05-08 16:40:03",0.134589056914657
2021-05-08,"2021-05-08 16:50:03",0.134589056914657
2021-05-08,"2021-05-08 17:00:04",0.134589056914657
2021-05-08,"2021-05-08 17:10:03",0.134589056914657
2021-05-08,"2021-05-08 17:20:04",0.136565821592377
2021-05-08,"2021-05-08 17:30:03",0.136565821592377
2021-05-08,"2021-05-08 17:40:03",0.136565821592377
2021-05-08,"2021-05-08 17:50:03",0.136565821592377
2021-05-08,"2021-05-08 18:00:04",0.136565821592377
2021-05-08,"2021-05-08 18:10:03",0.136565821592377
2021-05-08,"2021-05-08 18:20:03",0.136565821592377
2021-05-08,"2021-05-08 18:30:03",0.136565821592377
2021-05-08,"2021-05-08 18:40:03",0.136565821592377
2021-05-08,"2021-05-08 18:50:03",0.136565821592377
2021-05-08,"2021-05-08 19:00:04",0.136565821592377
2021-05-08,"2021-05-08 19:10:03",0.136565821592377
2021-05-08,"2021-05-08 19:20:03",0.136565821592377
2021-05-08,"2021-05-08 19:30:03",0.136565821592377
2021-05-08,"2021-05-08 19:40:03",0.136565821592377
2021-05-08,"2021-05-08 19:50:03",0.138866306008561
2021-05-08,"2021-05-08 20:00:04",0.138866306008561
2021-05-08,"2021-05-08 20:10:03",0.138866306008561
2021-05-08,"2021-05-08 20:20:03",0.140576727145127
2021-05-08,"2021-05-08 20:30:03",0.140576727145127
2021-05-08,"2021-05-08 20:40:03",0.140576727145127
2021-05-08,"2021-05-08 20:50:03",0.140576727145127
2021-05-08,"2021-05-08 21:00:03",0.140576727145127
2021-05-08,"2021-05-08 21:10:03",0.1422856895704
2021-05-08,"2021-05-08 21:20:03",0.1422856895704
2021-05-08,"2021-05-08 21:30:03",0.1422856895704
2021-05-08,"2021-05-08 21:40:03",0.137643517393123
2021-05-08,"2021-05-08 21:50:03",0.137643517393123
2021-05-08,"2021-05-08 22:00:03",0.137643517393123
2021-05-08,"2021-05-08 22:10:03",0.137643517393123
2021-05-08,"2021-05-08 22:20:04",0.137643517393123
2021-05-08,"2021-05-08 22:30:03",0.137643517393123
2021-05-08,"2021-05-08 22:40:03",0.137643517393123
2021-05-08,"2021-05-08 22:50:03",0.137643517393123
2021-05-08,"2021-05-08 23:00:03",0.137643517393123
2021-05-08,"2021-05-08 23:10:03",0.137643517393123
2021-05-08,"2021-05-08 23:20:03",0.137643517393123
2021-05-08,"2021-05-08 23:30:03",0.137643517393123
2021-05-08,"2021-05-08 23:40:03",0.137643517393123
2021-05-08,"2021-05-08 23:50:03",0.137643517393123
2021-05-09,"2021-05-09 00:00:03",0.137643517393123
2021-05-09,"2021-05-09 00:10:03",0.137643517393123
2021-05-09,"2021-05-09 00:20:03",0.137643517393123
2021-05-09,"2021-05-09 00:30:03",0.137643517393123
2021-05-09,"2021-05-09 00:40:03",0.137643517393123
2021-05-09,"2021-05-09 00:50:03",0.137643517393123
2021-05-09,"2021-05-09 01:00:04",0.137643517393123
2021-05-09,"2021-05-09 01:10:03",0.137643517393123
2021-05-09,"2021-05-09 01:20:03",0.137643517393123
2021-05-09,"2021-05-09 01:30:03",0.137643517393123
2021-05-09,"2021-05-09 01:40:03",0.137643517393123
2021-05-09,"2021-05-09 01:50:04",0.137643517393123
2021-05-09,"2021-05-09 02:00:04",0.137643517393123
2021-05-09,"2021-05-09 02:10:03",0.137643517393123
2021-05-09,"2021-05-09 02:20:02",0.137643517393123
2021-05-09,"2021-05-09 02:30:03",0.137643517393123
2021-05-09,"2021-05-09 02:40:03",0.137643517393123
2021-05-09,"2021-05-09 02:50:03",0.137643517393123
2021-05-09,"2021-05-09 03:00:03",0.137658387922077
2021-05-09,"2021-05-09 03:10:03",0.137658387922077
2021-05-09,"2021-05-09 03:20:03",0.137658387922077
2021-05-09,"2021-05-09 03:30:04",0.137658387922077
2021-05-09,"2021-05-09 03:40:03",0.137658387922077
2021-05-09,"2021-05-09 03:50:03",0.137658387922077
2021-05-09,"2021-05-09 04:00:04",0.137658387922077
2021-05-09,"2021-05-09 04:10:03",0.140431362901809
2021-05-09,"2021-05-09 04:20:03",0.140431362901809
2021-05-09,"2021-05-09 04:30:03",0.140431362901809
2021-05-09,"2021-05-09 04:40:03",0.142808027320622
2021-05-09,"2021-05-09 04:50:03",0.142808027320622
2021-05-09,"2021-05-09 05:00:03",0.142808027320622
2021-05-09,"2021-05-09 05:09:30",0.142808027320622
2021-05-09,"2021-05-09 05:10:03",0.142808027320622
2021-05-09,"2021-05-09 05:20:03",0.142808027320622
2021-05-09,"2021-05-09 05:30:03",0.142808027320622
2021-05-09,"2021-05-09 05:40:03",0.142808027320622
2021-05-09,"2021-05-09 05:50:03",0.142808027320622
2021-05-09,"2021-05-09 06:00:04",0.142808027320622
2021-05-09,"2021-05-09 06:10:03",0.142808027320622
2021-05-09,"2021-05-09 06:20:03",0.142808027320622
2021-05-09,"2021-05-09 06:30:03",0.142808027320622
2021-05-09,"2021-05-09 06:40:03",0.142808027320622
2021-05-09,"2021-05-09 06:50:03",0.142808027320622
2021-05-09,"2021-05-09 07:00:03",0.142808027320622
2021-05-09,"2021-05-09 07:10:03",0.142808027320622
