"date_utc","date_time_utc","wxtz_price"
2021-05-01,"2021-05-01 18:14:27",0.7586503559558
2021-05-01,"2021-05-01 18:20:03",0.7586503559558
2021-05-01,"2021-05-01 18:30:03",0.7586503559558
2021-05-01,"2021-05-01 18:40:03",0.7586503559558
2021-05-01,"2021-05-01 18:50:03",0.7586503559558
2021-05-01,"2021-05-01 19:00:03",0.7586503559558
2021-05-01,"2021-05-01 19:10:02",0.758650542961243
2021-05-01,"2021-05-01 19:20:03",0.758650542961243
2021-05-01,"2021-05-01 19:30:03",0.758650542961243
2021-05-01,"2021-05-01 19:40:02",0.758650542961243
2021-05-01,"2021-05-01 19:50:02",0.758650542961243
2021-05-01,"2021-05-01 20:00:03",0.758650542961243
2021-05-01,"2021-05-01 20:10:03",0.758650542971078
2021-05-01,"2021-05-01 20:20:03",0.758650542971078
2021-05-01,"2021-05-01 20:30:03",0.758650542971078
2021-05-01,"2021-05-01 20:40:03",0.761770032150763
2021-05-01,"2021-05-01 20:50:02",0.761770032150763
2021-05-01,"2021-05-01 21:00:03",0.761770032150763
2021-05-01,"2021-05-01 21:10:02",0.761770032150763
2021-05-01,"2021-05-01 21:20:03",0.761770032150763
2021-05-01,"2021-05-01 21:30:03",0.761770032150763
2021-05-01,"2021-05-01 21:40:03",0.761770032150763
2021-05-01,"2021-05-01 21:50:03",0.761770032155496
2021-05-01,"2021-05-01 22:00:03",0.761770032155496
2021-05-01,"2021-05-01 22:10:03",0.761770032155496
2021-05-01,"2021-05-01 22:20:02",0.761770032155496
2021-05-01,"2021-05-01 22:30:03",0.761770032155496
2021-05-01,"2021-05-01 22:40:02",0.761770032155496
2021-05-01,"2021-05-01 22:50:02",0.761770032155496
2021-05-01,"2021-05-01 23:00:04",0.761770032155496
2021-05-01,"2021-05-01 23:10:03",0.761770032155496
2021-05-01,"2021-05-01 23:20:02",0.761770032155496
2021-05-01,"2021-05-01 23:30:03",0.761770032155496
2021-05-01,"2021-05-01 23:40:03",0.761770032155496
2021-05-01,"2021-05-01 23:50:03",0.761770032155496
2021-05-02,"2021-05-02 00:00:03",0.761770032155496
2021-05-02,"2021-05-02 00:10:03",0.761770032155496
2021-05-02,"2021-05-02 00:20:03",0.761413562328474
2021-05-02,"2021-05-02 00:30:03",0.761413562328474
2021-05-02,"2021-05-02 00:40:03",0.761413562328474
2021-05-02,"2021-05-02 00:50:03",0.761413562328474
2021-05-02,"2021-05-02 01:00:03",0.761413562328474
2021-05-02,"2021-05-02 01:10:02",0.761413562328474
2021-05-02,"2021-05-02 01:20:02",0.761413562328474
2021-05-02,"2021-05-02 01:30:03",0.761413562328474
2021-05-02,"2021-05-02 01:40:03",0.761413562328474
2021-05-02,"2021-05-02 01:50:03",0.761413562328474
2021-05-02,"2021-05-02 02:00:03",0.761413562328474
2021-05-02,"2021-05-02 02:10:03",0.761413562328474
2021-05-02,"2021-05-02 02:20:03",0.761413562328474
2021-05-02,"2021-05-02 02:30:03",0.761413562328474
2021-05-02,"2021-05-02 02:40:02",0.761413562328474
2021-05-02,"2021-05-02 02:50:03",0.761413562328474
2021-05-02,"2021-05-02 03:00:03",0.761413562328474
2021-05-02,"2021-05-02 03:10:02",0.761413562328474
2021-05-02,"2021-05-02 03:20:03",0.761413562328474
2021-05-02,"2021-05-02 03:30:02",0.761413562328474
2021-05-02,"2021-05-02 03:40:03",0.767806649514813
2021-05-02,"2021-05-02 03:50:03",0.767806649514813
2021-05-02,"2021-05-02 04:00:03",0.767806649514813
2021-05-02,"2021-05-02 04:10:03",0.767806649514813
2021-05-02,"2021-05-02 04:20:03",0.767806649514813
2021-05-02,"2021-05-02 04:30:03",0.767806649514813
2021-05-02,"2021-05-02 04:40:03",0.767806649514813
2021-05-02,"2021-05-02 04:50:03",0.767806649514813
2021-05-02,"2021-05-02 05:00:03",0.767806649514813
2021-05-02,"2021-05-02 05:10:03",0.767806649514813
2021-05-02,"2021-05-02 05:20:03",0.767806649514813
2021-05-02,"2021-05-02 05:30:03",0.767806649514813
2021-05-02,"2021-05-02 05:40:03",0.767806649514813
2021-05-02,"2021-05-02 05:50:03",0.767806649514813
2021-05-02,"2021-05-02 06:00:03",0.767806649514813
2021-05-02,"2021-05-02 06:10:02",0.767806649514813
2021-05-02,"2021-05-02 06:20:03",0.767806649514813
2021-05-02,"2021-05-02 06:30:03",0.767806649514813
2021-05-02,"2021-05-02 06:40:03",0.767806649514813
2021-05-02,"2021-05-02 06:50:03",0.764083971127616
2021-05-02,"2021-05-02 07:00:04",0.764083971127616
2021-05-02,"2021-05-02 07:10:03",0.764083971127616
2021-05-02,"2021-05-02 07:20:02",0.764083971127616
2021-05-02,"2021-05-02 07:30:02",0.764083971127616
2021-05-02,"2021-05-02 07:40:02",0.764083971127616
2021-05-02,"2021-05-02 07:50:03",0.764083971127616
2021-05-02,"2021-05-02 08:00:03",0.764083971127616
2021-05-02,"2021-05-02 08:10:02",0.764083971127616
2021-05-02,"2021-05-02 08:20:03",0.764083971127616
2021-05-02,"2021-05-02 08:30:03",0.764083971127616
2021-05-02,"2021-05-02 08:40:03",0.764083971127616
2021-05-02,"2021-05-02 08:50:02",0.764083971127616
2021-05-02,"2021-05-02 09:00:02",0.764083971127616
2021-05-02,"2021-05-02 09:10:02",0.764083971127616
2021-05-02,"2021-05-02 09:20:05",0.764083971127616
2021-05-02,"2021-05-02 09:30:02",0.764083971127616
2021-05-02,"2021-05-02 09:40:03",0.764083971127616
2021-05-02,"2021-05-02 09:50:02",0.764083971127616
2021-05-02,"2021-05-02 10:00:03",0.764083971127616
2021-05-02,"2021-05-02 10:10:02",0.764083971127616
2021-05-02,"2021-05-02 10:20:03",0.764083971127616
2021-05-02,"2021-05-02 10:30:03",0.764083971127616
2021-05-02,"2021-05-02 10:40:03",0.764083971127616
2021-05-02,"2021-05-02 10:50:03",0.764083971127616
2021-05-02,"2021-05-02 11:00:03",0.764083971127616
2021-05-02,"2021-05-02 11:10:03",0.764083971127616
2021-05-02,"2021-05-02 11:20:03",0.764083971127616
2021-05-02,"2021-05-02 11:30:03",0.764083971127616
2021-05-02,"2021-05-02 11:40:03",0.764083971127616
2021-05-02,"2021-05-02 11:50:02",0.764083971127616
2021-05-02,"2021-05-02 12:00:03",0.764083971127616
2021-05-02,"2021-05-02 12:10:02",0.764083971127616
2021-05-02,"2021-05-02 12:20:02",0.764083971127616
2021-05-02,"2021-05-02 12:30:03",0.764083971127616
2021-05-02,"2021-05-02 12:40:03",0.764083971127616
2021-05-02,"2021-05-02 12:50:03",0.764083971127616
2021-05-02,"2021-05-02 13:00:03",0.764083971127616
2021-05-02,"2021-05-02 13:10:03",0.764083971127616
2021-05-02,"2021-05-02 13:20:03",0.764083971127616
2021-05-02,"2021-05-02 13:30:02",0.764615048714965
2021-05-02,"2021-05-02 13:40:02",0.764615048714965
2021-05-02,"2021-05-02 13:50:02",0.765380749398178
2021-05-02,"2021-05-02 14:00:03",0.765380749398178
2021-05-02,"2021-05-02 14:10:02",0.766381424614901
2021-05-02,"2021-05-02 14:20:03",0.766381424614901
2021-05-02,"2021-05-02 14:30:03",0.766381424614901
2021-05-02,"2021-05-02 14:40:02",0.766381424614901
2021-05-02,"2021-05-02 14:50:02",0.766381424614901
2021-05-02,"2021-05-02 15:00:03",0.766381424614901
2021-05-02,"2021-05-02 15:10:02",0.766381424614901
2021-05-02,"2021-05-02 15:20:03",0.766381424614901
2021-05-02,"2021-05-02 15:30:02",0.766381424614901
2021-05-02,"2021-05-02 15:40:03",0.766381424614901
2021-05-02,"2021-05-02 15:50:03",0.766381424614901
2021-05-02,"2021-05-02 16:00:03",0.766001485159344
2021-05-02,"2021-05-02 16:10:02",0.766001485168372
2021-05-02,"2021-05-02 16:20:03",0.766001485168372
2021-05-02,"2021-05-02 16:30:03",0.766001485168372
2021-05-02,"2021-05-02 16:40:03",0.766001485168372
2021-05-02,"2021-05-02 16:50:03",0.766001485168372
2021-05-02,"2021-05-02 17:00:03",0.766001485168372
2021-05-02,"2021-05-02 17:10:02",0.766001485168372
2021-05-02,"2021-05-02 17:20:03",0.766001485168372
2021-05-02,"2021-05-02 17:30:02",0.766001485179974
2021-05-02,"2021-05-02 17:40:03",0.766001485179974
2021-05-02,"2021-05-02 17:50:02",0.766001485179974
2021-05-02,"2021-05-02 18:00:03",0.766001485179974
2021-05-02,"2021-05-02 18:10:03",0.766001485179974
2021-05-02,"2021-05-02 18:20:02",0.766001485179974
2021-05-02,"2021-05-02 18:30:08",0.766001485179974
2021-05-02,"2021-05-02 18:40:03",0.766001485179974
2021-05-02,"2021-05-02 18:50:04",0.766001485179974
2021-05-02,"2021-05-02 19:00:03",0.766001485179974
2021-05-02,"2021-05-02 19:10:03",0.766001485179974
2021-05-02,"2021-05-02 19:20:03",0.766001485179974
2021-05-02,"2021-05-02 19:30:02",0.766001485179974
2021-05-02,"2021-05-02 19:40:03",0.766001485179974
2021-05-02,"2021-05-02 19:50:02",0.766001485179974
2021-05-02,"2021-05-02 20:00:03",0.769129124170134
2021-05-02,"2021-05-02 20:10:03",0.769129124170134
2021-05-02,"2021-05-02 20:20:02",0.769129124170134
2021-05-02,"2021-05-02 20:30:03",0.768648727780102
2021-05-02,"2021-05-02 20:40:02",0.768648727780102
2021-05-02,"2021-05-02 20:50:03",0.766460271486214
2021-05-02,"2021-05-02 21:00:02",0.765982374222302
2021-05-02,"2021-05-02 21:10:03",0.765982374222302
2021-05-02,"2021-05-02 21:20:02",0.765982374222302
2021-05-02,"2021-05-02 21:30:03",0.765982374222302
2021-05-02,"2021-05-02 21:40:02",0.765982374222302
2021-05-02,"2021-05-02 21:50:02",0.765982374222302
2021-05-02,"2021-05-02 22:00:03",0.765982374222302
2021-05-02,"2021-05-02 22:10:03",0.766046910604571
2021-05-02,"2021-05-02 22:20:03",0.766046910604571
2021-05-02,"2021-05-02 22:30:03",0.766046910604571
2021-05-02,"2021-05-02 22:40:02",0.765982567831523
2021-05-02,"2021-05-02 22:50:02",0.765982567831523
2021-05-02,"2021-05-02 23:00:03",0.765982567831523
2021-05-02,"2021-05-02 23:10:03",0.765982567831523
2021-05-02,"2021-05-02 23:20:03",0.765982567831523
2021-05-02,"2021-05-02 23:30:02",0.765982567831523
2021-05-02,"2021-05-02 23:40:02",0.765982567831523
2021-05-02,"2021-05-02 23:50:03",0.765982567831523
2021-05-03,"2021-05-03 00:00:03",0.765982567831523
2021-05-03,"2021-05-03 00:10:03",0.765982567831523
2021-05-03,"2021-05-03 00:20:02",0.765982567831523
2021-05-03,"2021-05-03 00:30:03",0.765982567831523
2021-05-03,"2021-05-03 00:40:03",0.765982567831523
2021-05-03,"2021-05-03 00:50:03",0.765982567831523
2021-05-03,"2021-05-03 01:00:03",0.765982567831523
2021-05-03,"2021-05-03 01:10:03",0.765982567831523
2021-05-03,"2021-05-03 01:20:03",0.765982567831523
2021-05-03,"2021-05-03 01:30:03",0.765982567831523
2021-05-03,"2021-05-03 01:40:03",0.765982567831523
2021-05-03,"2021-05-03 01:50:02",0.765982567831523
2021-05-03,"2021-05-03 02:00:04",0.765982567831523
2021-05-03,"2021-05-03 02:10:02",0.765982567831523
2021-05-03,"2021-05-03 02:20:02",0.765982567831523
2021-05-03,"2021-05-03 02:30:03",0.765982567831523
2021-05-03,"2021-05-03 02:40:03",0.765982567831523
2021-05-03,"2021-05-03 02:50:02",0.765982567831523
2021-05-03,"2021-05-03 03:00:03",0.765982567831523
2021-05-03,"2021-05-03 03:10:03",0.765982567831523
2021-05-03,"2021-05-03 03:20:03",0.765982567831523
2021-05-03,"2021-05-03 03:30:03",0.765982567831523
2021-05-03,"2021-05-03 03:40:03",0.765982567831523
2021-05-03,"2021-05-03 03:50:03",0.765982567831523
2021-05-03,"2021-05-03 04:00:03",0.769138012550205
2021-05-03,"2021-05-03 04:10:02",0.769138012550205
2021-05-03,"2021-05-03 04:20:02",0.769138012550205
2021-05-03,"2021-05-03 04:30:03",0.769138012550205
2021-05-03,"2021-05-03 04:40:03",0.769138012550205
2021-05-03,"2021-05-03 04:50:03",0.775386768888992
2021-05-03,"2021-05-03 05:00:03",0.784660804169928
2021-05-03,"2021-05-03 05:10:02",0.784660804169928
2021-05-03,"2021-05-03 05:20:03",0.784660804169928
2021-05-03,"2021-05-03 05:30:02",0.784660804169928
2021-05-03,"2021-05-03 05:40:02",0.786183254299819
2021-05-03,"2021-05-03 05:50:02",0.786183254299819
2021-05-03,"2021-05-03 06:00:03",0.786183254299819
2021-05-03,"2021-05-03 06:10:02",0.786183254299819
2021-05-03,"2021-05-03 06:20:03",0.786183254299819
2021-05-03,"2021-05-03 06:30:02",0.786183254299819
2021-05-03,"2021-05-03 06:40:02",0.779702576455511
2021-05-03,"2021-05-03 06:50:02",0.779702576455511
2021-05-03,"2021-05-03 07:00:03",0.779702576455511
2021-05-03,"2021-05-03 07:10:02",0.778846828760269
2021-05-03,"2021-05-03 07:20:02",0.778846828760269
2021-05-03,"2021-05-03 07:30:03",0.778846828760269
2021-05-03,"2021-05-03 07:40:03",0.778846828760269
2021-05-03,"2021-05-03 07:50:02",0.778846828760269
2021-05-03,"2021-05-03 08:00:03",0.778846828760269
2021-05-03,"2021-05-03 08:10:03",0.778846828760269
2021-05-03,"2021-05-03 08:20:03",0.778846828760269
2021-05-03,"2021-05-03 08:30:03",0.778846828760269
2021-05-03,"2021-05-03 08:40:03",0.778846828760269
2021-05-03,"2021-05-03 08:50:03",0.778846828760269
2021-05-03,"2021-05-03 09:00:03",0.778846828760269
2021-05-03,"2021-05-03 09:10:03",0.778846828760269
2021-05-03,"2021-05-03 09:20:02",0.778846828760269
2021-05-03,"2021-05-03 09:30:02",0.778226106144574
2021-05-03,"2021-05-03 09:40:02",0.778226106144574
2021-05-03,"2021-05-03 09:50:03",0.778226106144574
2021-05-03,"2021-05-03 10:00:04",0.778226106144574
2021-05-03,"2021-05-03 10:10:03",0.778226106144574
2021-05-03,"2021-05-03 10:20:02",0.778226106144574
2021-05-03,"2021-05-03 10:30:02",0.778226106144574
2021-05-03,"2021-05-03 10:40:03",0.778226106144574
2021-05-03,"2021-05-03 10:50:03",0.778226106144574
2021-05-03,"2021-05-03 11:00:03",0.778226106144574
2021-05-03,"2021-05-03 11:10:03",0.778226106144574
2021-05-03,"2021-05-03 11:20:03",0.778226106144574
2021-05-03,"2021-05-03 11:30:03",0.778226106144574
2021-05-03,"2021-05-03 11:40:03",0.778226106144574
2021-05-03,"2021-05-03 11:50:02",0.778226106144574
2021-05-03,"2021-05-03 12:00:03",0.778226106144574
2021-05-03,"2021-05-03 12:10:02",0.778226106144574
2021-05-03,"2021-05-03 12:20:02",0.778226106144574
2021-05-03,"2021-05-03 12:30:02",0.778226106144574
2021-05-03,"2021-05-03 12:40:02",0.778226106144574
2021-05-03,"2021-05-03 12:50:02",0.778226106144574
2021-05-03,"2021-05-03 13:00:03",0.778226106144574
2021-05-03,"2021-05-03 13:10:02",0.778226106144574
2021-05-03,"2021-05-03 13:20:03",0.778226106144574
2021-05-03,"2021-05-03 13:30:02",0.778226106144574
2021-05-03,"2021-05-03 13:40:02",0.778226106154085
2021-05-03,"2021-05-03 13:50:02",0.778226106154085
2021-05-03,"2021-05-03 14:00:03",0.778226106154085
2021-05-03,"2021-05-03 14:10:03",0.778226106154085
2021-05-03,"2021-05-03 14:20:03",0.778226106154085
2021-05-03,"2021-05-03 14:30:02",0.778226106154085
2021-05-03,"2021-05-03 14:40:03",0.778277537491926
2021-05-03,"2021-05-03 14:50:03",0.778219383290171
2021-05-03,"2021-05-03 15:00:03",0.778219383290171
2021-05-03,"2021-05-03 15:10:02",0.778219383290171
2021-05-03,"2021-05-03 15:20:02",0.778219383290171
2021-05-03,"2021-05-03 15:30:02",0.778219383290171
2021-05-03,"2021-05-03 15:40:02",0.778219383290171
2021-05-03,"2021-05-03 15:50:03",0.778219383288095
2021-05-03,"2021-05-03 16:00:04",0.778219383288095
2021-05-03,"2021-05-03 16:10:03",0.778219383288095
2021-05-03,"2021-05-03 16:20:02",0.78599266560129
2021-05-03,"2021-05-03 16:30:02",0.78599266560129
2021-05-03,"2021-05-03 16:40:02",0.78599266560129
2021-05-03,"2021-05-03 16:50:02",0.78599266560129
2021-05-03,"2021-05-03 17:00:03",0.78599266560129
2021-05-03,"2021-05-03 17:10:02",0.78599266560129
2021-05-03,"2021-05-03 17:20:02",0.78599266560129
2021-05-03,"2021-05-03 17:30:03",0.78599266560129
2021-05-03,"2021-05-03 17:40:03",0.785965949365285
2021-05-03,"2021-05-03 17:50:02",0.785965949365285
2021-05-03,"2021-05-03 18:00:03",0.785966228503372
2021-05-03,"2021-05-03 18:10:02",0.785966228503372
2021-05-03,"2021-05-03 18:20:03",0.785966228503372
2021-05-03,"2021-05-03 18:30:03",0.785966228503372
2021-05-03,"2021-05-03 18:40:03",0.785966228503372
2021-05-03,"2021-05-03 18:50:03",0.785966228503372
2021-05-03,"2021-05-03 19:00:03",0.785966228503372
2021-05-03,"2021-05-03 19:10:03",0.785966228503372
2021-05-03,"2021-05-03 19:20:02",0.785966228497501
2021-05-03,"2021-05-03 19:30:03",0.785966228491585
2021-05-03,"2021-05-03 19:40:03",0.785966228491585
2021-05-03,"2021-05-03 19:50:03",0.785966228501391
2021-05-03,"2021-05-03 20:00:03",0.785966228501391
2021-05-03,"2021-05-03 20:10:02",0.785966228501391
2021-05-03,"2021-05-03 20:20:03",0.785966228501391
2021-05-03,"2021-05-03 20:30:03",0.785966228501391
2021-05-03,"2021-05-03 20:40:02",0.785966228501391
2021-05-03,"2021-05-03 20:50:03",0.785966228501391
2021-05-03,"2021-05-03 21:00:02",0.78596935239172
2021-05-03,"2021-05-03 21:10:02",0.78596935239172
2021-05-03,"2021-05-03 21:20:02",0.78596935239172
2021-05-03,"2021-05-03 21:30:03",0.78596935239172
2021-05-03,"2021-05-03 21:40:03",0.78596935239172
2021-05-03,"2021-05-03 21:50:02",0.78596935239172
2021-05-03,"2021-05-03 22:00:04",0.785972476294447
2021-05-03,"2021-05-03 22:10:03",0.785972788674336
2021-05-03,"2021-05-03 22:20:03",0.785973725814747
2021-05-03,"2021-05-03 22:30:03",0.785973725814747
2021-05-03,"2021-05-03 22:40:03",0.785973725814747
2021-05-03,"2021-05-03 22:50:02",0.785973725814747
2021-05-03,"2021-05-03 23:00:03",0.785973725814747
2021-05-03,"2021-05-03 23:10:03",0.785973725814747
2021-05-03,"2021-05-03 23:20:02",0.785973725814747
2021-05-03,"2021-05-03 23:30:02",0.785973725814747
2021-05-03,"2021-05-03 23:40:02",0.785973725814747
2021-05-03,"2021-05-03 23:50:02",0.785973725814747
2021-05-04,"2021-05-04 00:00:03",0.785973725814747
2021-05-04,"2021-05-04 00:10:02",0.785973757047862
2021-05-04,"2021-05-04 00:20:02",0.785973757047862
2021-05-04,"2021-05-04 00:30:03",0.785973757047862
2021-05-04,"2021-05-04 00:40:03",0.785973757047862
2021-05-04,"2021-05-04 00:50:03",0.785973757047862
2021-05-04,"2021-05-04 01:00:02",0.785973757047862
2021-05-04,"2021-05-04 01:10:02",0.785973757047862
2021-05-04,"2021-05-04 01:20:03",0.785973757047862
2021-05-04,"2021-05-04 01:30:03",0.785973757047862
2021-05-04,"2021-05-04 01:40:03",0.785973757047862
2021-05-04,"2021-05-04 01:50:02",0.785973757047862
2021-05-04,"2021-05-04 02:00:04",0.785973757047862
2021-05-04,"2021-05-04 02:10:02",0.785973757047862
2021-05-04,"2021-05-04 02:20:02",0.785973757047862
2021-05-04,"2021-05-04 02:30:02",0.785973757047862
2021-05-04,"2021-05-04 02:40:03",0.785973757047862
2021-05-04,"2021-05-04 02:50:03",0.785973757047862
2021-05-04,"2021-05-04 03:00:03",0.78526344861046
2021-05-04,"2021-05-04 03:10:03",0.78526344861046
2021-05-04,"2021-05-04 03:20:02",0.78526344861046
2021-05-04,"2021-05-04 03:30:02",0.78526344861046
2021-05-04,"2021-05-04 03:40:02",0.78526351104481
2021-05-04,"2021-05-04 03:50:03",0.785263542261986
2021-05-04,"2021-05-04 04:00:03",0.785263542261986
2021-05-04,"2021-05-04 04:10:03",0.785263542261986
2021-05-04,"2021-05-04 04:20:03",0.785263542261986
2021-05-04,"2021-05-04 04:30:03",0.785263542261986
2021-05-04,"2021-05-04 04:40:03",0.785263542261986
2021-05-04,"2021-05-04 04:50:03",0.785263542261986
2021-05-04,"2021-05-04 05:00:03",0.785263542261986
2021-05-04,"2021-05-04 05:10:03",0.785263542261986
2021-05-04,"2021-05-04 05:20:03",0.785263542273501
2021-05-04,"2021-05-04 05:30:03",0.785263542273501
2021-05-04,"2021-05-04 05:40:02",0.785263542273501
2021-05-04,"2021-05-04 05:50:02",0.785263542273501
2021-05-04,"2021-05-04 06:00:03",0.785263542273501
2021-05-04,"2021-05-04 06:10:03",0.785263542273501
2021-05-04,"2021-05-04 06:20:03",0.785263542273501
2021-05-04,"2021-05-04 06:30:03",0.78545838194512
2021-05-04,"2021-05-04 06:40:03",0.78545838194512
2021-05-04,"2021-05-04 06:50:02",0.784085626983993
2021-05-04,"2021-05-04 07:00:03",0.784085626983993
2021-05-04,"2021-05-04 07:10:03",0.784085626983993
2021-05-04,"2021-05-04 07:20:02",0.784085626983993
2021-05-04,"2021-05-04 07:30:02",0.784085626983993
2021-05-04,"2021-05-04 07:40:03",0.784085626983993
2021-05-04,"2021-05-04 07:50:03",0.784085626983993
2021-05-04,"2021-05-04 08:00:10",0.784085626983993
2021-05-04,"2021-05-04 08:10:02",0.784085626983993
2021-05-04,"2021-05-04 08:20:02",0.784085626983993
2021-05-04,"2021-05-04 08:30:03",0.784085626983993
2021-05-04,"2021-05-04 08:40:02",0.784085626983993
2021-05-04,"2021-05-04 08:50:03",0.784085626983993
2021-05-04,"2021-05-04 09:00:03",0.784085626983993
2021-05-04,"2021-05-04 09:10:03",0.784085626983993
2021-05-04,"2021-05-04 09:20:02",0.784085626983993
2021-05-04,"2021-05-04 09:30:03",0.784085626983993
2021-05-04,"2021-05-04 09:40:02",0.784085626983993
2021-05-04,"2021-05-04 09:50:02",0.784085626983993
2021-05-04,"2021-05-04 10:00:03",0.784085626983993
2021-05-04,"2021-05-04 10:10:02",0.784085626983993
2021-05-04,"2021-05-04 10:20:03",0.784085626983993
2021-05-04,"2021-05-04 10:30:03",0.784085626983993
2021-05-04,"2021-05-04 10:40:03",0.784085626983993
2021-05-04,"2021-05-04 10:50:03",0.784085626983993
2021-05-04,"2021-05-04 11:00:03",0.784085626983993
2021-05-04,"2021-05-04 11:10:03",0.784085626983993
2021-05-04,"2021-05-04 11:20:02",0.784085626983993
2021-05-04,"2021-05-04 11:30:02",0.784085626983993
2021-05-04,"2021-05-04 11:40:02",0.784085626983993
2021-05-04,"2021-05-04 11:50:03",0.784085626983993
2021-05-04,"2021-05-04 12:00:03",0.784085626987838
2021-05-04,"2021-05-04 12:10:03",0.784085626987838
2021-05-04,"2021-05-04 12:20:03",0.784085626987838
2021-05-04,"2021-05-04 12:30:03",0.784085626987838
2021-05-04,"2021-05-04 12:40:02",0.784085626987838
2021-05-04,"2021-05-04 12:50:03",0.784085626987838
2021-05-04,"2021-05-04 13:00:03",0.784085626987838
2021-05-04,"2021-05-04 13:10:02",0.784085626987838
2021-05-04,"2021-05-04 13:20:03",0.784085626987838
2021-05-04,"2021-05-04 13:30:02",0.784085626987838
2021-05-04,"2021-05-04 13:40:03",0.784085626987838
2021-05-04,"2021-05-04 13:50:03",0.784085626987838
2021-05-04,"2021-05-04 14:00:03",0.784085626987838
2021-05-04,"2021-05-04 14:10:03",0.783593174918113
2021-05-04,"2021-05-04 14:20:02",0.783593174918113
2021-05-04,"2021-05-04 14:30:03",0.783593174918113
2021-05-04,"2021-05-04 14:40:03",0.783593174918113
2021-05-04,"2021-05-04 14:50:03",0.783593174918113
2021-05-04,"2021-05-04 15:00:03",0.783593174918113
2021-05-04,"2021-05-04 15:10:03",0.783593174918113
2021-05-04,"2021-05-04 15:20:02",0.783593174918113
2021-05-04,"2021-05-04 15:30:03",0.783593174918113
2021-05-04,"2021-05-04 15:40:02",0.783593174918113
2021-05-04,"2021-05-04 15:50:03",0.783593174918113
2021-05-04,"2021-05-04 16:00:03",0.783593174918113
2021-05-04,"2021-05-04 16:10:02",0.783593174918113
2021-05-04,"2021-05-04 16:20:03",0.783593174918113
2021-05-04,"2021-05-04 16:30:03",0.783593174918113
2021-05-04,"2021-05-04 16:40:03",0.770570403372274
2021-05-04,"2021-05-04 16:50:02",0.771592500617942
2021-05-04,"2021-05-04 17:00:03",0.771592500617942
2021-05-04,"2021-05-04 17:10:02",0.771592500617942
2021-05-04,"2021-05-04 17:20:02",0.771592500617942
2021-05-04,"2021-05-04 17:30:02",0.771592500617942
2021-05-04,"2021-05-04 17:40:03",0.771592500617942
2021-05-04,"2021-05-04 17:50:02",0.771592500617942
2021-05-04,"2021-05-04 18:00:03",0.771592500617942
2021-05-04,"2021-05-04 18:10:03",0.771592500617942
2021-05-04,"2021-05-04 18:20:03",0.771592500617942
2021-05-04,"2021-05-04 18:30:03",0.771592500617942
2021-05-04,"2021-05-04 18:40:03",0.771592500617942
2021-05-04,"2021-05-04 18:50:02",0.771592500617942
2021-05-04,"2021-05-04 19:00:03",0.771592500617942
2021-05-04,"2021-05-04 19:10:02",0.771401877168205
2021-05-04,"2021-05-04 19:20:03",0.771401877168205
2021-05-04,"2021-05-04 19:30:03",0.771401877168205
2021-05-04,"2021-05-04 19:40:03",0.771401877168205
2021-05-04,"2021-05-04 19:50:03",0.771401877168205
2021-05-04,"2021-05-04 20:00:03",0.771401877168205
2021-05-04,"2021-05-04 20:10:03",0.771401877168205
2021-05-04,"2021-05-04 20:20:02",0.771401877168205
2021-05-04,"2021-05-04 20:30:03",0.771401877168205
2021-05-04,"2021-05-04 20:40:03",0.771401877168205
2021-05-04,"2021-05-04 20:50:02",0.771401877168205
2021-05-04,"2021-05-04 21:00:03",0.771401877168205
2021-05-04,"2021-05-04 21:10:03",0.771401877168205
2021-05-04,"2021-05-04 21:20:03",0.771401877168205
2021-05-04,"2021-05-04 21:30:03",0.771401877168205
2021-05-04,"2021-05-04 21:40:03",0.771401877168205
2021-05-04,"2021-05-04 21:50:03",0.771401877168205
2021-05-04,"2021-05-04 22:00:03",0.771401877168205
2021-05-04,"2021-05-04 22:10:03",0.771401877168205
2021-05-04,"2021-05-04 22:20:03",0.771401877168205
2021-05-04,"2021-05-04 22:30:03",0.771401877168205
2021-05-04,"2021-05-04 22:40:03",0.771401877168205
2021-05-04,"2021-05-04 22:50:03",0.771401877168205
2021-05-04,"2021-05-04 23:00:03",0.771401877168205
2021-05-04,"2021-05-04 23:10:03",0.771401877168205
2021-05-04,"2021-05-04 23:20:02",0.771401877168205
2021-05-04,"2021-05-04 23:30:03",0.771401877168205
2021-05-04,"2021-05-04 23:40:03",0.771401877168205
2021-05-04,"2021-05-04 23:50:03",0.771401877168205
2021-05-05,"2021-05-05 00:00:03",0.771401877168205
2021-05-05,"2021-05-05 00:10:03",0.771401877168205
2021-05-05,"2021-05-05 00:20:02",0.771401877168205
2021-05-05,"2021-05-05 00:30:02",0.771401877168205
2021-05-05,"2021-05-05 00:40:04",0.771401877168205
2021-05-05,"2021-05-05 00:50:03",0.771401877168205
2021-05-05,"2021-05-05 01:00:03",0.771401877168205
2021-05-05,"2021-05-05 01:10:02",0.771401877168205
2021-05-05,"2021-05-05 01:20:02",0.771401877168205
2021-05-05,"2021-05-05 01:30:02",0.771401877168205
2021-05-05,"2021-05-05 01:40:03",0.771401877168205
2021-05-05,"2021-05-05 01:50:03",0.771401877168205
2021-05-05,"2021-05-05 02:00:03",0.771401877168205
2021-05-05,"2021-05-05 02:10:03",0.771401877168205
2021-05-05,"2021-05-05 02:20:03",0.771401877168205
2021-05-05,"2021-05-05 02:30:03",0.771401877168205
2021-05-05,"2021-05-05 02:40:03",0.771401877168205
2021-05-05,"2021-05-05 02:50:03",0.771401877168205
2021-05-05,"2021-05-05 03:00:03",0.771401877168205
2021-05-05,"2021-05-05 03:10:02",0.771401877168205
2021-05-05,"2021-05-05 03:20:02",0.771401877168205
2021-05-05,"2021-05-05 03:30:03",0.771401877168205
2021-05-05,"2021-05-05 03:40:02",0.771401877168205
2021-05-05,"2021-05-05 03:50:02",0.771401877168205
2021-05-05,"2021-05-05 04:00:03",0.771401877168205
2021-05-05,"2021-05-05 04:10:02",0.771401877168205
2021-05-05,"2021-05-05 04:20:02",0.771401877168205
2021-05-05,"2021-05-05 04:30:03",0.771401877168205
2021-05-05,"2021-05-05 04:40:03",0.771401877168205
2021-05-05,"2021-05-05 04:50:03",0.771401877168205
2021-05-05,"2021-05-05 05:00:03",0.771401877168205
2021-05-05,"2021-05-05 05:10:02",0.771401877168205
2021-05-05,"2021-05-05 05:20:03",0.771401877168205
2021-05-05,"2021-05-05 05:30:02",0.771401877184402
2021-05-05,"2021-05-05 05:40:03",0.771401877184402
2021-05-05,"2021-05-05 05:50:03",0.771401877184402
2021-05-05,"2021-05-05 06:00:03",0.771401969909338
2021-05-05,"2021-05-05 06:10:03",0.771401969909338
2021-05-05,"2021-05-05 06:20:02",0.771401969909338
2021-05-05,"2021-05-05 06:30:02",0.771401969909338
2021-05-05,"2021-05-05 06:40:02",0.771401969909338
2021-05-05,"2021-05-05 06:50:03",0.771401969909338
2021-05-05,"2021-05-05 07:00:03",0.771401969909338
2021-05-05,"2021-05-05 07:10:03",0.771401969909338
2021-05-05,"2021-05-05 07:20:03",0.771942796486755
2021-05-05,"2021-05-05 07:30:03",0.771942796486755
2021-05-05,"2021-05-05 07:40:03",0.771942796486755
2021-05-05,"2021-05-05 07:50:07",0.771942796486484
2021-05-05,"2021-05-05 08:00:03",0.74203999153377
2021-05-05,"2021-05-05 08:10:02",0.74203999153377
2021-05-05,"2021-05-05 08:20:03",0.748142285934308
2021-05-05,"2021-05-05 08:30:03",0.748142285934308
2021-05-05,"2021-05-05 08:40:03",0.748142285934308
2021-05-05,"2021-05-05 08:50:02",0.748142285934308
2021-05-05,"2021-05-05 09:00:02",0.748142285934308
2021-05-05,"2021-05-05 09:10:03",0.748142285934308
2021-05-05,"2021-05-05 09:20:03",0.748142285934308
2021-05-05,"2021-05-05 09:30:03",0.748142285934308
2021-05-05,"2021-05-05 09:40:03",0.748142285937319
2021-05-05,"2021-05-05 09:50:03",0.748142285937319
2021-05-05,"2021-05-05 10:00:03",0.748142285937319
2021-05-05,"2021-05-05 10:10:02",0.748142285937319
2021-05-05,"2021-05-05 10:20:03",0.748142285937319
2021-05-05,"2021-05-05 10:30:03",0.748142285937319
2021-05-05,"2021-05-05 10:40:03",0.748142285937319
2021-05-05,"2021-05-05 10:50:03",0.748142285937319
2021-05-05,"2021-05-05 11:00:04",0.748142285937319
2021-05-05,"2021-05-05 11:10:03",0.747372528631585
2021-05-05,"2021-05-05 11:20:02",0.747372528631585
2021-05-05,"2021-05-05 11:30:02",0.747372528631585
2021-05-05,"2021-05-05 11:40:03",0.747372528631585
2021-05-05,"2021-05-05 11:50:03",0.747372528631585
2021-05-05,"2021-05-05 12:00:04",0.747372528631585
2021-05-05,"2021-05-05 12:10:02",0.747372528631585
2021-05-05,"2021-05-05 12:20:03",0.747489328711
2021-05-05,"2021-05-05 12:30:03",0.747489328711
2021-05-05,"2021-05-05 12:40:03",0.747489328711
2021-05-05,"2021-05-05 12:50:02",0.747489328711
2021-05-05,"2021-05-05 13:00:03",0.747489328711
2021-05-05,"2021-05-05 13:10:02",0.747175110676884
2021-05-05,"2021-05-05 13:20:03",0.747175110676884
2021-05-05,"2021-05-05 13:30:02",0.747175110676884
2021-05-05,"2021-05-05 13:40:03",0.747175110676884
2021-05-05,"2021-05-05 13:50:03",0.747175110676884
2021-05-05,"2021-05-05 14:00:03",0.747175110676884
2021-05-05,"2021-05-05 14:10:03",0.747175110676884
2021-05-05,"2021-05-05 14:20:03",0.747175110676884
2021-05-05,"2021-05-05 14:30:03",0.747175110676884
2021-05-05,"2021-05-05 14:40:02",0.747175110676884
2021-05-05,"2021-05-05 14:50:03",0.747175110676884
2021-05-05,"2021-05-05 15:00:03",0.747175110676884
2021-05-05,"2021-05-05 15:10:03",0.747175110676884
2021-05-05,"2021-05-05 15:20:02",0.747175110676884
2021-05-05,"2021-05-05 15:30:03",0.747175110676884
2021-05-05,"2021-05-05 15:40:02",0.747175110676884
2021-05-05,"2021-05-05 15:50:03",0.747175110676884
2021-05-05,"2021-05-05 16:00:03",0.747175110676884
2021-05-05,"2021-05-05 16:10:02",0.747175110676884
2021-05-05,"2021-05-05 16:20:03",0.747175110676884
2021-05-05,"2021-05-05 16:30:02",0.747175110676884
2021-05-05,"2021-05-05 16:40:03",0.747175110676884
2021-05-05,"2021-05-05 16:50:03",0.747175110676884
2021-05-05,"2021-05-05 17:00:03",0.747175110676884
2021-05-05,"2021-05-05 17:10:02",0.747175110676884
2021-05-05,"2021-05-05 17:20:02",0.747175110676884
2021-05-05,"2021-05-05 17:30:03",0.747175110676884
2021-05-05,"2021-05-05 17:40:02",0.747175110676884
2021-05-05,"2021-05-05 17:50:02",0.747175110676884
2021-05-05,"2021-05-05 18:00:03",0.747175110676884
2021-05-05,"2021-05-05 18:10:03",0.747175110676884
2021-05-05,"2021-05-05 18:20:03",0.747175110676884
2021-05-05,"2021-05-05 18:30:02",0.747175110676884
2021-05-05,"2021-05-05 18:40:03",0.747175110676884
2021-05-05,"2021-05-05 18:50:03",0.747175110676884
2021-05-05,"2021-05-05 19:00:03",0.747175110676884
2021-05-05,"2021-05-05 19:10:03",0.747175110676884
2021-05-05,"2021-05-05 19:20:03",0.747175110676884
2021-05-05,"2021-05-05 19:30:03",0.747175110676884
2021-05-05,"2021-05-05 19:40:03",0.747175110676884
2021-05-05,"2021-05-05 19:50:03",0.747175110676884
2021-05-05,"2021-05-05 20:00:04",0.747175110676884
2021-05-05,"2021-05-05 20:10:03",0.747175110676884
2021-05-05,"2021-05-05 20:20:03",0.747175110676884
2021-05-05,"2021-05-05 20:30:03",0.747175110676884
2021-05-05,"2021-05-05 20:40:02",0.747175110676884
2021-05-05,"2021-05-05 20:50:03",0.747175110676884
2021-05-05,"2021-05-05 21:00:02",0.747175110676884
2021-05-05,"2021-05-05 21:10:03",0.747175110676884
2021-05-05,"2021-05-05 21:20:02",0.747175110676884
2021-05-05,"2021-05-05 21:30:02",0.747175110676884
2021-05-05,"2021-05-05 21:40:02",0.747175110676884
2021-05-05,"2021-05-05 21:50:02",0.747175110676884
2021-05-05,"2021-05-05 22:00:04",0.748733654000907
2021-05-05,"2021-05-05 22:10:03",0.748733654000907
2021-05-05,"2021-05-05 22:20:02",0.748733654000907
2021-05-05,"2021-05-05 22:30:02",0.748733654000907
2021-05-05,"2021-05-05 22:40:03",0.748733654000907
2021-05-05,"2021-05-05 22:50:03",0.748733654000907
2021-05-05,"2021-05-05 23:00:03",0.748733654000907
2021-05-05,"2021-05-05 23:10:02",0.748733654000907
2021-05-05,"2021-05-05 23:20:03",0.748733654000907
2021-05-05,"2021-05-05 23:30:03",0.748733654000907
2021-05-05,"2021-05-05 23:40:03",0.748733654000907
2021-05-05,"2021-05-05 23:50:02",0.748733654000907
2021-05-06,"2021-05-06 00:00:03",0.748733654000907
2021-05-06,"2021-05-06 00:10:03",0.748733654000907
2021-05-06,"2021-05-06 00:20:02",0.748733654000907
2021-05-06,"2021-05-06 00:30:03",0.748757379594644
2021-05-06,"2021-05-06 00:40:03",0.748757379594644
2021-05-06,"2021-05-06 00:50:03",0.748757379594644
2021-05-06,"2021-05-06 01:00:03",0.748757379594644
2021-05-06,"2021-05-06 01:10:02",0.748757379594644
2021-05-06,"2021-05-06 01:20:02",0.748757379594644
2021-05-06,"2021-05-06 01:30:03",0.748757379594644
2021-05-06,"2021-05-06 01:40:03",0.748757379594644
2021-05-06,"2021-05-06 01:50:03",0.748913325425788
2021-05-06,"2021-05-06 02:00:03",0.748913325425788
2021-05-06,"2021-05-06 02:10:03",0.748913325425788
2021-05-06,"2021-05-06 02:20:03",0.748913325425788
2021-05-06,"2021-05-06 02:30:03",0.748913325425788
2021-05-06,"2021-05-06 02:40:03",0.748913325425788
2021-05-06,"2021-05-06 02:50:03",0.748913325425788
2021-05-06,"2021-05-06 03:00:04",0.748913325425788
2021-05-06,"2021-05-06 03:10:03",0.748913325425788
2021-05-06,"2021-05-06 03:20:03",0.748913325425788
2021-05-06,"2021-05-06 03:30:02",0.748913325425788
2021-05-06,"2021-05-06 03:40:02",0.748913325425788
2021-05-06,"2021-05-06 03:50:03",0.748913325425788
2021-05-06,"2021-05-06 04:00:03",0.748913325425788
2021-05-06,"2021-05-06 04:10:03",0.748913325425788
2021-05-06,"2021-05-06 04:20:03",0.748913325425788
2021-05-06,"2021-05-06 04:30:03",0.748913325425788
2021-05-06,"2021-05-06 04:40:03",0.748913325425788
2021-05-06,"2021-05-06 04:50:02",0.748913325425788
2021-05-06,"2021-05-06 05:00:03",0.748913325425788
2021-05-06,"2021-05-06 05:10:03",0.748913325425788
2021-05-06,"2021-05-06 05:20:02",0.748913325425788
2021-05-06,"2021-05-06 05:30:03",0.748913325425788
2021-05-06,"2021-05-06 05:40:03",0.748913325425788
2021-05-06,"2021-05-06 05:50:02",0.748913325425788
2021-05-06,"2021-05-06 06:00:03",0.748913325425788
2021-05-06,"2021-05-06 06:10:03",0.748913325425788
2021-05-06,"2021-05-06 06:20:02",0.748913325425788
2021-05-06,"2021-05-06 06:30:03",0.748913325425788
2021-05-06,"2021-05-06 06:40:03",0.748913325425788
2021-05-06,"2021-05-06 06:50:02",0.748913325425788
2021-05-06,"2021-05-06 07:00:03",0.748913325425788
2021-05-06,"2021-05-06 07:10:02",0.748913325425788
2021-05-06,"2021-05-06 07:20:02",0.748913325425788
2021-05-06,"2021-05-06 07:30:03",0.748913325425788
2021-05-06,"2021-05-06 07:40:02",0.751049912786151
2021-05-06,"2021-05-06 07:50:03",0.751049912786151
2021-05-06,"2021-05-06 08:00:03",0.751049912786151
2021-05-06,"2021-05-06 08:10:02",0.751049912786151
2021-05-06,"2021-05-06 08:20:02",0.751049912786151
2021-05-06,"2021-05-06 08:30:03",0.751783962876092
2021-05-06,"2021-05-06 08:40:03",0.751783962876092
2021-05-06,"2021-05-06 08:50:02",0.751783962876092
2021-05-06,"2021-05-06 09:00:03",0.751783962876092
2021-05-06,"2021-05-06 09:10:03",0.751783962876092
2021-05-06,"2021-05-06 09:20:02",0.751783962876092
2021-05-06,"2021-05-06 09:30:02",0.751783962876092
2021-05-06,"2021-05-06 09:40:02",0.751783962876092
2021-05-06,"2021-05-06 09:50:03",0.751783962876092
2021-05-06,"2021-05-06 10:00:03",0.751783962876092
2021-05-06,"2021-05-06 10:10:02",0.751783962876092
2021-05-06,"2021-05-06 10:20:03",0.75415963350521
2021-05-06,"2021-05-06 10:30:03",0.754152563704099
2021-05-06,"2021-05-06 10:40:03",0.754152563704099
2021-05-06,"2021-05-06 10:50:03",0.754152563704099
2021-05-06,"2021-05-06 11:00:04",0.754152563704099
2021-05-06,"2021-05-06 11:10:03",0.754152563704099
2021-05-06,"2021-05-06 11:20:02",0.754152563704099
2021-05-06,"2021-05-06 11:30:02",0.754152563704099
2021-05-06,"2021-05-06 11:40:02",0.754152563704099
2021-05-06,"2021-05-06 11:50:03",0.754152563704099
2021-05-06,"2021-05-06 12:00:03",0.754152563704099
2021-05-06,"2021-05-06 12:10:03",0.754152563704099
2021-05-06,"2021-05-06 12:20:02",0.754152563704099
2021-05-06,"2021-05-06 12:30:03",0.754152563704099
2021-05-06,"2021-05-06 12:40:02",0.754152563704099
2021-05-06,"2021-05-06 12:50:02",0.754152563704099
2021-05-06,"2021-05-06 13:00:04",0.754152563704099
2021-05-06,"2021-05-06 13:10:03",0.754152563704099
2021-05-06,"2021-05-06 13:20:03",0.754152563704099
2021-05-06,"2021-05-06 13:30:03",0.754152563704099
2021-05-06,"2021-05-06 13:40:03",0.754152563704099
2021-05-06,"2021-05-06 13:50:03",0.754152563704099
2021-05-06,"2021-05-06 14:00:03",0.754152563704099
2021-05-06,"2021-05-06 14:10:02",0.754152563704099
2021-05-06,"2021-05-06 14:20:03",0.754152563710381
2021-05-06,"2021-05-06 14:30:02",0.754152563710381
2021-05-06,"2021-05-06 14:40:03",0.754152563723734
2021-05-06,"2021-05-06 14:50:02",0.754817785337968
2021-05-06,"2021-05-06 15:00:03",0.754817785341809
2021-05-06,"2021-05-06 15:10:02",0.754154558099423
2021-05-06,"2021-05-06 15:20:02",0.754154558099423
2021-05-06,"2021-05-06 15:30:02",0.754154558099423
2021-05-06,"2021-05-06 15:40:02",0.754154558099423
2021-05-06,"2021-05-06 15:50:03",0.754154558099423
2021-05-06,"2021-05-06 16:00:04",0.754154558099423
2021-05-06,"2021-05-06 16:10:02",0.754154558099423
2021-05-06,"2021-05-06 16:20:03",0.754154558099423
2021-05-06,"2021-05-06 16:30:02",0.754154558099423
2021-05-06,"2021-05-06 16:40:03",0.754154558099423
2021-05-06,"2021-05-06 16:50:03",0.754154558099423
2021-05-06,"2021-05-06 17:00:03",0.754154558099423
2021-05-06,"2021-05-06 17:10:02",0.754154558099423
2021-05-06,"2021-05-06 17:20:03",0.759150868307721
2021-05-06,"2021-05-06 17:30:03",0.759150868307721
2021-05-06,"2021-05-06 17:40:03",0.759150868307721
2021-05-06,"2021-05-06 17:50:03",0.759150868307721
2021-05-06,"2021-05-06 18:00:04",0.759150868307721
2021-05-06,"2021-05-06 18:10:03",0.759150868307721
2021-05-06,"2021-05-06 18:20:03",0.759150868312196
2021-05-06,"2021-05-06 18:30:03",0.755337525159387
2021-05-06,"2021-05-06 18:40:03",0.755337525159387
2021-05-06,"2021-05-06 18:50:02",0.755337525159387
2021-05-06,"2021-05-06 19:00:03",0.755337525159387
2021-05-06,"2021-05-06 19:10:03",0.755337525159387
2021-05-06,"2021-05-06 19:20:02",0.755337525159387
2021-05-06,"2021-05-06 19:30:02",0.753912586822986
2021-05-06,"2021-05-06 19:40:03",0.751350825798808
2021-05-06,"2021-05-06 19:50:03",0.751350825798808
2021-05-06,"2021-05-06 20:00:03",0.751350825798808
2021-05-06,"2021-05-06 20:10:03",0.751350825798808
2021-05-06,"2021-05-06 20:20:02",0.751350825798808
2021-05-06,"2021-05-06 20:30:03",0.746350779244816
2021-05-06,"2021-05-06 20:40:02",0.746350779244816
2021-05-06,"2021-05-06 20:50:02",0.746350779244816
2021-05-06,"2021-05-06 21:00:04",0.746350779244816
2021-05-06,"2021-05-06 21:10:03",0.745675511417273
2021-05-06,"2021-05-06 21:20:03",0.745675511417273
2021-05-06,"2021-05-06 21:30:03",0.747342138915377
2021-05-06,"2021-05-06 21:40:03",0.747342138915377
2021-05-06,"2021-05-06 21:50:02",0.747342138915377
2021-05-06,"2021-05-06 22:00:03",0.747342138915377
2021-05-06,"2021-05-06 22:10:02",0.747342138915377
2021-05-06,"2021-05-06 22:20:02",0.747342138915377
2021-05-06,"2021-05-06 22:30:02",0.747342138915377
2021-05-06,"2021-05-06 22:40:02",0.747342138915377
2021-05-06,"2021-05-06 22:50:03",0.747342138915377
2021-05-06,"2021-05-06 23:00:03",0.747342172265716
2021-05-06,"2021-05-06 23:10:03",0.747342172265716
2021-05-06,"2021-05-06 23:20:03",0.747342172265716
2021-05-06,"2021-05-06 23:30:03",0.747342172265716
2021-05-06,"2021-05-06 23:40:03",0.747889434340472
2021-05-06,"2021-05-06 23:50:02",0.747343813233325
2021-05-07,"2021-05-07 00:00:04",0.747343813233325
2021-05-07,"2021-05-07 00:10:02",0.747343813233325
2021-05-07,"2021-05-07 00:20:03",0.747343813233325
2021-05-07,"2021-05-07 00:30:03",0.747343813233325
2021-05-07,"2021-05-07 00:40:03",0.747343813233325
2021-05-07,"2021-05-07 00:50:02",0.747343813233325
2021-05-07,"2021-05-07 01:00:03",0.747343813233325
2021-05-07,"2021-05-07 01:10:03",0.747343813233325
2021-05-07,"2021-05-07 01:20:03",0.747343813233325
2021-05-07,"2021-05-07 01:30:03",0.747343813233325
2021-05-07,"2021-05-07 01:40:02",0.747343813233325
2021-05-07,"2021-05-07 01:50:02",0.747343813233325
2021-05-07,"2021-05-07 02:00:03",0.747343813233325
2021-05-07,"2021-05-07 02:10:11",0.747343813233325
2021-05-07,"2021-05-07 02:20:03",0.747343813233325
2021-05-07,"2021-05-07 02:30:03",0.747343813233325
2021-05-07,"2021-05-07 02:40:02",0.747343813233325
2021-05-07,"2021-05-07 02:50:03",0.747343813233325
2021-05-07,"2021-05-07 03:00:04",0.747343813233325
2021-05-07,"2021-05-07 03:10:03",0.747343846583701
2021-05-07,"2021-05-07 03:20:03",0.747343846583701
2021-05-07,"2021-05-07 03:30:03",0.747343846583701
2021-05-07,"2021-05-07 03:40:02",0.747343846583701
2021-05-07,"2021-05-07 03:50:03",0.747343846583701
2021-05-07,"2021-05-07 04:00:03",0.747343846583701
2021-05-07,"2021-05-07 04:10:03",0.747343846583701
2021-05-07,"2021-05-07 04:20:02",0.747343846583701
2021-05-07,"2021-05-07 04:30:03",0.747343846583701
2021-05-07,"2021-05-07 04:40:03",0.747343846583701
2021-05-07,"2021-05-07 04:50:03",0.747343846583701
2021-05-07,"2021-05-07 05:00:03",0.747343846583701
2021-05-07,"2021-05-07 05:10:03",0.747343846583701
2021-05-07,"2021-05-07 05:20:03",0.747343846583701
2021-05-07,"2021-05-07 05:30:03",0.771401877168205
2021-05-07,"2021-05-07 05:40:02",0.747343846583701
2021-05-07,"2021-05-07 05:50:02",0.747343846583701
2021-05-07,"2021-05-07 06:00:04",0.747343846583701
2021-05-07,"2021-05-07 06:10:03",0.747343846583701
2021-05-07,"2021-05-07 06:20:03",0.747343846583701
2021-05-07,"2021-05-07 06:30:02",0.747343846583701
2021-05-07,"2021-05-07 06:40:03",0.747343846583701
2021-05-07,"2021-05-07 06:50:03",0.747343846583701
2021-05-07,"2021-05-07 07:00:03",0.747343846583701
2021-05-07,"2021-05-07 07:10:02",0.747343846583701
2021-05-07,"2021-05-07 07:20:03",0.747343846583701
2021-05-07,"2021-05-07 07:30:03",0.747343846583701
2021-05-07,"2021-05-07 07:40:03",0.747343846583701
2021-05-07,"2021-05-07 07:50:03",0.747343846583701
2021-05-07,"2021-05-07 08:00:03",0.747343846583701
2021-05-07,"2021-05-07 08:10:03",0.747343846583701
2021-05-07,"2021-05-07 08:20:02",0.747343846583701
2021-05-07,"2021-05-07 08:30:03",0.747343846583701
2021-05-07,"2021-05-07 08:40:02",0.747343846583701
2021-05-07,"2021-05-07 08:50:03",0.747343846583701
2021-05-07,"2021-05-07 09:00:03",0.747343846583701
2021-05-07,"2021-05-07 09:10:03",0.747343846583701
2021-05-07,"2021-05-07 09:20:02",0.747343846583701
2021-05-07,"2021-05-07 09:30:03",0.747343846580204
2021-05-07,"2021-05-07 09:40:02",0.747343846580204
2021-05-07,"2021-05-07 09:50:02",0.747343846580204
2021-05-07,"2021-05-07 10:00:03",0.747343846580204
